datetime,zone_id,pickup_count,dropoff_count,temperature,rain,day_of_week,hour_of_day,traffic_level,event_flag
2024-01-01 00:00:00,Zone_07,5.0,1,29.3,0,0,0,low,0
2024-01-01 01:00:00,Zone_20,,22,26.1,0,0,1,high,0
2024-01-01 02:00:00,Zone_15,1.0,1,27.0,0,0,2,low,0
2024-01-01 03:00:00,Zone_11,9.0,9,10.6,1,0,3,medium,0
2024-01-01 04:00:00,Zone_08,7.0,5,7.5,0,0,4,medium,0
2024-01-01 05:00:00,Zone_07,77.0,70,31.5,0,0,5,medium,1
2024-01-01 06:00:00,Zone_19,22.0,19,6.2,1,0,6,medium,0
2024-01-01 07:00:00,Zone_11,94.0,100,20.8,0,0,7,medium,0
2024-01-01 08:00:00,Zone_11,63.0,66,19.1,1,0,8,low,0
2024-01-01 09:00:00,Zone_04,81.0,90,18.3,1,0,9,medium,0
2024-01-01 10:00:00,Zone_08,147.0,152,24.5,0,0,10,medium,1
2024-01-01 11:00:00,Zone_03,134.0,143,16.6,1,0,11,low,1
2024-01-01 12:00:00,Zone_02,20.0,11,25.2,1,0,12,low,0
2024-01-01 13:00:00,Zone_12,21.0,18,23.1,0,0,13,low,0
2024-01-01 14:00:00,Zone_06,29.0,33,38.8,0,0,14,medium,0
2024-01-01 15:00:00,Zone_02,51.0,44,10.9,0,0,15,,0
2024-01-01 16:00:00,Zone_01,20.0,24,22.2,0,0,16,low,0
2024-01-01 17:00:00,Zone_12,116.0,106,25.5,0,0,17,,0
2024-01-01 18:00:00,Zone_12,173.0,175,19.9,1,0,18,medium,1
2024-01-01 19:00:00,Zone_17,103.0,99,11.3,0,0,19,low,0
2024-01-01 20:00:00,Zone_10,50.0,55,32.1,0,0,20,high,0
2024-01-01 21:00:00,Zone_16,30.0,23,24.7,1,0,21,medium,0
2024-01-01 22:00:00,Zone_15,124.0,116,11.9,0,0,22,high,1
2024-01-01 23:00:00,Zone_15,21.0,22,25.5,1,0,23,low,0
2024-01-02 00:00:00,Zone_19,1.0,8,35.6,0,1,0,low,0
2024-01-02 01:00:00,Zone_12,108.0,111,21.7,1,1,1,low,1
2024-01-02 02:00:00,Zone_20,9.0,1,22.0,0,1,2,low,0
2024-01-02 03:00:00,Zone_03,16.0,12,34.5,0,1,3,high,0
2024-01-02 04:00:00,Zone_05,7.0,15,14.2,0,1,4,low,0
2024-01-02 05:00:00,Zone_19,4.0,1,35.8,0,1,5,medium,0
2024-01-02 06:00:00,Zone_07,18.0,22,29.8,1,1,6,low,0
2024-01-02 07:00:00,Zone_09,110.0,118,14.6,1,1,7,high,0
2024-01-02 08:00:00,Zone_07,100.0,98,16.7,0,1,8,high,0
2024-01-02 09:00:00,Zone_18,118.0,125,17.8,0,1,9,medium,0
2024-01-02 10:00:00,Zone_04,22.0,12,7.3,1,1,10,low,0
2024-01-02 11:00:00,Zone_14,31.0,27,24.1,1,1,11,medium,0
2024-01-02 12:00:00,Zone_18,24.0,28,15.0,1,1,12,low,0
2024-01-02 13:00:00,Zone_09,92.0,88,24.4,0,1,13,low,1
2024-01-02 14:00:00,Zone_02,20.0,18,11.7,0,1,14,medium,0
2024-01-02 15:00:00,Zone_20,37.0,42,29.4,0,1,15,high,0
2024-01-02 16:00:00,Zone_15,,47,27.9,0,1,16,high,0
2024-01-02 17:00:00,Zone_07,79.0,80,16.4,0,1,17,medium,0
2024-01-02 18:00:00,Zone_12,100.0,107,24.9,1,1,18,medium,0
2024-01-02 19:00:00,Zone_08,96.0,101,22.7,1,1,19,high,0
2024-01-02 20:00:00,Zone_15,31.0,25,33.9,0,1,20,medium,0
2024-01-02 21:00:00,Zone_03,32.0,23,13.7,0,1,21,medium,0
2024-01-02 22:00:00,Zone_14,36.0,41,20.8,0,1,22,high,0
2024-01-02 23:00:00,Zone_17,22.0,17,16.9,0,1,23,low,0
2024-01-03 00:00:00,Zone_04,6.0,3,22.4,0,2,0,low,0
2024-01-03 01:00:00,Zone_18,18.0,26,26.3,1,2,1,medium,0
2024-01-03 02:00:00,Zone_08,1.0,1,16.8,0,2,2,low,0
2024-01-03 03:00:00,Zone_04,18.0,12,19.1,0,2,3,medium,0
2024-01-03 04:00:00,Zone_02,1.0,9,29.7,1,2,4,medium,0
2024-01-03 05:00:00,Zone_06,14.0,10,32.9,0,2,5,medium,0
2024-01-03 06:00:00,Zone_10,42.0,41,25.9,0,2,6,high,0
2024-01-03 07:00:00,Zone_04,157.0,162,20.9,0,2,7,low,1
2024-01-03 08:00:00,Zone_18,72.0,74,20.1,1,2,8,medium,0
2024-01-03 09:00:00,Zone_12,74.0,70,26.4,0,2,9,low,0
2024-01-03 10:00:00,Zone_02,30.0,24,23.8,1,2,10,medium,0
2024-01-03 11:00:00,Zone_10,41.0,48,8.8,0,2,11,medium,0
2024-01-03 12:00:00,Zone_04,29.0,28,26.6,0,2,12,medium,0
2024-01-03 13:00:00,Zone_14,16.0,13,15.1,0,2,13,low,0
2024-01-03 14:00:00,Zone_16,31.0,24,10.7,0,2,14,medium,0
2024-01-03 15:00:00,Zone_15,24.0,14,8.7,0,2,15,medium,0
2024-01-03 16:00:00,Zone_08,33.0,35,20.3,0,2,16,low,0
2024-01-03 17:00:00,Zone_14,91.0,90,13.9,1,2,17,medium,0
2024-01-03 18:00:00,Zone_08,76.0,77,3.4,0,2,18,medium,0
2024-01-03 19:00:00,Zone_16,130.0,139,19.1,1,2,19,,0
2024-01-03 20:00:00,Zone_13,133.0,124,18.1,0,2,20,high,1
2024-01-03 21:00:00,Zone_18,20.0,15,20.8,0,2,21,medium,0
2024-01-03 22:00:00,Zone_15,44.0,43,17.0,0,2,22,high,0
2024-01-03 23:00:00,Zone_13,30.0,29,36.6,0,2,23,medium,0
2024-01-04 00:00:00,Zone_09,17.0,9,26.1,0,3,0,high,0
2024-01-04 01:00:00,Zone_15,2.0,1,18.0,0,3,1,low,0
2024-01-04 02:00:00,Zone_13,14.0,18,21.5,0,3,2,medium,0
2024-01-04 03:00:00,Zone_01,4.0,5,33.3,0,3,3,medium,0
2024-01-04 04:00:00,Zone_07,6.0,4,29.7,1,3,4,medium,0
2024-01-04 05:00:00,Zone_09,11.0,4,10.8,0,3,5,low,0
2024-01-04 06:00:00,Zone_01,37.0,32,14.2,0,3,6,low,0
2024-01-04 07:00:00,Zone_12,70.0,77,15.7,0,3,7,low,0
2024-01-04 08:00:00,Zone_08,88.0,83,18.5,1,3,8,low,0
2024-01-04 09:00:00,Zone_11,82.0,72,17.2,1,3,9,low,0
2024-01-04 10:00:00,Zone_19,27.0,28,22.3,1,3,10,medium,0
2024-01-04 11:00:00,Zone_17,56.0,48,27.9,0,3,11,high,0
2024-01-04 12:00:00,Zone_08,28.0,29,29.2,0,3,12,medium,0
2024-01-04 13:00:00,Zone_03,45.0,37,19.4,0,3,13,high,0
2024-01-04 14:00:00,Zone_03,107.0,106,8.9,0,3,14,high,1
2024-01-04 15:00:00,Zone_01,31.0,26,13.7,1,3,15,medium,0
2024-01-04 16:00:00,Zone_05,12.0,18,17.8,0,3,16,low,0
2024-01-04 17:00:00,Zone_10,98.0,88,12.0,0,3,17,low,0
2024-01-04 18:00:00,Zone_07,94.0,85,31.1,0,3,18,high,0
2024-01-04 19:00:00,Zone_09,178.0,186,,1,3,19,low,1
2024-01-04 20:00:00,Zone_07,33.0,42,26.9,1,3,20,medium,0
2024-01-04 21:00:00,Zone_09,24.0,19,8.5,0,3,21,medium,0
2024-01-04 22:00:00,Zone_08,49.0,48,27.3,1,3,22,high,0
2024-01-04 23:00:00,Zone_12,35.0,34,20.9,0,3,23,medium,0
2024-01-05 00:00:00,Zone_02,25.0,32,34.1,1,4,0,high,0
2024-01-05 01:00:00,Zone_01,1.0,1,12.9,0,4,1,low,0
2024-01-05 02:00:00,Zone_16,2.0,11,17.5,0,4,2,,0
2024-01-05 03:00:00,Zone_05,1.0,1,19.0,1,4,3,medium,0
2024-01-05 04:00:00,Zone_03,27.0,26,20.8,0,4,4,high,0
2024-01-05 05:00:00,Zone_12,12.0,2,19.2,1,4,5,medium,0
2024-01-05 06:00:00,Zone_08,31.0,35,19.4,0,4,6,high,0
2024-01-05 07:00:00,Zone_03,119.0,118,19.3,0,4,7,high,0
2024-01-05 08:00:00,Zone_01,111.0,103,5.4,0,4,8,high,0
2024-01-05 09:00:00,Zone_03,98.0,96,29.9,1,4,9,medium,0
2024-01-05 10:00:00,Zone_05,26.0,28,44.9,1,4,10,medium,0
2024-01-05 11:00:00,Zone_15,89.0,84,24.4,0,4,11,low,1
2024-01-05 12:00:00,Zone_14,40.0,48,12.9,1,4,12,high,0
2024-01-05 13:00:00,Zone_03,40.0,31,13.7,1,4,13,high,0
2024-01-05 14:00:00,Zone_01,21.0,22,26.9,0,4,14,medium,0
2024-01-05 15:00:00,Zone_05,100.0,100,25.1,0,4,15,low,1
2024-01-05 16:00:00,Zone_14,29.0,31,19.7,0,4,16,low,0
2024-01-05 17:00:00,Zone_07,95.0,87,28.0,0,4,17,high,0
2024-01-05 18:00:00,Zone_09,107.0,113,5.5,0,4,18,low,0
2024-01-05 19:00:00,Zone_15,130.0,128,28.0,0,4,19,high,0
2024-01-05 20:00:00,Zone_15,23.0,27,23.9,0,4,20,medium,0
2024-01-05 21:00:00,Zone_10,31.0,35,14.0,0,4,21,medium,0
2024-01-05 22:00:00,Zone_13,134.0,127,10.5,0,4,22,high,1
2024-01-05 23:00:00,Zone_19,127.0,130,23.0,1,4,23,low,1
2024-01-06 00:00:00,Zone_07,2.0,5,33.3,0,5,0,medium,0
2024-01-06 01:00:00,Zone_17,23.0,26,20.2,1,5,1,high,0
2024-01-06 02:00:00,Zone_20,,20,15.2,0,5,2,,0
2024-01-06 03:00:00,Zone_04,17.0,9,23.5,1,5,3,high,0
2024-01-06 04:00:00,Zone_05,28.0,23,36.6,0,5,4,high,0
2024-01-06 05:00:00,Zone_07,16.0,13,25.5,0,5,5,low,0
2024-01-06 06:00:00,Zone_13,18.0,26,26.3,0,5,6,low,0
2024-01-06 07:00:00,Zone_15,115.0,106,31.8,0,5,7,medium,0
2024-01-06 08:00:00,Zone_11,89.0,83,25.8,0,5,8,medium,0
2024-01-06 09:00:00,Zone_04,85.0,83,15.8,1,5,9,medium,0
2024-01-06 10:00:00,Zone_13,136.0,136,8.0,0,5,10,high,1
2024-01-06 11:00:00,Zone_07,20.0,25,,0,5,11,low,0
2024-01-06 12:00:00,Zone_19,28.0,37,13.2,0,5,12,medium,0
2024-01-06 13:00:00,Zone_02,30.0,21,27.3,0,5,13,low,0
2024-01-06 14:00:00,Zone_10,36.0,32,28.4,0,5,14,low,0
2024-01-06 15:00:00,Zone_13,,29,23.4,0,5,15,medium,0
2024-01-06 16:00:00,Zone_06,52.0,42,11.9,0,5,16,high,0
2024-01-06 17:00:00,Zone_12,85.0,78,36.3,0,5,17,low,0
2024-01-06 18:00:00,Zone_12,107.0,105,18.7,0,5,18,medium,0
2024-01-06 19:00:00,Zone_20,105.0,109,26.8,0,5,19,medium,0
2024-01-06 20:00:00,Zone_11,94.0,101,22.4,1,5,20,low,1
2024-01-06 21:00:00,Zone_07,22.0,21,23.7,0,5,21,medium,0
2024-01-06 22:00:00,Zone_01,99.0,99,26.5,0,5,22,high,0
2024-01-06 23:00:00,Zone_01,63.0,69,16.4,0,5,23,medium,0
2024-01-07 00:00:00,Zone_20,9.0,16,32.4,0,6,0,low,0
2024-01-07 01:00:00,Zone_13,1.0,2,9.4,1,6,1,medium,0
2024-01-07 02:00:00,Zone_09,103.0,105,13.7,0,6,2,,1
2024-01-07 03:00:00,Zone_03,84.0,91,32.3,0,6,3,low,1
2024-01-07 04:00:00,Zone_07,4.0,10,26.7,0,6,4,low,0
2024-01-07 05:00:00,Zone_06,1.0,1,42.3,0,6,5,low,0
2024-01-07 06:00:00,Zone_08,22.0,26,22.5,0,6,6,low,0
2024-01-07 07:00:00,Zone_09,78.0,87,35.6,0,6,7,low,0
2024-01-07 08:00:00,Zone_05,181.0,178,7.1,0,6,8,medium,1
2024-01-07 09:00:00,Zone_01,96.0,96,10.7,1,6,9,medium,0
2024-01-07 10:00:00,Zone_19,53.0,60,29.2,1,6,10,high,0
2024-01-07 11:00:00,Zone_10,38.0,31,8.1,0,6,11,medium,0
2024-01-07 12:00:00,Zone_12,50.0,58,20.4,0,6,12,high,0
2024-01-07 13:00:00,Zone_15,31.0,22,31.3,0,6,13,medium,0
2024-01-07 14:00:00,Zone_09,130.0,139,26.0,1,6,14,low,1
2024-01-07 15:00:00,Zone_20,36.0,28,22.1,0,6,15,medium,0
2024-01-07 16:00:00,Zone_17,47.0,52,18.4,1,6,16,high,0
2024-01-07 17:00:00,Zone_17,70.0,60,23.6,0,6,17,low,0
2024-01-07 18:00:00,Zone_20,79.0,85,26.6,0,6,18,low,0
2024-01-07 19:00:00,Zone_12,108.0,109,16.7,0,6,19,low,0
2024-01-07 20:00:00,Zone_07,20.0,28,25.0,0,6,20,medium,0
2024-01-07 21:00:00,Zone_02,23.0,22,30.6,0,6,21,low,0
2024-01-07 22:00:00,Zone_03,161.0,170,,0,6,22,low,1
2024-01-07 23:00:00,Zone_17,48.0,50,22.5,0,6,23,low,0
2024-01-08 00:00:00,Zone_05,90.0,93,25.9,1,0,0,medium,1
2024-01-08 01:00:00,Zone_17,,93,26.4,0,0,1,medium,1
2024-01-08 02:00:00,Zone_17,97.0,87,29.0,1,0,2,medium,1
2024-01-08 03:00:00,Zone_17,,10,13.9,0,0,3,medium,0
2024-01-08 04:00:00,Zone_02,8.0,1,17.8,1,0,4,medium,0
2024-01-08 05:00:00,Zone_02,4.0,7,18.1,1,0,5,low,0
2024-01-08 06:00:00,Zone_05,25.0,31,14.8,0,0,6,medium,0
2024-01-08 07:00:00,Zone_01,197.0,200,7.6,0,0,7,low,1
2024-01-08 08:00:00,Zone_01,,90,0.0,0,0,8,medium,0
2024-01-08 09:00:00,Zone_19,72.0,73,31.6,0,0,9,medium,0
2024-01-08 10:00:00,Zone_02,16.0,19,9.6,0,0,10,low,0
2024-01-08 11:00:00,Zone_12,28.0,19,34.5,0,0,11,low,0
2024-01-08 12:00:00,Zone_06,118.0,113,27.9,0,0,12,low,1
2024-01-08 13:00:00,Zone_04,102.0,103,18.8,0,0,13,low,1
2024-01-08 14:00:00,Zone_11,22.0,15,26.9,0,0,14,low,0
2024-01-08 15:00:00,Zone_17,119.0,112,25.4,0,0,15,high,1
2024-01-08 16:00:00,Zone_06,44.0,49,13.2,0,0,16,medium,0
2024-01-08 17:00:00,Zone_05,87.0,96,21.9,1,0,17,medium,0
2024-01-08 18:00:00,Zone_20,91.0,96,14.2,0,0,18,medium,0
2024-01-08 19:00:00,Zone_02,98.0,95,27.2,0,0,19,medium,0
2024-01-08 20:00:00,Zone_06,128.0,120,16.3,1,0,20,high,1
2024-01-08 21:00:00,Zone_11,42.0,39,21.2,0,0,21,high,0
2024-01-08 22:00:00,Zone_16,155.0,157,20.9,1,0,22,high,1
2024-01-08 23:00:00,Zone_16,40.0,36,23.0,0,0,23,high,0
2024-01-09 00:00:00,Zone_01,1.0,1,35.3,0,1,0,low,0
2024-01-09 01:00:00,Zone_09,3.0,1,20.1,0,1,1,medium,0
2024-01-09 02:00:00,Zone_06,28.0,31,31.7,1,1,2,high,0
2024-01-09 03:00:00,Zone_16,10.0,4,25.8,0,1,3,medium,0
2024-01-09 04:00:00,Zone_03,18.0,11,33.3,0,1,4,high,0
2024-01-09 05:00:00,Zone_20,1.0,7,19.3,1,1,5,low,0
2024-01-09 06:00:00,Zone_04,29.0,38,27.6,0,1,6,medium,0
2024-01-09 07:00:00,Zone_19,93.0,83,21.5,0,1,7,high,0
2024-01-09 08:00:00,Zone_03,85.0,90,0.0,1,1,8,medium,0
2024-01-09 09:00:00,Zone_19,99.0,99,13.3,0,1,9,medium,0
2024-01-09 10:00:00,Zone_20,106.0,106,26.7,1,1,10,low,1
2024-01-09 11:00:00,Zone_07,28.0,34,26.1,1,1,11,medium,0
2024-01-09 12:00:00,Zone_20,50.0,43,11.6,0,1,12,high,0
2024-01-09 13:00:00,Zone_09,32.0,37,23.8,0,1,13,medium,0
2024-01-09 14:00:00,Zone_01,140.0,141,26.0,0,1,14,low,1
2024-01-09 15:00:00,Zone_08,27.0,21,21.7,0,1,15,low,0
2024-01-09 16:00:00,Zone_07,49.0,51,27.8,0,1,16,high,0
2024-01-09 17:00:00,Zone_18,104.0,106,26.7,0,1,17,medium,0
2024-01-09 18:00:00,Zone_08,100.0,92,21.7,0,1,18,low,0
2024-01-09 19:00:00,Zone_01,99.0,97,17.9,0,1,19,low,0
2024-01-09 20:00:00,Zone_11,34.0,41,30.3,0,1,20,high,0
2024-01-09 21:00:00,Zone_18,48.0,55,25.7,0,1,21,high,0
2024-01-09 22:00:00,Zone_10,22.0,26,10.9,1,1,22,low,0
2024-01-09 23:00:00,Zone_03,141.0,145,23.8,0,1,23,low,1
2024-01-10 00:00:00,Zone_07,18.0,14,12.8,0,2,0,high,0
2024-01-10 01:00:00,Zone_16,6.0,4,14.3,0,2,1,medium,0
2024-01-10 02:00:00,Zone_16,29.0,34,16.8,0,2,2,high,0
2024-01-10 03:00:00,Zone_20,23.0,14,22.4,0,2,3,medium,0
2024-01-10 04:00:00,Zone_17,8.0,17,25.0,0,2,4,medium,0
2024-01-10 05:00:00,Zone_02,10.0,12,18.7,0,2,5,medium,0
2024-01-10 06:00:00,Zone_01,55.0,48,19.1,0,2,6,high,0
2024-01-10 07:00:00,Zone_16,88.0,91,18.0,1,2,7,medium,0
2024-01-10 08:00:00,Zone_12,203.0,201,30.4,1,2,8,low,1
2024-01-10 09:00:00,Zone_05,61.0,64,0.0,0,2,9,low,0
2024-01-10 10:00:00,Zone_05,47.0,47,19.5,0,2,10,high,0
2024-01-10 11:00:00,Zone_09,142.0,151,34.4,0,2,11,medium,1
2024-01-10 12:00:00,Zone_09,34.0,36,26.1,0,2,12,medium,0
2024-01-10 13:00:00,Zone_03,26.0,32,32.1,0,2,13,medium,0
2024-01-10 14:00:00,Zone_19,37.0,31,5.7,0,2,14,low,0
2024-01-10 15:00:00,Zone_16,16.0,9,12.1,0,2,15,low,0
2024-01-10 16:00:00,Zone_16,16.0,18,26.1,0,2,16,low,0
2024-01-10 17:00:00,Zone_03,103.0,104,34.4,0,2,17,medium,0
2024-01-10 18:00:00,Zone_20,213.0,205,12.9,0,2,18,medium,1
2024-01-10 19:00:00,Zone_01,118.0,111,18.9,1,2,19,high,0
2024-01-10 20:00:00,Zone_20,45.0,51,25.2,1,2,20,high,0
2024-01-10 21:00:00,Zone_11,120.0,127,10.4,0,2,21,medium,1
2024-01-10 22:00:00,Zone_17,31.0,35,26.2,1,2,22,medium,0
2024-01-10 23:00:00,Zone_08,8.0,4,0.6,0,2,23,low,0
2024-01-11 00:00:00,Zone_04,1.0,1,25.9,0,3,0,low,0
2024-01-11 01:00:00,Zone_06,6.0,9,,0,3,1,low,0
2024-01-11 02:00:00,Zone_08,14.0,13,,0,3,2,medium,0
2024-01-11 03:00:00,Zone_20,1.0,1,27.2,1,3,3,low,0
2024-01-11 04:00:00,Zone_03,6.0,14,25.6,0,3,4,low,0
2024-01-11 05:00:00,Zone_16,10.0,12,21.9,1,3,5,medium,0
2024-01-11 06:00:00,Zone_03,134.0,126,29.8,0,3,6,medium,1
2024-01-11 07:00:00,Zone_18,72.0,77,8.4,0,3,7,medium,0
2024-01-11 08:00:00,Zone_14,210.0,210,23.6,1,3,8,medium,1
2024-01-11 09:00:00,Zone_18,83.0,76,15.7,0,3,9,low,0
2024-01-11 10:00:00,Zone_02,23.0,15,29.3,0,3,10,low,0
2024-01-11 11:00:00,Zone_03,37.0,28,27.5,0,3,11,low,0
2024-01-11 12:00:00,Zone_16,101.0,105,27.8,0,3,12,low,1
2024-01-11 13:00:00,Zone_09,119.0,109,35.2,1,3,13,medium,1
2024-01-11 14:00:00,Zone_04,138.0,128,31.0,1,3,14,high,1
2024-01-11 15:00:00,Zone_01,27.0,17,20.7,1,3,15,low,0
2024-01-11 16:00:00,Zone_04,23.0,22,22.0,0,3,16,medium,0
2024-01-11 17:00:00,Zone_01,106.0,96,26.8,0,3,17,high,0
2024-01-11 18:00:00,Zone_14,83.0,88,23.1,0,3,18,low,0
2024-01-11 19:00:00,Zone_16,70.0,64,27.6,0,3,19,low,0
2024-01-11 20:00:00,Zone_20,17.0,26,4.2,1,3,20,medium,0
2024-01-11 21:00:00,Zone_08,31.0,38,37.0,0,3,21,,0
2024-01-11 22:00:00,Zone_07,35.0,27,22.5,0,3,22,medium,0
2024-01-11 23:00:00,Zone_03,19.0,16,9.0,0,3,23,medium,0
2024-01-12 00:00:00,Zone_17,1.0,5,14.7,1,4,0,low,0
2024-01-12 01:00:00,Zone_01,9.0,1,5.0,0,4,1,medium,0
2024-01-12 02:00:00,Zone_16,5.0,13,13.3,1,4,2,low,0
2024-01-12 03:00:00,Zone_12,23.0,14,20.9,0,4,3,high,0
2024-01-12 04:00:00,Zone_19,25.0,26,34.1,0,4,4,high,0
2024-01-12 05:00:00,Zone_14,1.0,8,25.3,1,4,5,low,0
2024-01-12 06:00:00,Zone_06,18.0,17,23.9,0,4,6,low,0
2024-01-12 07:00:00,Zone_06,89.0,88,12.9,0,4,7,low,0
2024-01-12 08:00:00,Zone_13,183.0,185,15.4,1,4,8,low,1
2024-01-12 09:00:00,Zone_19,87.0,88,16.0,0,4,9,low,0
2024-01-12 10:00:00,Zone_08,27.0,23,16.4,0,4,10,,0
2024-01-12 11:00:00,Zone_02,44.0,49,19.2,1,4,11,high,0
2024-01-12 12:00:00,Zone_01,23.0,21,19.8,0,4,12,medium,0
2024-01-12 13:00:00,Zone_15,91.0,85,19.3,1,4,13,low,1
2024-01-12 14:00:00,Zone_01,21.0,14,16.6,0,4,14,low,0
2024-01-12 15:00:00,Zone_05,21.0,19,23.1,1,4,15,low,0
2024-01-12 16:00:00,Zone_16,90.0,97,19.5,0,4,16,low,1
2024-01-12 17:00:00,Zone_19,121.0,124,9.2,0,4,17,high,0
2024-01-12 18:00:00,Zone_04,151.0,141,22.3,0,4,18,low,1
2024-01-12 19:00:00,Zone_03,121.0,116,21.1,0,4,19,high,0
2024-01-12 20:00:00,Zone_17,36.0,31,9.4,0,4,20,medium,0
2024-01-12 21:00:00,Zone_17,28.0,31,17.3,1,4,21,medium,0
2024-01-12 22:00:00,Zone_12,23.0,28,26.8,1,4,22,medium,0
2024-01-12 23:00:00,Zone_14,43.0,38,12.9,1,4,23,medium,0
2024-01-13 00:00:00,Zone_06,2.0,11,12.1,0,5,0,medium,0
2024-01-13 01:00:00,Zone_03,4.0,4,19.4,0,5,1,low,0
2024-01-13 02:00:00,Zone_09,5.0,8,27.0,0,5,2,low,0
2024-01-13 03:00:00,Zone_05,129.0,127,36.5,1,5,3,high,1
2024-01-13 04:00:00,Zone_17,16.0,12,27.3,1,5,4,low,0
2024-01-13 05:00:00,Zone_14,79.0,76,30.7,0,5,5,medium,1
2024-01-13 06:00:00,Zone_03,32.0,33,24.8,0,5,6,medium,0
2024-01-13 07:00:00,Zone_01,78.0,77,16.5,0,5,7,low,0
2024-01-13 08:00:00,Zone_20,80.0,80,27.2,0,5,8,low,0
2024-01-13 09:00:00,Zone_01,96.0,105,21.3,0,5,9,low,0
2024-01-13 10:00:00,Zone_03,76.0,71,25.0,1,5,10,medium,1
2024-01-13 11:00:00,Zone_18,30.0,31,14.4,0,5,11,medium,0
2024-01-13 12:00:00,Zone_10,147.0,149,25.7,1,5,12,high,1
2024-01-13 13:00:00,Zone_03,26.0,22,21.0,0,5,13,medium,0
2024-01-13 14:00:00,Zone_08,22.0,20,23.9,0,5,14,low,0
2024-01-13 15:00:00,Zone_14,92.0,84,21.3,0,5,15,medium,1
2024-01-13 16:00:00,Zone_18,35.0,27,19.8,0,5,16,medium,0
2024-01-13 17:00:00,Zone_15,92.0,97,25.9,0,5,17,medium,0
2024-01-13 18:00:00,Zone_02,98.0,105,18.8,0,5,18,medium,0
2024-01-13 19:00:00,Zone_10,99.0,101,9.3,0,5,19,medium,0
2024-01-13 20:00:00,Zone_02,27.0,25,7.0,1,5,20,low,0
2024-01-13 21:00:00,Zone_17,34.0,29,23.5,0,5,21,medium,0
2024-01-13 22:00:00,Zone_08,127.0,131,18.4,0,5,22,low,1
2024-01-13 23:00:00,Zone_01,168.0,166,8.2,0,5,23,medium,1
2024-01-14 00:00:00,Zone_09,6.0,13,22.9,0,6,0,low,0
2024-01-14 01:00:00,Zone_11,100.0,109,21.2,1,6,1,high,1
2024-01-14 02:00:00,Zone_16,11.0,13,18.0,0,6,2,medium,0
2024-01-14 03:00:00,Zone_07,18.0,8,24.0,0,6,3,medium,0
2024-01-14 04:00:00,Zone_10,22.0,17,32.5,0,6,4,high,0
2024-01-14 05:00:00,Zone_03,24.0,32,32.3,1,6,5,high,0
2024-01-14 06:00:00,Zone_18,31.0,21,23.2,0,6,6,medium,0
2024-01-14 07:00:00,Zone_13,203.0,204,21.3,0,6,7,low,1
2024-01-14 08:00:00,Zone_07,95.0,100,23.3,1,6,8,high,0
2024-01-14 09:00:00,Zone_04,199.0,192,24.5,0,6,9,medium,1
2024-01-14 10:00:00,Zone_13,34.0,27,19.9,1,6,10,medium,0
2024-01-14 11:00:00,Zone_20,128.0,127,23.4,0,6,11,high,1
2024-01-14 12:00:00,Zone_01,22.0,25,9.4,0,6,12,low,0
2024-01-14 13:00:00,Zone_08,21.0,30,22.7,0,6,13,low,0
2024-01-14 14:00:00,Zone_14,31.0,38,25.8,0,6,14,medium,0
2024-01-14 15:00:00,Zone_16,49.0,41,18.1,0,6,15,high,0
2024-01-14 16:00:00,Zone_14,45.0,40,21.2,0,6,16,medium,0
2024-01-14 17:00:00,Zone_12,89.0,96,13.1,1,6,17,medium,0
2024-01-14 18:00:00,Zone_19,157.0,155,12.0,1,6,18,medium,1
2024-01-14 19:00:00,Zone_15,95.0,97,23.7,0,6,19,medium,0
2024-01-14 20:00:00,Zone_02,49.0,57,16.2,0,6,20,high,0
2024-01-14 21:00:00,Zone_02,111.0,110,7.8,0,6,21,low,1
2024-01-14 22:00:00,Zone_19,64.0,69,13.1,0,6,22,medium,0
2024-01-14 23:00:00,Zone_17,74.0,82,14.3,0,6,23,high,0
2024-01-15 00:00:00,Zone_20,1.0,1,28.2,1,0,0,medium,0
2024-01-15 01:00:00,Zone_10,1.0,1,23.4,0,0,1,low,0
2024-01-15 02:00:00,Zone_06,5.0,10,15.0,1,0,2,low,0
2024-01-15 03:00:00,Zone_15,104.0,113,17.3,0,0,3,high,1
2024-01-15 04:00:00,Zone_11,11.0,14,32.5,0,0,4,low,0
2024-01-15 05:00:00,Zone_05,1.0,1,29.5,1,0,5,medium,0
2024-01-15 06:00:00,Zone_01,30.0,23,13.1,0,0,6,low,0
2024-01-15 07:00:00,Zone_08,178.0,172,31.3,1,0,7,medium,1
2024-01-15 08:00:00,Zone_12,181.0,180,21.4,0,0,8,medium,1
2024-01-15 09:00:00,Zone_12,99.0,106,28.4,0,0,9,high,0
2024-01-15 10:00:00,Zone_05,37.0,35,20.7,0,0,10,medium,0
2024-01-15 11:00:00,Zone_07,,21,31.5,0,0,11,medium,0
2024-01-15 12:00:00,Zone_04,142.0,135,12.7,0,0,12,medium,1
2024-01-15 13:00:00,Zone_06,23.0,27,20.0,0,0,13,low,0
2024-01-15 14:00:00,Zone_13,17.0,23,31.7,0,0,14,low,0
2024-01-15 15:00:00,Zone_20,43.0,37,2.9,0,0,15,high,0
2024-01-15 16:00:00,Zone_15,38.0,38,21.6,0,0,16,medium,0
2024-01-15 17:00:00,Zone_03,98.0,93,18.9,0,0,17,medium,0
2024-01-15 18:00:00,Zone_08,122.0,116,27.5,1,0,18,low,0
2024-01-15 19:00:00,Zone_20,104.0,106,30.6,0,0,19,high,0
2024-01-15 20:00:00,Zone_16,38.0,33,27.8,0,0,20,medium,0
2024-01-15 21:00:00,Zone_13,42.0,46,23.9,0,0,21,high,0
2024-01-15 22:00:00,Zone_18,36.0,38,22.3,0,0,22,high,0
2024-01-15 23:00:00,Zone_10,41.0,43,19.3,0,0,23,high,0
2024-01-16 00:00:00,Zone_19,20.0,19,23.7,1,1,0,high,0
2024-01-16 01:00:00,Zone_17,9.0,1,33.7,1,1,1,low,0
2024-01-16 02:00:00,Zone_19,27.0,18,15.4,1,1,2,high,0
2024-01-16 03:00:00,Zone_05,109.0,107,18.8,0,1,3,low,1
2024-01-16 04:00:00,Zone_09,118.0,127,21.4,0,1,4,high,1
2024-01-16 05:00:00,Zone_12,1.0,1,30.0,1,1,5,low,0
2024-01-16 06:00:00,Zone_01,147.0,147,23.8,0,1,6,medium,1
2024-01-16 07:00:00,Zone_01,64.0,61,29.9,0,1,7,low,0
2024-01-16 08:00:00,Zone_15,99.0,106,30.3,0,1,8,high,0
2024-01-16 09:00:00,Zone_02,94.0,85,26.7,1,1,9,low,0
2024-01-16 10:00:00,Zone_16,23.0,16,13.5,1,1,10,medium,0
2024-01-16 11:00:00,Zone_08,32.0,39,35.3,0,1,11,high,0
2024-01-16 12:00:00,Zone_13,37.0,42,33.3,0,1,12,medium,0
2024-01-16 13:00:00,Zone_01,24.0,15,22.5,0,1,13,low,0
2024-01-16 14:00:00,Zone_16,28.0,24,,0,1,14,medium,0
2024-01-16 15:00:00,Zone_07,22.0,15,9.5,1,1,15,low,0
2024-01-16 16:00:00,Zone_05,33.0,27,24.0,1,1,16,medium,0
2024-01-16 17:00:00,Zone_03,115.0,122,16.4,0,1,17,high,0
2024-01-16 18:00:00,Zone_12,93.0,92,8.3,1,1,18,medium,0
2024-01-16 19:00:00,Zone_16,119.0,117,9.4,0,1,19,low,0
2024-01-16 20:00:00,Zone_19,24.0,29,18.2,0,1,20,medium,0
2024-01-16 21:00:00,Zone_05,128.0,136,23.6,0,1,21,high,1
2024-01-16 22:00:00,Zone_14,25.0,31,33.2,1,1,22,low,0
2024-01-16 23:00:00,Zone_05,133.0,126,25.9,1,1,23,medium,1
2024-01-17 00:00:00,Zone_15,6.0,1,18.9,0,2,0,medium,0
2024-01-17 01:00:00,Zone_17,31.0,26,25.0,0,2,1,high,0
2024-01-17 02:00:00,Zone_14,20.0,25,24.3,1,2,2,high,0
2024-01-17 03:00:00,Zone_20,6.0,8,27.9,0,2,3,low,0
2024-01-17 04:00:00,Zone_05,13.0,6,21.7,0,2,4,medium,0
2024-01-17 05:00:00,Zone_12,7.0,16,30.3,0,2,5,medium,0
2024-01-17 06:00:00,Zone_16,141.0,139,28.6,0,2,6,low,1
2024-01-17 07:00:00,Zone_16,154.0,147,22.7,0,2,7,low,1
2024-01-17 08:00:00,Zone_07,86.0,80,,1,2,8,medium,0
2024-01-17 09:00:00,Zone_04,99.0,92,29.4,1,2,9,low,0
2024-01-17 10:00:00,Zone_01,38.0,38,16.3,1,2,10,high,0
2024-01-17 11:00:00,Zone_05,36.0,42,9.9,0,2,11,low,0
2024-01-17 12:00:00,Zone_10,20.0,16,9.9,1,2,12,low,0
2024-01-17 13:00:00,Zone_05,30.0,28,15.6,1,2,13,low,0
2024-01-17 14:00:00,Zone_04,135.0,141,27.3,1,2,14,low,1
2024-01-17 15:00:00,Zone_02,29.0,37,18.6,0,2,15,medium,0
2024-01-17 16:00:00,Zone_20,23.0,25,23.6,0,2,16,,0
2024-01-17 17:00:00,Zone_10,108.0,101,,0,2,17,medium,0
2024-01-17 18:00:00,Zone_19,118.0,116,18.1,1,2,18,high,0
2024-01-17 19:00:00,Zone_01,91.0,91,13.8,0,2,19,high,0
2024-01-17 20:00:00,Zone_05,135.0,137,21.3,0,2,20,low,1
2024-01-17 21:00:00,Zone_13,123.0,128,20.6,0,2,21,high,1
2024-01-17 22:00:00,Zone_04,30.0,29,25.3,0,2,22,medium,0
2024-01-17 23:00:00,Zone_16,24.0,17,24.3,0,2,23,medium,0
2024-01-18 00:00:00,Zone_16,15.0,7,20.4,0,3,0,medium,0
2024-01-18 01:00:00,Zone_02,9.0,5,10.0,0,3,1,low,0
2024-01-18 02:00:00,Zone_17,23.0,24,30.6,0,3,2,high,0
2024-01-18 03:00:00,Zone_20,1.0,8,21.3,0,3,3,low,0
2024-01-18 04:00:00,Zone_12,95.0,89,22.6,0,3,4,medium,1
2024-01-18 05:00:00,Zone_18,5.0,11,34.8,0,3,5,low,0
2024-01-18 06:00:00,Zone_03,51.0,45,29.3,0,3,6,high,0
2024-01-18 07:00:00,Zone_01,111.0,120,25.6,1,3,7,,0
2024-01-18 08:00:00,Zone_01,161.0,162,22.0,0,3,8,low,1
2024-01-18 09:00:00,Zone_19,107.0,112,21.9,0,3,9,medium,0
2024-01-18 10:00:00,Zone_11,30.0,35,23.9,0,3,10,medium,0
2024-01-18 11:00:00,Zone_05,36.0,32,25.3,0,3,11,medium,0
2024-01-18 12:00:00,Zone_12,112.0,121,35.7,0,3,12,medium,1
2024-01-18 13:00:00,Zone_03,28.0,30,41.8,0,3,13,medium,0
2024-01-18 14:00:00,Zone_01,13.0,7,24.3,1,3,14,low,0
2024-01-18 15:00:00,Zone_01,90.0,98,4.8,0,3,15,medium,1
2024-01-18 16:00:00,Zone_08,34.0,43,14.4,0,3,16,medium,0
2024-01-18 17:00:00,Zone_10,95.0,100,36.5,1,3,17,medium,0
2024-01-18 18:00:00,Zone_11,131.0,130,27.7,1,3,18,high,0
2024-01-18 19:00:00,Zone_12,80.0,81,25.4,0,3,19,low,0
2024-01-18 20:00:00,Zone_13,27.0,22,20.7,0,3,20,low,0
2024-01-18 21:00:00,Zone_12,17.0,25,12.5,0,3,21,low,0
2024-01-18 22:00:00,Zone_14,5.0,1,35.4,0,3,22,low,0
2024-01-18 23:00:00,Zone_02,30.0,27,15.4,0,3,23,low,0
2024-01-19 00:00:00,Zone_19,19.0,28,27.8,0,4,0,high,0
2024-01-19 01:00:00,Zone_18,115.0,113,11.6,1,4,1,low,1
2024-01-19 02:00:00,Zone_03,4.0,1,20.3,0,4,2,medium,0
2024-01-19 03:00:00,Zone_17,1.0,1,29.9,0,4,3,low,0
2024-01-19 04:00:00,Zone_08,4.0,1,20.0,1,4,4,medium,0
2024-01-19 05:00:00,Zone_10,104.0,104,19.1,0,4,5,high,1
2024-01-19 06:00:00,Zone_02,134.0,135,22.1,0,4,6,low,1
2024-01-19 07:00:00,Zone_19,121.0,123,11.3,0,4,7,high,0
2024-01-19 08:00:00,Zone_09,131.0,124,9.8,0,4,8,high,0
2024-01-19 09:00:00,Zone_07,165.0,156,27.7,0,4,9,medium,1
2024-01-19 10:00:00,Zone_04,34.0,29,18.6,0,4,10,low,0
2024-01-19 11:00:00,Zone_18,125.0,126,27.7,1,4,11,medium,1
2024-01-19 12:00:00,Zone_13,129.0,128,30.9,0,4,12,high,1
2024-01-19 13:00:00,Zone_11,27.0,36,31.6,0,4,13,low,0
2024-01-19 14:00:00,Zone_04,112.0,105,9.0,1,4,14,,1
2024-01-19 15:00:00,Zone_04,16.0,22,16.4,0,4,15,low,0
2024-01-19 16:00:00,Zone_10,149.0,150,26.3,1,4,16,low,1
2024-01-19 17:00:00,Zone_05,111.0,119,26.4,0,4,17,high,0
2024-01-19 18:00:00,Zone_09,190.0,194,40.0,1,4,18,medium,1
2024-01-19 19:00:00,Zone_03,118.0,109,14.7,0,4,19,low,0
2024-01-19 20:00:00,Zone_17,28.0,24,31.3,0,4,20,medium,0
2024-01-19 21:00:00,Zone_03,36.0,44,25.0,0,4,21,low,0
2024-01-19 22:00:00,Zone_16,30.0,27,8.9,1,4,22,low,0
2024-01-19 23:00:00,Zone_04,99.0,106,17.6,0,4,23,medium,1
2024-01-20 00:00:00,Zone_18,85.0,88,24.1,0,5,0,medium,1
2024-01-20 01:00:00,Zone_17,3.0,1,8.4,0,5,1,low,0
2024-01-20 02:00:00,Zone_07,76.0,71,5.4,0,5,2,low,1
2024-01-20 03:00:00,Zone_05,20.0,12,7.9,1,5,3,medium,0
2024-01-20 04:00:00,Zone_12,18.0,19,24.1,0,5,4,high,0
2024-01-20 05:00:00,Zone_17,116.0,106,18.1,0,5,5,high,1
2024-01-20 06:00:00,Zone_13,22.0,28,17.0,0,5,6,low,0
2024-01-20 07:00:00,Zone_03,94.0,88,17.3,1,5,7,medium,0
2024-01-20 08:00:00,Zone_09,114.0,115,10.6,1,5,8,high,0
2024-01-20 09:00:00,Zone_17,65.0,72,18.3,0,5,9,medium,0
2024-01-20 10:00:00,Zone_17,43.0,45,7.4,1,5,10,high,0
2024-01-20 11:00:00,Zone_20,141.0,139,31.5,0,5,11,high,1
2024-01-20 12:00:00,Zone_16,13.0,5,35.5,0,5,12,low,0
2024-01-20 13:00:00,Zone_13,8.0,1,,0,5,13,low,0
2024-01-20 14:00:00,Zone_19,29.0,28,18.2,0,5,14,low,0
2024-01-20 15:00:00,Zone_17,31.0,30,18.8,0,5,15,low,0
2024-01-20 16:00:00,Zone_04,102.0,93,20.6,0,5,16,high,1
2024-01-20 17:00:00,Zone_12,225.0,232,30.0,1,5,17,high,1
2024-01-20 18:00:00,Zone_09,195.0,187,18.3,1,5,18,low,1
2024-01-20 19:00:00,Zone_19,111.0,111,21.3,0,5,19,medium,0
2024-01-20 20:00:00,Zone_12,,32,45.0,0,5,20,medium,0
2024-01-20 21:00:00,Zone_09,34.0,38,21.1,0,5,21,medium,0
2024-01-20 22:00:00,Zone_07,172.0,178,36.1,0,5,22,,1
2024-01-20 23:00:00,Zone_14,83.0,74,26.0,1,5,23,high,0
2024-01-21 00:00:00,Zone_20,10.0,4,17.6,0,6,0,low,0
2024-01-21 01:00:00,Zone_19,8.0,14,16.2,0,6,1,low,0
2024-01-21 02:00:00,Zone_15,1.0,1,21.9,1,6,2,low,0
2024-01-21 03:00:00,Zone_16,3.0,2,13.0,1,6,3,medium,0
2024-01-21 04:00:00,Zone_05,13.0,21,15.1,0,6,4,low,0
2024-01-21 05:00:00,Zone_03,19.0,14,18.6,0,6,5,medium,0
2024-01-21 06:00:00,Zone_12,30.0,29,24.3,1,6,6,medium,0
2024-01-21 07:00:00,Zone_20,102.0,102,36.6,0,6,7,high,0
2024-01-21 08:00:00,Zone_04,65.0,61,18.1,1,6,8,medium,0
2024-01-21 09:00:00,Zone_16,102.0,107,25.7,0,6,9,low,0
2024-01-21 10:00:00,Zone_07,108.0,110,9.0,0,6,10,high,1
2024-01-21 11:00:00,Zone_13,37.0,37,30.5,0,6,11,high,0
2024-01-21 12:00:00,Zone_10,31.0,23,8.2,0,6,12,low,0
2024-01-21 13:00:00,Zone_07,135.0,132,28.4,0,6,13,low,1
2024-01-21 14:00:00,Zone_14,52.0,45,21.4,0,6,14,high,0
2024-01-21 15:00:00,Zone_05,41.0,37,21.0,0,6,15,low,0
2024-01-21 16:00:00,Zone_03,25.0,24,19.6,0,6,16,low,0
2024-01-21 17:00:00,Zone_11,156.0,157,11.6,0,6,17,medium,1
2024-01-21 18:00:00,Zone_11,193.0,193,12.0,0,6,18,low,1
2024-01-21 19:00:00,Zone_18,89.0,83,28.7,1,6,19,low,0
2024-01-21 20:00:00,Zone_15,31.0,25,22.1,0,6,20,medium,0
2024-01-21 21:00:00,Zone_12,38.0,46,19.5,0,6,21,high,0
2024-01-21 22:00:00,Zone_09,68.0,72,25.5,0,6,22,high,0
2024-01-21 23:00:00,Zone_10,71.0,67,22.8,0,6,23,high,0
2024-01-22 00:00:00,Zone_12,13.0,6,15.7,0,0,0,low,0
2024-01-22 01:00:00,Zone_17,11.0,7,41.7,0,0,1,low,0
2024-01-22 02:00:00,Zone_06,147.0,143,27.9,1,0,2,high,1
2024-01-22 03:00:00,Zone_07,6.0,5,23.0,1,0,3,medium,0
2024-01-22 04:00:00,Zone_14,1.0,1,17.9,0,0,4,low,0
2024-01-22 05:00:00,Zone_13,7.0,14,29.6,0,0,5,low,0
2024-01-22 06:00:00,Zone_08,35.0,30,15.7,0,0,6,low,0
2024-01-22 07:00:00,Zone_10,70.0,60,15.0,0,0,7,medium,0
2024-01-22 08:00:00,Zone_09,85.0,76,35.5,0,0,8,low,0
2024-01-22 09:00:00,Zone_18,92.0,84,22.2,0,0,9,high,0
2024-01-22 10:00:00,Zone_02,100.0,96,,0,0,10,low,1
2024-01-22 11:00:00,Zone_05,49.0,40,22.0,0,0,11,high,0
2024-01-22 12:00:00,Zone_05,150.0,153,28.8,0,0,12,high,1
2024-01-22 13:00:00,Zone_06,28.0,22,27.0,0,0,13,medium,0
2024-01-22 14:00:00,Zone_19,34.0,28,29.8,1,0,14,medium,0
2024-01-22 15:00:00,Zone_08,27.0,32,12.0,0,0,15,medium,0
2024-01-22 16:00:00,Zone_16,102.0,106,29.6,0,0,16,low,1
2024-01-22 17:00:00,Zone_13,165.0,170,,0,0,17,low,1
2024-01-22 18:00:00,Zone_01,110.0,108,22.7,0,0,18,medium,0
2024-01-22 19:00:00,Zone_20,103.0,100,31.7,0,0,19,medium,0
2024-01-22 20:00:00,Zone_17,130.0,121,27.6,1,0,20,medium,1
2024-01-22 21:00:00,Zone_07,25.0,24,24.8,1,0,21,medium,0
2024-01-22 22:00:00,Zone_13,27.0,34,6.1,1,0,22,medium,0
2024-01-22 23:00:00,Zone_04,34.0,41,21.6,0,0,23,medium,0
2024-01-23 00:00:00,Zone_04,11.0,19,15.7,0,1,0,medium,0
2024-01-23 01:00:00,Zone_06,16.0,10,27.7,0,1,1,medium,0
2024-01-23 02:00:00,Zone_19,16.0,6,29.9,0,1,2,high,0
2024-01-23 03:00:00,Zone_12,10.0,10,19.6,0,1,3,medium,0
2024-01-23 04:00:00,Zone_07,16.0,16,16.7,1,1,4,medium,0
2024-01-23 05:00:00,Zone_10,10.0,2,34.5,0,1,5,medium,0
2024-01-23 06:00:00,Zone_19,24.0,16,17.2,0,1,6,medium,0
2024-01-23 07:00:00,Zone_07,66.0,71,12.4,0,1,7,medium,0
2024-01-23 08:00:00,Zone_03,78.0,87,15.3,0,1,8,low,0
2024-01-23 09:00:00,Zone_13,194.0,198,17.6,0,1,9,high,1
2024-01-23 10:00:00,Zone_13,27.0,29,15.1,0,1,10,low,0
2024-01-23 11:00:00,Zone_18,36.0,35,28.8,0,1,11,medium,0
2024-01-23 12:00:00,Zone_20,24.0,32,4.4,0,1,12,low,0
2024-01-23 13:00:00,Zone_08,30.0,29,14.9,0,1,13,low,0
2024-01-23 14:00:00,Zone_09,59.0,64,21.6,0,1,14,high,0
2024-01-23 15:00:00,Zone_07,132.0,127,23.7,1,1,15,medium,1
2024-01-23 16:00:00,Zone_01,37.0,31,35.5,1,1,16,high,0
2024-01-23 17:00:00,Zone_03,86.0,90,34.4,0,1,17,low,0
2024-01-23 18:00:00,Zone_13,193.0,199,9.2,0,1,18,low,1
2024-01-23 19:00:00,Zone_17,76.0,69,6.7,0,1,19,,0
2024-01-23 20:00:00,Zone_01,110.0,107,22.2,0,1,20,,1
2024-01-23 21:00:00,Zone_06,29.0,30,16.6,0,1,21,high,0
2024-01-23 22:00:00,Zone_06,110.0,112,12.5,0,1,22,medium,1
2024-01-23 23:00:00,Zone_12,35.0,33,22.1,0,1,23,medium,0
2024-01-24 00:00:00,Zone_13,18.0,22,23.8,0,2,0,high,0
2024-01-24 01:00:00,Zone_13,17.0,17,15.3,1,2,1,low,0
2024-01-24 02:00:00,Zone_15,,7,17.0,0,2,2,medium,0
2024-01-24 03:00:00,Zone_16,19.0,23,15.9,1,2,3,medium,0
2024-01-24 04:00:00,Zone_11,,110,18.7,0,2,4,low,1
2024-01-24 05:00:00,Zone_05,78.0,83,26.3,1,2,5,low,1
2024-01-24 06:00:00,Zone_04,23.0,22,13.4,0,2,6,low,0
2024-01-24 07:00:00,Zone_03,92.0,83,16.9,0,2,7,high,0
2024-01-24 08:00:00,Zone_19,104.0,105,18.8,1,2,8,medium,0
2024-01-24 09:00:00,Zone_20,95.0,92,21.9,0,2,9,high,0
2024-01-24 10:00:00,Zone_18,33.0,39,24.2,0,2,10,medium,0
2024-01-24 11:00:00,Zone_15,19.0,13,38.3,0,2,11,,0
2024-01-24 12:00:00,Zone_09,30.0,38,26.6,1,2,12,medium,0
2024-01-24 13:00:00,Zone_17,46.0,46,26.8,0,2,13,high,0
2024-01-24 14:00:00,Zone_14,34.0,40,19.9,1,2,14,low,0
2024-01-24 15:00:00,Zone_15,88.0,83,14.2,0,2,15,low,1
2024-01-24 16:00:00,Zone_01,30.0,31,17.8,0,2,16,medium,0
2024-01-24 17:00:00,Zone_03,126.0,122,16.3,0,2,17,high,0
2024-01-24 18:00:00,Zone_16,119.0,124,25.1,0,2,18,high,0
2024-01-24 19:00:00,Zone_11,115.0,107,8.8,1,2,19,medium,0
2024-01-24 20:00:00,Zone_12,24.0,25,26.7,0,2,20,low,0
2024-01-24 21:00:00,Zone_10,23.0,20,21.1,0,2,21,low,0
2024-01-24 22:00:00,Zone_16,40.0,32,27.9,0,2,22,high,0
2024-01-24 23:00:00,Zone_08,29.0,33,16.2,0,2,23,medium,0
2024-01-25 00:00:00,Zone_06,1.0,1,14.8,0,3,0,low,0
2024-01-25 01:00:00,Zone_12,21.0,18,18.7,0,3,1,high,0
2024-01-25 02:00:00,Zone_08,1.0,2,18.6,0,3,2,low,0
2024-01-25 03:00:00,Zone_04,93.0,95,28.5,0,3,3,medium,1
2024-01-25 04:00:00,Zone_08,13.0,19,28.4,0,3,4,medium,0
2024-01-25 05:00:00,Zone_18,89.0,95,,0,3,5,low,1
2024-01-25 06:00:00,Zone_05,125.0,128,18.0,0,3,6,low,1
2024-01-25 07:00:00,Zone_09,60.0,65,0.0,1,3,7,low,0
2024-01-25 08:00:00,Zone_04,106.0,106,18.7,0,3,8,medium,0
2024-01-25 09:00:00,Zone_17,94.0,89,23.8,0,3,9,medium,0
2024-01-25 10:00:00,Zone_09,32.0,31,27.7,0,3,10,low,0
2024-01-25 11:00:00,Zone_01,46.0,42,,0,3,11,high,0
2024-01-25 12:00:00,Zone_20,14.0,12,18.0,0,3,12,low,0
2024-01-25 13:00:00,Zone_13,16.0,15,35.7,0,3,13,low,0
2024-01-25 14:00:00,Zone_16,26.0,27,13.7,0,3,14,low,0
2024-01-25 15:00:00,Zone_13,17.0,25,19.8,1,3,15,low,0
2024-01-25 16:00:00,Zone_14,,127,13.4,0,3,16,high,1
2024-01-25 17:00:00,Zone_03,110.0,118,22.2,0,3,17,low,0
2024-01-25 18:00:00,Zone_06,190.0,194,34.7,0,3,18,medium,1
2024-01-25 19:00:00,Zone_18,98.0,107,20.9,1,3,19,high,0
2024-01-25 20:00:00,Zone_19,26.0,21,20.9,1,3,20,medium,0
2024-01-25 21:00:00,Zone_05,37.0,41,8.4,0,3,21,medium,0
2024-01-25 22:00:00,Zone_15,38.0,47,19.7,0,3,22,high,0
2024-01-25 23:00:00,Zone_02,43.0,48,31.2,1,3,23,medium,0
2024-01-26 00:00:00,Zone_10,8.0,1,20.0,1,4,0,low,0
2024-01-26 01:00:00,Zone_18,76.0,83,19.5,0,4,1,medium,1
2024-01-26 02:00:00,Zone_13,119.0,113,,1,4,2,high,1
2024-01-26 03:00:00,Zone_05,,7,19.5,0,4,3,medium,0
2024-01-26 04:00:00,Zone_01,123.0,123,32.3,1,4,4,medium,1
2024-01-26 05:00:00,Zone_01,105.0,109,11.7,1,4,5,high,1
2024-01-26 06:00:00,Zone_18,92.0,86,27.4,0,4,6,medium,1
2024-01-26 07:00:00,Zone_15,73.0,76,35.2,1,4,7,low,0
2024-01-26 08:00:00,Zone_17,,80,30.1,0,4,8,low,0
2024-01-26 09:00:00,Zone_11,98.0,93,7.1,1,4,9,medium,0
2024-01-26 10:00:00,Zone_17,23.0,26,16.9,0,4,10,low,0
2024-01-26 11:00:00,Zone_13,56.0,65,20.1,1,4,11,high,0
2024-01-26 12:00:00,Zone_01,31.0,24,30.1,0,4,12,medium,0
2024-01-26 13:00:00,Zone_02,27.0,30,11.3,0,4,13,medium,0
2024-01-26 14:00:00,Zone_09,28.0,20,13.8,0,4,14,,0
2024-01-26 15:00:00,Zone_03,100.0,107,9.2,0,4,15,medium,1
2024-01-26 16:00:00,Zone_01,23.0,32,15.4,0,4,16,medium,0
2024-01-26 17:00:00,Zone_16,104.0,104,12.0,1,4,17,low,0
2024-01-26 18:00:00,Zone_06,165.0,166,34.8,0,4,18,medium,1
2024-01-26 19:00:00,Zone_17,113.0,118,16.8,0,4,19,high,0
2024-01-26 20:00:00,Zone_05,120.0,129,27.5,1,4,20,medium,1
2024-01-26 21:00:00,Zone_05,36.0,34,22.1,0,4,21,medium,0
2024-01-26 22:00:00,Zone_06,139.0,139,22.0,1,4,22,low,1
2024-01-26 23:00:00,Zone_03,115.0,113,17.3,1,4,23,high,1
2024-01-27 00:00:00,Zone_05,22.0,20,28.2,0,5,0,high,0
2024-01-27 01:00:00,Zone_05,1.0,1,23.2,0,5,1,medium,0
2024-01-27 02:00:00,Zone_10,1.0,1,22.8,0,5,2,medium,0
2024-01-27 03:00:00,Zone_10,17.0,7,17.3,0,5,3,medium,0
2024-01-27 04:00:00,Zone_19,9.0,2,18.6,0,5,4,medium,0
2024-01-27 05:00:00,Zone_17,26.0,21,26.7,1,5,5,high,0
2024-01-27 06:00:00,Zone_14,132.0,132,23.8,0,5,6,low,1
2024-01-27 07:00:00,Zone_09,88.0,94,23.0,1,5,7,medium,0
2024-01-27 08:00:00,Zone_14,63.0,53,16.0,1,5,8,low,0
2024-01-27 09:00:00,Zone_01,98.0,101,37.6,0,5,9,low,0
2024-01-27 10:00:00,Zone_19,106.0,112,18.2,0,5,10,medium,1
2024-01-27 11:00:00,Zone_13,20.0,26,21.8,0,5,11,low,0
2024-01-27 12:00:00,Zone_13,31.0,29,20.5,0,5,12,medium,0
2024-01-27 13:00:00,Zone_04,23.0,22,37.6,0,5,13,low,0
2024-01-27 14:00:00,Zone_01,23.0,30,19.7,1,5,14,medium,0
2024-01-27 15:00:00,Zone_17,25.0,23,18.9,0,5,15,low,0
2024-01-27 16:00:00,Zone_08,28.0,30,22.9,0,5,16,medium,0
2024-01-27 17:00:00,Zone_02,83.0,83,16.5,0,5,17,medium,0
2024-01-27 18:00:00,Zone_08,205.0,196,22.9,0,5,18,high,1
2024-01-27 19:00:00,Zone_07,103.0,96,41.0,0,5,19,high,0
2024-01-27 20:00:00,Zone_02,24.0,24,24.4,1,5,20,low,0
2024-01-27 21:00:00,Zone_03,22.0,20,24.1,0,5,21,low,0
2024-01-27 22:00:00,Zone_18,64.0,65,16.3,0,5,22,medium,0
2024-01-27 23:00:00,Zone_12,152.0,158,35.7,1,5,23,medium,1
2024-01-28 00:00:00,Zone_01,1.0,1,37.5,0,6,0,low,0
2024-01-28 01:00:00,Zone_12,2.0,5,28.8,0,6,1,low,0
2024-01-28 02:00:00,Zone_05,18.0,27,27.2,0,6,2,medium,0
2024-01-28 03:00:00,Zone_17,99.0,97,20.1,0,6,3,high,1
2024-01-28 04:00:00,Zone_16,20.0,13,25.1,0,6,4,high,0
2024-01-28 05:00:00,Zone_15,1.0,1,15.3,0,6,5,low,0
2024-01-28 06:00:00,Zone_15,38.0,44,13.0,0,6,6,medium,0
2024-01-28 07:00:00,Zone_05,143.0,145,10.1,0,6,7,low,1
2024-01-28 08:00:00,Zone_14,78.0,81,25.3,0,6,8,medium,0
2024-01-28 09:00:00,Zone_02,177.0,184,11.0,0,6,9,high,1
2024-01-28 10:00:00,Zone_11,39.0,37,18.0,0,6,10,high,0
2024-01-28 11:00:00,Zone_19,46.0,45,21.5,0,6,11,medium,0
2024-01-28 12:00:00,Zone_07,27.0,28,30.0,0,6,12,low,0
2024-01-28 13:00:00,Zone_06,92.0,90,17.4,0,6,13,medium,1
2024-01-28 14:00:00,Zone_02,42.0,43,30.9,0,6,14,high,0
2024-01-28 15:00:00,Zone_06,23.0,22,29.5,0,6,15,low,0
2024-01-28 16:00:00,Zone_18,30.0,25,13.4,0,6,16,low,0
2024-01-28 17:00:00,Zone_02,83.0,81,31.0,0,6,17,medium,0
2024-01-28 18:00:00,Zone_18,172.0,181,19.7,1,6,18,medium,1
2024-01-28 19:00:00,Zone_15,109.0,112,18.0,0,6,19,high,0
2024-01-28 20:00:00,Zone_19,147.0,150,19.8,1,6,20,medium,1
2024-01-28 21:00:00,Zone_02,33.0,35,22.0,1,6,21,medium,0
2024-01-28 22:00:00,Zone_20,64.0,57,18.7,0,6,22,medium,0
2024-01-28 23:00:00,Zone_06,99.0,95,15.3,0,6,23,high,0
2024-01-29 00:00:00,Zone_01,22.0,16,16.0,0,0,0,high,0
2024-01-29 01:00:00,Zone_15,26.0,19,23.1,1,0,1,high,0
2024-01-29 02:00:00,Zone_10,126.0,133,20.7,1,0,2,low,1
2024-01-29 03:00:00,Zone_19,24.0,15,26.2,0,0,3,high,0
2024-01-29 04:00:00,Zone_17,2.0,11,22.4,1,0,4,medium,0
2024-01-29 05:00:00,Zone_05,73.0,72,22.6,0,0,5,low,1
2024-01-29 06:00:00,Zone_04,25.0,22,26.7,0,0,6,low,0
2024-01-29 07:00:00,Zone_10,89.0,98,33.4,0,0,7,medium,0
2024-01-29 08:00:00,Zone_17,170.0,168,33.7,0,0,8,medium,1
2024-01-29 09:00:00,Zone_10,82.0,74,32.7,0,0,9,high,0
2024-01-29 10:00:00,Zone_17,27.0,34,29.0,0,0,10,medium,0
2024-01-29 11:00:00,Zone_20,77.0,86,38.7,0,0,11,low,1
2024-01-29 12:00:00,Zone_05,30.0,32,25.5,0,0,12,medium,0
2024-01-29 13:00:00,Zone_02,30.0,30,24.6,0,0,13,low,0
2024-01-29 14:00:00,Zone_06,28.0,37,40.0,0,0,14,medium,0
2024-01-29 15:00:00,Zone_02,14.0,13,0.2,1,0,15,medium,0
2024-01-29 16:00:00,Zone_13,40.0,42,20.3,0,0,16,high,0
2024-01-29 17:00:00,Zone_11,112.0,104,32.0,0,0,17,medium,0
2024-01-29 18:00:00,Zone_11,108.0,100,29.8,0,0,18,high,0
2024-01-29 19:00:00,Zone_16,109.0,118,42.5,0,0,19,high,0
2024-01-29 20:00:00,Zone_11,44.0,53,22.9,1,0,20,medium,0
2024-01-29 21:00:00,Zone_19,17.0,23,18.6,1,0,21,medium,0
2024-01-29 22:00:00,Zone_15,34.0,35,19.3,0,0,22,medium,0
2024-01-29 23:00:00,Zone_16,20.0,22,24.5,1,0,23,low,0
2024-01-30 00:00:00,Zone_11,147.0,152,35.0,1,1,0,high,1
2024-01-30 01:00:00,Zone_16,11.0,19,35.1,0,1,1,high,0
2024-01-30 02:00:00,Zone_08,10.0,6,21.6,0,1,2,low,0
2024-01-30 03:00:00,Zone_04,12.0,8,24.0,1,1,3,high,0
2024-01-30 04:00:00,Zone_08,2.0,8,17.1,1,1,4,low,0
2024-01-30 05:00:00,Zone_04,141.0,145,17.9,0,1,5,high,1
2024-01-30 06:00:00,Zone_03,124.0,117,30.4,0,1,6,low,1
2024-01-30 07:00:00,Zone_03,121.0,123,34.8,0,1,7,high,0
2024-01-30 08:00:00,Zone_18,98.0,104,16.4,0,1,8,medium,0
2024-01-30 09:00:00,Zone_19,111.0,101,23.9,0,1,9,medium,0
2024-01-30 10:00:00,Zone_19,27.0,24,20.1,0,1,10,low,0
2024-01-30 11:00:00,Zone_05,22.0,29,28.9,0,1,11,low,0
2024-01-30 12:00:00,Zone_18,20.0,25,18.9,0,1,12,low,0
2024-01-30 13:00:00,Zone_10,35.0,40,6.6,0,1,13,high,0
2024-01-30 14:00:00,Zone_06,26.0,24,,0,1,14,low,0
2024-01-30 15:00:00,Zone_01,132.0,138,19.6,1,1,15,medium,1
2024-01-30 16:00:00,Zone_05,44.0,42,20.4,0,1,16,high,0
2024-01-30 17:00:00,Zone_09,96.0,102,25.5,1,1,17,high,0
2024-01-30 18:00:00,Zone_12,107.0,106,24.8,0,1,18,low,0
2024-01-30 19:00:00,Zone_14,91.0,95,25.6,0,1,19,high,0
2024-01-30 20:00:00,Zone_02,19.0,16,9.0,0,1,20,low,0
2024-01-30 21:00:00,Zone_17,32.0,38,26.5,1,1,21,medium,0
2024-01-30 22:00:00,Zone_14,39.0,36,6.7,0,1,22,medium,0
2024-01-30 23:00:00,Zone_13,22.0,28,28.2,0,1,23,low,0
2024-01-31 00:00:00,Zone_09,1.0,3,30.9,0,2,0,low,0
2024-01-31 01:00:00,Zone_15,13.0,10,11.1,0,2,1,medium,0
2024-01-31 02:00:00,Zone_15,13.0,4,24.6,1,2,2,medium,0
2024-01-31 03:00:00,Zone_11,,25,30.5,0,2,3,high,0
2024-01-31 04:00:00,Zone_16,14.0,9,18.4,0,2,4,medium,0
2024-01-31 05:00:00,Zone_17,28.0,25,27.4,0,2,5,high,0
2024-01-31 06:00:00,Zone_04,22.0,14,0.0,0,2,6,medium,0
2024-01-31 07:00:00,Zone_01,97.0,102,30.8,1,2,7,high,0
2024-01-31 08:00:00,Zone_08,62.0,53,22.2,0,2,8,medium,0
2024-01-31 09:00:00,Zone_17,110.0,109,19.9,0,2,9,high,0
2024-01-31 10:00:00,Zone_03,25.0,17,29.9,0,2,10,low,0
2024-01-31 11:00:00,Zone_20,25.0,25,35.8,0,2,11,medium,0
2024-01-31 12:00:00,Zone_15,137.0,141,25.9,0,2,12,low,1
2024-01-31 13:00:00,Zone_15,40.0,31,34.9,0,2,13,low,0
2024-01-31 14:00:00,Zone_14,37.0,35,9.6,1,2,14,medium,0
2024-01-31 15:00:00,Zone_14,33.0,41,27.3,0,2,15,medium,0
2024-01-31 16:00:00,Zone_02,91.0,97,20.9,0,2,16,low,1
2024-01-31 17:00:00,Zone_13,99.0,89,15.7,0,2,17,medium,0
2024-01-31 18:00:00,Zone_14,120.0,117,6.6,0,2,18,medium,0
2024-01-31 19:00:00,Zone_19,97.0,87,26.9,0,2,19,low,0
2024-01-31 20:00:00,Zone_07,27.0,27,29.0,0,2,20,medium,0
2024-01-31 21:00:00,Zone_03,39.0,44,32.7,0,2,21,medium,0
2024-01-31 22:00:00,Zone_15,15.0,11,31.4,0,2,22,low,0
2024-01-31 23:00:00,Zone_14,34.0,38,15.8,0,2,23,high,0
2024-02-01 00:00:00,Zone_11,101.0,97,32.3,0,3,0,medium,1
2024-02-01 01:00:00,Zone_15,14.0,9,33.2,0,3,1,high,0
2024-02-01 02:00:00,Zone_13,4.0,1,19.9,1,3,2,low,0
2024-02-01 03:00:00,Zone_18,30.0,23,22.2,1,3,3,high,0
2024-02-01 04:00:00,Zone_06,112.0,111,14.5,0,3,4,low,1
2024-02-01 05:00:00,Zone_03,15.0,23,33.8,1,3,5,medium,0
2024-02-01 06:00:00,Zone_19,15.0,14,9.9,0,3,6,low,0
2024-02-01 07:00:00,Zone_15,109.0,110,26.3,1,3,7,high,0
2024-02-01 08:00:00,Zone_05,94.0,103,17.2,0,3,8,medium,0
2024-02-01 09:00:00,Zone_10,67.0,65,13.1,0,3,9,low,0
2024-02-01 10:00:00,Zone_07,16.0,12,7.0,0,3,10,low,0
2024-02-01 11:00:00,Zone_17,90.0,80,20.3,0,3,11,low,1
2024-02-01 12:00:00,Zone_07,18.0,27,11.9,1,3,12,low,0
2024-02-01 13:00:00,Zone_12,37.0,32,22.5,0,3,13,medium,0
2024-02-01 14:00:00,Zone_17,32.0,37,36.2,1,3,14,medium,0
2024-02-01 15:00:00,Zone_13,47.0,52,23.6,0,3,15,high,0
2024-02-01 16:00:00,Zone_20,32.0,23,38.0,0,3,16,high,0
2024-02-01 17:00:00,Zone_04,112.0,104,14.1,0,3,17,medium,0
2024-02-01 18:00:00,Zone_10,115.0,123,11.8,0,3,18,low,0
2024-02-01 19:00:00,Zone_03,93.0,88,13.8,0,3,19,medium,0
2024-02-01 20:00:00,Zone_09,99.0,98,21.5,0,3,20,medium,1
2024-02-01 21:00:00,Zone_13,27.0,24,43.8,0,3,21,medium,0
2024-02-01 22:00:00,Zone_18,21.0,11,8.7,0,3,22,medium,0
2024-02-01 23:00:00,Zone_15,34.0,26,27.0,0,3,23,high,0
2024-02-02 00:00:00,Zone_04,106.0,96,16.4,1,4,0,high,1
2024-02-02 01:00:00,Zone_15,2.0,1,20.2,1,4,1,low,0
2024-02-02 02:00:00,Zone_02,3.0,1,11.9,0,4,2,low,0
2024-02-02 03:00:00,Zone_15,24.0,24,29.0,1,4,3,high,0
2024-02-02 04:00:00,Zone_08,17.0,16,21.6,0,4,4,high,0
2024-02-02 05:00:00,Zone_08,7.0,16,30.7,0,4,5,low,0
2024-02-02 06:00:00,Zone_17,132.0,132,,0,4,6,medium,1
2024-02-02 07:00:00,Zone_12,197.0,206,6.5,0,4,7,medium,1
2024-02-02 08:00:00,Zone_19,79.0,85,30.8,0,4,8,medium,0
2024-02-02 09:00:00,Zone_10,86.0,89,5.9,0,4,9,low,0
2024-02-02 10:00:00,Zone_09,43.0,36,7.0,0,4,10,high,0
2024-02-02 11:00:00,Zone_05,23.0,13,14.7,0,4,11,medium,0
2024-02-02 12:00:00,Zone_06,21.0,15,14.8,0,4,12,low,0
2024-02-02 13:00:00,Zone_20,35.0,26,33.2,0,4,13,medium,0
2024-02-02 14:00:00,Zone_02,39.0,38,20.6,1,4,14,medium,0
2024-02-02 15:00:00,Zone_13,162.0,169,32.0,0,4,15,high,1
2024-02-02 16:00:00,Zone_06,28.0,26,17.5,0,4,16,low,0
2024-02-02 17:00:00,Zone_05,110.0,117,24.5,0,4,17,high,0
2024-02-02 18:00:00,Zone_01,,85,25.8,0,4,18,low,0
2024-02-02 19:00:00,Zone_06,168.0,169,27.6,1,4,19,medium,1
2024-02-02 20:00:00,Zone_06,23.0,28,,0,4,20,medium,0
2024-02-02 21:00:00,Zone_16,24.0,15,19.0,1,4,21,medium,0
2024-02-02 22:00:00,Zone_04,37.0,28,19.6,0,4,22,medium,0
2024-02-02 23:00:00,Zone_11,47.0,52,8.8,0,4,23,high,0
2024-02-03 00:00:00,Zone_09,9.0,2,21.3,0,5,0,medium,0
2024-02-03 01:00:00,Zone_03,2.0,1,18.9,1,5,1,medium,0
2024-02-03 02:00:00,Zone_19,1.0,10,26.6,0,5,2,low,0
2024-02-03 03:00:00,Zone_08,23.0,14,22.7,0,5,3,low,0
2024-02-03 04:00:00,Zone_05,10.0,1,32.7,0,5,4,low,0
2024-02-03 05:00:00,Zone_04,24.0,33,22.6,0,5,5,high,0
2024-02-03 06:00:00,Zone_06,35.0,36,17.5,0,5,6,high,0
2024-02-03 07:00:00,Zone_02,110.0,112,22.5,1,5,7,high,0
2024-02-03 08:00:00,Zone_20,,80,27.8,0,5,8,low,0
2024-02-03 09:00:00,Zone_11,92.0,82,7.8,0,5,9,medium,0
2024-02-03 10:00:00,Zone_04,26.0,22,16.3,0,5,10,low,0
2024-02-03 11:00:00,Zone_15,47.0,55,16.4,0,5,11,high,0
2024-02-03 12:00:00,Zone_06,19.0,21,25.3,0,5,12,medium,0
2024-02-03 13:00:00,Zone_17,29.0,22,26.2,0,5,13,low,0
2024-02-03 14:00:00,Zone_06,28.0,33,22.8,0,5,14,medium,0
2024-02-03 15:00:00,Zone_19,9.0,16,2.2,0,5,15,low,0
2024-02-03 16:00:00,Zone_02,33.0,37,8.8,0,5,16,medium,0
2024-02-03 17:00:00,Zone_15,148.0,148,20.1,0,5,17,medium,1
2024-02-03 18:00:00,Zone_11,84.0,78,18.0,0,5,18,medium,0
2024-02-03 19:00:00,Zone_08,225.0,228,22.0,0,5,19,high,1
2024-02-03 20:00:00,Zone_19,28.0,28,18.2,1,5,20,medium,0
2024-02-03 21:00:00,Zone_13,96.0,103,34.3,0,5,21,medium,1
2024-02-03 22:00:00,Zone_12,61.0,58,3.6,0,5,22,high,0
2024-02-03 23:00:00,Zone_05,143.0,141,24.4,0,5,23,medium,1
2024-02-04 00:00:00,Zone_06,12.0,13,28.6,0,6,0,low,0
2024-02-04 01:00:00,Zone_04,23.0,30,27.6,0,6,1,high,0
2024-02-04 02:00:00,Zone_19,1.0,1,28.3,0,6,2,low,0
2024-02-04 03:00:00,Zone_20,1.0,1,29.4,0,6,3,low,0
2024-02-04 04:00:00,Zone_01,119.0,117,17.2,1,6,4,low,1
2024-02-04 05:00:00,Zone_20,9.0,6,13.2,0,6,5,low,0
2024-02-04 06:00:00,Zone_17,22.0,29,5.7,0,6,6,low,0
2024-02-04 07:00:00,Zone_12,100.0,106,19.1,1,6,7,low,0
2024-02-04 08:00:00,Zone_15,69.0,71,15.8,1,6,8,medium,0
2024-02-04 09:00:00,Zone_01,102.0,97,31.3,1,6,9,low,0
2024-02-04 10:00:00,Zone_14,29.0,25,19.7,0,6,10,low,0
2024-02-04 11:00:00,Zone_06,29.0,20,13.8,0,6,11,medium,0
2024-02-04 12:00:00,Zone_05,32.0,23,12.5,0,6,12,low,0
2024-02-04 13:00:00,Zone_11,19.0,20,37.9,0,6,13,low,0
2024-02-04 14:00:00,Zone_04,111.0,102,21.8,0,6,14,medium,1
2024-02-04 15:00:00,Zone_13,92.0,82,15.7,0,6,15,low,1
2024-02-04 16:00:00,Zone_11,29.0,20,23.0,0,6,16,low,0
2024-02-04 17:00:00,Zone_03,180.0,174,37.2,0,6,17,medium,1
2024-02-04 18:00:00,Zone_01,109.0,109,18.9,0,6,18,medium,0
2024-02-04 19:00:00,Zone_06,191.0,194,27.5,0,6,19,medium,1
2024-02-04 20:00:00,Zone_18,143.0,140,31.5,1,6,20,high,1
2024-02-04 21:00:00,Zone_10,28.0,34,6.9,0,6,21,medium,0
2024-02-04 22:00:00,Zone_05,,164,16.9,1,6,22,medium,1
2024-02-04 23:00:00,Zone_10,61.0,58,30.5,0,6,23,low,0
2024-02-05 00:00:00,Zone_12,19.0,23,16.4,0,0,0,high,0
2024-02-05 01:00:00,Zone_02,8.0,4,25.3,1,0,1,low,0
2024-02-05 02:00:00,Zone_13,105.0,109,15.9,0,0,2,medium,1
2024-02-05 03:00:00,Zone_08,10.0,8,18.4,0,0,3,medium,0
2024-02-05 04:00:00,Zone_02,80.0,83,17.5,0,0,4,medium,1
2024-02-05 05:00:00,Zone_20,23.0,27,27.1,1,0,5,high,0
2024-02-05 06:00:00,Zone_01,155.0,155,23.6,1,0,6,high,1
2024-02-05 07:00:00,Zone_05,103.0,96,22.8,0,0,7,low,0
2024-02-05 08:00:00,Zone_09,72.0,75,42.1,0,0,8,low,0
2024-02-05 09:00:00,Zone_17,101.0,105,35.9,0,0,9,high,0
2024-02-05 10:00:00,Zone_09,41.0,34,6.2,0,0,10,medium,0
2024-02-05 11:00:00,Zone_11,39.0,42,18.5,1,0,11,medium,0
2024-02-05 12:00:00,Zone_15,75.0,68,41.4,0,0,12,medium,1
2024-02-05 13:00:00,Zone_06,38.0,36,17.4,1,0,13,medium,0
2024-02-05 14:00:00,Zone_03,43.0,33,38.7,1,0,14,high,0
2024-02-05 15:00:00,Zone_17,32.0,29,18.6,0,0,15,medium,0
2024-02-05 16:00:00,Zone_05,110.0,114,20.1,1,0,16,medium,1
2024-02-05 17:00:00,Zone_12,,120,28.9,1,0,17,medium,0
2024-02-05 18:00:00,Zone_18,122.0,112,21.3,0,0,18,high,0
2024-02-05 19:00:00,Zone_14,78.0,73,26.0,0,0,19,medium,0
2024-02-05 20:00:00,Zone_11,31.0,40,34.6,0,0,20,medium,0
2024-02-05 21:00:00,Zone_09,42.0,45,28.1,1,0,21,high,0
2024-02-05 22:00:00,Zone_02,33.0,30,23.1,0,0,22,medium,0
2024-02-05 23:00:00,Zone_12,25.0,21,35.4,1,0,23,medium,0
2024-02-06 00:00:00,Zone_03,1.0,6,29.0,0,1,0,medium,0
2024-02-06 01:00:00,Zone_03,11.0,1,16.1,0,1,1,medium,0
2024-02-06 02:00:00,Zone_01,6.0,5,37.8,0,1,2,low,0
2024-02-06 03:00:00,Zone_08,4.0,5,27.1,0,1,3,medium,0
2024-02-06 04:00:00,Zone_08,5.0,3,20.3,1,1,4,medium,0
2024-02-06 05:00:00,Zone_11,2.0,1,5.8,0,1,5,medium,0
2024-02-06 06:00:00,Zone_09,42.0,41,11.0,1,1,6,high,0
2024-02-06 07:00:00,Zone_05,65.0,57,35.6,0,1,7,medium,0
2024-02-06 08:00:00,Zone_14,174.0,165,35.9,1,1,8,high,1
2024-02-06 09:00:00,Zone_03,97.0,95,22.7,0,1,9,low,0
2024-02-06 10:00:00,Zone_05,114.0,120,7.8,0,1,10,low,1
2024-02-06 11:00:00,Zone_05,97.0,91,13.3,0,1,11,medium,1
2024-02-06 12:00:00,Zone_19,28.0,29,9.0,0,1,12,medium,0
2024-02-06 13:00:00,Zone_14,12.0,5,8.7,0,1,13,low,0
2024-02-06 14:00:00,Zone_04,11.0,10,38.2,0,1,14,low,0
2024-02-06 15:00:00,Zone_13,25.0,31,38.5,0,1,15,medium,0
2024-02-06 16:00:00,Zone_10,41.0,32,13.0,1,1,16,medium,0
2024-02-06 17:00:00,Zone_18,83.0,92,21.9,0,1,17,medium,0
2024-02-06 18:00:00,Zone_08,100.0,95,11.7,1,1,18,high,0
2024-02-06 19:00:00,Zone_08,117.0,111,21.9,0,1,19,high,0
2024-02-06 20:00:00,Zone_07,24.0,21,35.1,1,1,20,medium,0
2024-02-06 21:00:00,Zone_08,37.0,42,30.6,0,1,21,medium,0
2024-02-06 22:00:00,Zone_14,26.0,18,28.5,0,1,22,medium,0
2024-02-06 23:00:00,Zone_19,49.0,47,20.4,0,1,23,high,0
2024-02-07 00:00:00,Zone_06,24.0,17,32.1,0,2,0,high,0
2024-02-07 01:00:00,Zone_01,1.0,1,27.2,0,2,1,low,0
2024-02-07 02:00:00,Zone_15,12.0,7,25.2,1,2,2,low,0
2024-02-07 03:00:00,Zone_01,1.0,8,21.1,0,2,3,low,0
2024-02-07 04:00:00,Zone_17,89.0,82,24.5,0,2,4,medium,1
2024-02-07 05:00:00,Zone_01,21.0,22,24.3,0,2,5,medium,0
2024-02-07 06:00:00,Zone_15,33.0,36,17.7,0,2,6,medium,0
2024-02-07 07:00:00,Zone_02,92.0,84,15.8,1,2,7,low,0
2024-02-07 08:00:00,Zone_14,99.0,107,14.0,0,2,8,medium,0
2024-02-07 09:00:00,Zone_08,157.0,148,14.5,1,2,9,high,1
2024-02-07 10:00:00,Zone_08,45.0,36,20.5,1,2,10,medium,0
2024-02-07 11:00:00,Zone_19,28.0,34,,0,2,11,low,0
2024-02-07 12:00:00,Zone_07,129.0,123,17.0,0,2,12,medium,1
2024-02-07 13:00:00,Zone_19,22.0,12,16.4,1,2,13,medium,0
2024-02-07 14:00:00,Zone_06,61.0,66,24.3,0,2,14,high,0
2024-02-07 15:00:00,Zone_06,27.0,22,33.0,0,2,15,medium,0
2024-02-07 16:00:00,Zone_03,23.0,17,21.9,0,2,16,medium,0
2024-02-07 17:00:00,Zone_07,192.0,193,21.4,1,2,17,medium,1
2024-02-07 18:00:00,Zone_19,96.0,102,14.5,0,2,18,medium,0
2024-02-07 19:00:00,Zone_08,70.0,70,20.2,0,2,19,medium,0
2024-02-07 20:00:00,Zone_10,35.0,43,31.5,0,2,20,low,0
2024-02-07 21:00:00,Zone_20,27.0,18,30.3,0,2,21,medium,0
2024-02-07 22:00:00,Zone_15,17.0,22,29.7,0,2,22,low,0
2024-02-07 23:00:00,Zone_15,29.0,37,29.5,1,2,23,low,0
2024-02-08 00:00:00,Zone_01,3.0,1,25.5,1,3,0,medium,0
2024-02-08 01:00:00,Zone_20,10.0,3,25.2,1,3,1,low,0
2024-02-08 02:00:00,Zone_07,111.0,106,24.0,1,3,2,low,1
2024-02-08 03:00:00,Zone_04,17.0,26,18.7,0,3,3,medium,0
2024-02-08 04:00:00,Zone_06,1.0,1,22.7,0,3,4,medium,0
2024-02-08 05:00:00,Zone_01,83.0,81,23.7,0,3,5,low,1
2024-02-08 06:00:00,Zone_05,24.0,32,27.1,0,3,6,medium,0
2024-02-08 07:00:00,Zone_01,81.0,71,22.8,0,3,7,low,0
2024-02-08 08:00:00,Zone_04,63.0,55,38.8,0,3,8,low,0
2024-02-08 09:00:00,Zone_02,85.0,75,12.3,0,3,9,medium,0
2024-02-08 10:00:00,Zone_10,32.0,36,28.0,0,3,10,low,0
2024-02-08 11:00:00,Zone_05,60.0,54,21.7,0,3,11,high,0
2024-02-08 12:00:00,Zone_10,33.0,38,22.0,0,3,12,low,0
2024-02-08 13:00:00,Zone_01,42.0,36,15.5,0,3,13,high,0
2024-02-08 14:00:00,Zone_06,49.0,57,30.2,0,3,14,high,0
2024-02-08 15:00:00,Zone_13,42.0,43,27.2,0,3,15,high,0
2024-02-08 16:00:00,Zone_15,24.0,26,28.7,0,3,16,medium,0
2024-02-08 17:00:00,Zone_04,125.0,122,23.4,1,3,17,high,0
2024-02-08 18:00:00,Zone_13,209.0,215,19.4,1,3,18,high,1
2024-02-08 19:00:00,Zone_20,191.0,192,21.5,0,3,19,low,1
2024-02-08 20:00:00,Zone_15,105.0,108,25.5,0,3,20,medium,1
2024-02-08 21:00:00,Zone_08,119.0,119,6.0,0,3,21,low,1
2024-02-08 22:00:00,Zone_05,18.0,8,29.0,0,3,22,medium,0
2024-02-08 23:00:00,Zone_15,21.0,12,41.4,1,3,23,medium,0
2024-02-09 00:00:00,Zone_04,6.0,11,25.8,0,4,0,low,0
2024-02-09 01:00:00,Zone_12,20.0,11,19.8,1,4,1,high,0
2024-02-09 02:00:00,Zone_13,5.0,1,20.7,0,4,2,low,0
2024-02-09 03:00:00,Zone_02,24.0,14,27.7,0,4,3,high,0
2024-02-09 04:00:00,Zone_19,3.0,2,19.9,1,4,4,low,0
2024-02-09 05:00:00,Zone_19,79.0,86,28.9,0,4,5,medium,1
2024-02-09 06:00:00,Zone_04,17.0,8,20.6,1,4,6,low,0
2024-02-09 07:00:00,Zone_04,52.0,44,35.7,0,4,7,low,0
2024-02-09 08:00:00,Zone_11,89.0,92,35.5,0,4,8,medium,0
2024-02-09 09:00:00,Zone_05,90.0,91,19.4,1,4,9,low,0
2024-02-09 10:00:00,Zone_20,30.0,28,21.4,1,4,10,medium,0
2024-02-09 11:00:00,Zone_11,40.0,42,21.8,0,4,11,,0
2024-02-09 12:00:00,Zone_10,121.0,120,21.9,0,4,12,low,1
2024-02-09 13:00:00,Zone_08,46.0,41,14.4,0,4,13,high,0
2024-02-09 14:00:00,Zone_06,29.0,23,13.3,0,4,14,low,0
2024-02-09 15:00:00,Zone_06,80.0,87,32.0,1,4,15,low,1
2024-02-09 16:00:00,Zone_08,25.0,21,30.7,1,4,16,low,0
2024-02-09 17:00:00,Zone_15,134.0,139,30.6,0,4,17,high,0
2024-02-09 18:00:00,Zone_14,229.0,229,21.4,0,4,18,low,1
2024-02-09 19:00:00,Zone_11,222.0,221,37.1,0,4,19,high,1
2024-02-09 20:00:00,Zone_12,39.0,36,21.8,0,4,20,high,0
2024-02-09 21:00:00,Zone_13,90.0,84,28.9,1,4,21,medium,1
2024-02-09 22:00:00,Zone_08,22.0,12,10.9,1,4,22,medium,0
2024-02-09 23:00:00,Zone_18,115.0,107,20.2,0,4,23,high,1
2024-02-10 00:00:00,Zone_01,18.0,22,20.8,1,5,0,medium,0
2024-02-10 01:00:00,Zone_15,70.0,69,21.5,0,5,1,low,1
2024-02-10 02:00:00,Zone_08,20.0,10,11.4,1,5,2,medium,0
2024-02-10 03:00:00,Zone_11,13.0,12,27.6,0,5,3,high,0
2024-02-10 04:00:00,Zone_12,21.0,26,30.2,0,5,4,high,0
2024-02-10 05:00:00,Zone_12,4.0,5,16.0,0,5,5,low,0
2024-02-10 06:00:00,Zone_04,28.0,22,12.8,0,5,6,low,0
2024-02-10 07:00:00,Zone_16,76.0,76,15.8,0,5,7,high,0
2024-02-10 08:00:00,Zone_04,86.0,80,26.0,0,5,8,low,0
2024-02-10 09:00:00,Zone_05,102.0,97,17.2,0,5,9,,0
2024-02-10 10:00:00,Zone_05,20.0,11,20.9,0,5,10,low,0
2024-02-10 11:00:00,Zone_08,148.0,147,13.4,1,5,11,high,1
2024-02-10 12:00:00,Zone_10,103.0,96,37.8,0,5,12,high,1
2024-02-10 13:00:00,Zone_17,110.0,111,22.6,0,5,13,low,1
2024-02-10 14:00:00,Zone_09,13.0,7,31.2,0,5,14,low,0
2024-02-10 15:00:00,Zone_19,23.0,28,25.9,1,5,15,medium,0
2024-02-10 16:00:00,Zone_14,24.0,32,21.7,0,5,16,low,0
2024-02-10 17:00:00,Zone_08,108.0,112,21.3,0,5,17,medium,0
2024-02-10 18:00:00,Zone_09,111.0,119,16.2,0,5,18,medium,0
2024-02-10 19:00:00,Zone_11,103.0,104,18.4,1,5,19,low,0
2024-02-10 20:00:00,Zone_01,23.0,13,13.9,0,5,20,medium,0
2024-02-10 21:00:00,Zone_14,110.0,109,13.1,0,5,21,high,1
2024-02-10 22:00:00,Zone_05,65.0,62,38.7,0,5,22,medium,0
2024-02-10 23:00:00,Zone_14,43.0,35,24.2,1,5,23,low,0
2024-02-11 00:00:00,Zone_04,11.0,12,33.7,0,6,0,medium,0
2024-02-11 01:00:00,Zone_01,122.0,118,15.6,0,6,1,high,1
2024-02-11 02:00:00,Zone_19,14.0,23,12.0,0,6,2,medium,0
2024-02-11 03:00:00,Zone_08,4.0,1,14.2,0,6,3,low,0
2024-02-11 04:00:00,Zone_15,8.0,2,18.6,1,6,4,low,0
2024-02-11 05:00:00,Zone_15,95.0,98,22.3,0,6,5,high,1
2024-02-11 06:00:00,Zone_09,42.0,38,20.8,0,6,6,high,0
2024-02-11 07:00:00,Zone_09,86.0,90,15.8,0,6,7,medium,0
2024-02-11 08:00:00,Zone_10,87.0,92,22.7,0,6,8,low,0
2024-02-11 09:00:00,Zone_20,98.0,106,23.4,1,6,9,medium,0
2024-02-11 10:00:00,Zone_09,37.0,28,27.6,0,6,10,high,0
2024-02-11 11:00:00,Zone_03,17.0,8,33.8,0,6,11,medium,0
2024-02-11 12:00:00,Zone_20,25.0,23,19.1,0,6,12,low,0
2024-02-11 13:00:00,Zone_11,28.0,27,31.7,0,6,13,medium,0
2024-02-11 14:00:00,Zone_06,44.0,37,22.5,0,6,14,high,0
2024-02-11 15:00:00,Zone_02,25.0,15,9.8,0,6,15,low,0
2024-02-11 16:00:00,Zone_07,19.0,13,36.3,0,6,16,medium,0
2024-02-11 17:00:00,Zone_18,117.0,125,,0,6,17,medium,0
2024-02-11 18:00:00,Zone_02,90.0,80,27.0,0,6,18,medium,0
2024-02-11 19:00:00,Zone_17,104.0,110,22.7,0,6,19,medium,0
2024-02-11 20:00:00,Zone_11,28.0,36,19.8,0,6,20,medium,0
2024-02-11 21:00:00,Zone_12,26.0,18,18.3,1,6,21,low,0
2024-02-11 22:00:00,Zone_19,54.0,46,31.7,0,6,22,low,0
2024-02-11 23:00:00,Zone_07,64.0,65,21.9,0,6,23,medium,0
2024-02-12 00:00:00,Zone_20,1.0,9,35.4,1,0,0,low,0
2024-02-12 01:00:00,Zone_06,93.0,93,22.3,0,0,1,medium,1
2024-02-12 02:00:00,Zone_01,21.0,20,18.7,0,0,2,medium,0
2024-02-12 03:00:00,Zone_17,93.0,92,17.2,0,0,3,low,1
2024-02-12 04:00:00,Zone_11,5.0,1,16.1,0,0,4,medium,0
2024-02-12 05:00:00,Zone_18,104.0,111,26.1,0,0,5,medium,1
2024-02-12 06:00:00,Zone_17,31.0,25,11.6,0,0,6,low,0
2024-02-12 07:00:00,Zone_07,89.0,84,15.5,1,0,7,medium,0
2024-02-12 08:00:00,Zone_17,,108,32.6,0,0,8,high,0
2024-02-12 09:00:00,Zone_20,92.0,94,14.4,0,0,9,medium,0
2024-02-12 10:00:00,Zone_09,104.0,94,28.9,0,0,10,medium,1
2024-02-12 11:00:00,Zone_17,22.0,15,5.5,0,0,11,low,0
2024-02-12 12:00:00,Zone_20,25.0,24,33.6,0,0,12,low,0
2024-02-12 13:00:00,Zone_08,146.0,151,11.8,0,0,13,low,1
2024-02-12 14:00:00,Zone_17,44.0,49,15.0,0,0,14,high,0
2024-02-12 15:00:00,Zone_07,24.0,30,27.4,0,0,15,medium,0
2024-02-12 16:00:00,Zone_01,16.0,16,24.2,0,0,16,low,0
2024-02-12 17:00:00,Zone_13,102.0,99,29.2,0,0,17,medium,0
2024-02-12 18:00:00,Zone_19,102.0,105,11.8,0,0,18,low,0
2024-02-12 19:00:00,Zone_19,102.0,109,19.7,0,0,19,low,0
2024-02-12 20:00:00,Zone_17,15.0,5,17.1,0,0,20,medium,0
2024-02-12 21:00:00,Zone_13,133.0,131,13.1,0,0,21,low,1
2024-02-12 22:00:00,Zone_16,119.0,128,26.8,0,0,22,medium,1
2024-02-12 23:00:00,Zone_08,22.0,22,29.5,0,0,23,low,0
2024-02-13 00:00:00,Zone_19,13.0,6,19.3,0,1,0,medium,0
2024-02-13 01:00:00,Zone_18,22.0,13,34.2,0,1,1,high,0
2024-02-13 02:00:00,Zone_01,18.0,25,15.7,0,1,2,high,0
2024-02-13 03:00:00,Zone_14,38.0,32,34.0,0,1,3,high,0
2024-02-13 04:00:00,Zone_19,38.0,29,26.5,0,1,4,high,0
2024-02-13 05:00:00,Zone_15,70.0,70,12.2,0,1,5,medium,1
2024-02-13 06:00:00,Zone_18,17.0,8,,0,1,6,medium,0
2024-02-13 07:00:00,Zone_02,109.0,110,18.4,0,1,7,medium,0
2024-02-13 08:00:00,Zone_17,76.0,75,31.6,1,1,8,high,0
2024-02-13 09:00:00,Zone_18,195.0,203,23.2,1,1,9,medium,1
2024-02-13 10:00:00,Zone_06,32.0,25,25.0,0,1,10,low,0
2024-02-13 11:00:00,Zone_19,40.0,36,29.2,0,1,11,high,0
2024-02-13 12:00:00,Zone_04,52.0,55,28.8,0,1,12,high,0
2024-02-13 13:00:00,Zone_01,42.0,44,19.3,0,1,13,high,0
2024-02-13 14:00:00,Zone_08,123.0,113,26.3,0,1,14,,1
2024-02-13 15:00:00,Zone_07,135.0,144,25.7,0,1,15,low,1
2024-02-13 16:00:00,Zone_03,20.0,10,23.7,1,1,16,low,0
2024-02-13 17:00:00,Zone_10,83.0,74,,0,1,17,medium,0
2024-02-13 18:00:00,Zone_10,93.0,98,23.7,0,1,18,low,0
2024-02-13 19:00:00,Zone_19,101.0,92,37.7,0,1,19,medium,0
2024-02-13 20:00:00,Zone_14,28.0,29,19.6,1,1,20,low,0
2024-02-13 21:00:00,Zone_02,27.0,35,31.7,0,1,21,low,0
2024-02-13 22:00:00,Zone_01,,27,17.0,0,1,22,medium,0
2024-02-13 23:00:00,Zone_18,113.0,118,14.9,0,1,23,high,1
2024-02-14 00:00:00,Zone_07,1.0,6,45.0,1,2,0,low,0
2024-02-14 01:00:00,Zone_08,8.0,8,26.3,0,2,1,medium,0
2024-02-14 02:00:00,Zone_01,,1,26.5,0,2,2,low,0
2024-02-14 03:00:00,Zone_03,9.0,15,26.8,0,2,3,low,0
2024-02-14 04:00:00,Zone_08,114.0,110,33.3,0,2,4,medium,1
2024-02-14 05:00:00,Zone_15,20.0,20,25.3,0,2,5,medium,0
2024-02-14 06:00:00,Zone_05,38.0,40,28.5,0,2,6,high,0
2024-02-14 07:00:00,Zone_03,101.0,106,13.5,0,2,7,medium,0
2024-02-14 08:00:00,Zone_19,115.0,117,29.9,1,2,8,high,0
2024-02-14 09:00:00,Zone_01,68.0,65,20.1,0,2,9,low,0
2024-02-14 10:00:00,Zone_15,27.0,25,27.4,1,2,10,low,0
2024-02-14 11:00:00,Zone_08,20.0,14,8.3,0,2,11,low,0
2024-02-14 12:00:00,Zone_02,45.0,48,27.0,0,2,12,high,0
2024-02-14 13:00:00,Zone_03,26.0,26,4.1,0,2,13,low,0
2024-02-14 14:00:00,Zone_14,95.0,96,19.8,0,2,14,low,1
2024-02-14 15:00:00,Zone_14,38.0,47,8.4,0,2,15,medium,0
2024-02-14 16:00:00,Zone_11,27.0,36,27.1,1,2,16,low,0
2024-02-14 17:00:00,Zone_16,110.0,109,22.6,0,2,17,,0
2024-02-14 18:00:00,Zone_04,105.0,95,,0,2,18,low,0
2024-02-14 19:00:00,Zone_20,78.0,83,33.5,0,2,19,low,0
2024-02-14 20:00:00,Zone_05,27.0,23,14.8,0,2,20,medium,0
2024-02-14 21:00:00,Zone_14,77.0,82,0.0,0,2,21,medium,1
2024-02-14 22:00:00,Zone_16,32.0,35,26.1,1,2,22,low,0
2024-02-14 23:00:00,Zone_18,139.0,132,7.9,0,2,23,low,1
2024-02-15 00:00:00,Zone_07,26.0,18,15.1,0,3,0,high,0
2024-02-15 01:00:00,Zone_10,10.0,18,17.9,0,3,1,medium,0
2024-02-15 02:00:00,Zone_07,8.0,14,,0,3,2,medium,0
2024-02-15 03:00:00,Zone_01,14.0,15,18.1,0,3,3,medium,0
2024-02-15 04:00:00,Zone_19,1.0,7,10.8,1,3,4,low,0
2024-02-15 05:00:00,Zone_16,111.0,101,23.3,0,3,5,high,1
2024-02-15 06:00:00,Zone_19,24.0,14,12.2,0,3,6,medium,0
2024-02-15 07:00:00,Zone_04,72.0,72,22.2,0,3,7,low,0
2024-02-15 08:00:00,Zone_18,74.0,66,31.3,0,3,8,medium,0
2024-02-15 09:00:00,Zone_02,67.0,60,28.3,0,3,9,low,0
2024-02-15 10:00:00,Zone_01,30.0,26,21.3,0,3,10,low,0
2024-02-15 11:00:00,Zone_15,45.0,52,14.1,0,3,11,high,0
2024-02-15 12:00:00,Zone_05,55.0,64,23.3,1,3,12,high,0
2024-02-15 13:00:00,Zone_20,16.0,12,16.4,0,3,13,low,0
2024-02-15 14:00:00,Zone_11,22.0,22,23.6,0,3,14,medium,0
2024-02-15 15:00:00,Zone_10,39.0,42,8.3,0,3,15,high,0
2024-02-15 16:00:00,Zone_02,41.0,38,28.5,0,3,16,low,0
2024-02-15 17:00:00,Zone_03,105.0,114,22.3,0,3,17,medium,0
2024-02-15 18:00:00,Zone_12,80.0,85,39.7,0,3,18,medium,0
2024-02-15 19:00:00,Zone_20,96.0,103,32.4,0,3,19,medium,0
2024-02-15 20:00:00,Zone_05,103.0,104,26.5,0,3,20,medium,1
2024-02-15 21:00:00,Zone_05,38.0,36,21.0,1,3,21,medium,0
2024-02-15 22:00:00,Zone_06,50.0,59,,0,3,22,high,0
2024-02-15 23:00:00,Zone_09,29.0,27,29.5,0,3,23,,0
2024-02-16 00:00:00,Zone_02,23.0,25,20.2,0,4,0,high,0
2024-02-16 01:00:00,Zone_12,84.0,79,31.3,0,4,1,low,1
2024-02-16 02:00:00,Zone_03,1.0,1,25.2,0,4,2,low,0
2024-02-16 03:00:00,Zone_20,2.0,1,25.3,0,4,3,low,0
2024-02-16 04:00:00,Zone_12,10.0,10,26.8,0,4,4,medium,0
2024-02-16 05:00:00,Zone_17,4.0,7,14.6,0,4,5,low,0
2024-02-16 06:00:00,Zone_10,48.0,53,13.8,0,4,6,high,0
2024-02-16 07:00:00,Zone_14,82.0,78,13.5,1,4,7,medium,0
2024-02-16 08:00:00,Zone_17,67.0,74,30.4,0,4,8,low,0
2024-02-16 09:00:00,Zone_18,63.0,60,14.4,0,4,9,medium,0
2024-02-16 10:00:00,Zone_19,51.0,54,15.4,0,4,10,high,0
2024-02-16 11:00:00,Zone_17,24.0,23,26.3,0,4,11,medium,0
2024-02-16 12:00:00,Zone_14,117.0,120,20.0,0,4,12,low,1
2024-02-16 13:00:00,Zone_09,164.0,173,19.0,1,4,13,high,1
2024-02-16 14:00:00,Zone_08,17.0,19,18.3,0,4,14,medium,0
2024-02-16 15:00:00,Zone_02,20.0,26,3.4,0,4,15,medium,0
2024-02-16 16:00:00,Zone_13,27.0,22,14.3,1,4,16,low,0
2024-02-16 17:00:00,Zone_07,77.0,81,31.5,0,4,17,medium,0
2024-02-16 18:00:00,Zone_09,235.0,232,17.7,0,4,18,high,1
2024-02-16 19:00:00,Zone_11,156.0,150,6.8,0,4,19,low,1
2024-02-16 20:00:00,Zone_14,111.0,108,13.9,1,4,20,low,1
2024-02-16 21:00:00,Zone_04,45.0,43,24.9,1,4,21,high,0
2024-02-16 22:00:00,Zone_13,28.0,24,24.7,0,4,22,low,0
2024-02-16 23:00:00,Zone_02,120.0,127,19.6,1,4,23,high,1
2024-02-17 00:00:00,Zone_05,,4,16.5,1,5,0,low,0
2024-02-17 01:00:00,Zone_11,4.0,1,10.8,0,5,1,medium,0
2024-02-17 02:00:00,Zone_06,7.0,1,,1,5,2,low,0
2024-02-17 03:00:00,Zone_18,23.0,29,28.7,0,5,3,high,0
2024-02-17 04:00:00,Zone_10,1.0,1,32.3,0,5,4,medium,0
2024-02-17 05:00:00,Zone_04,23.0,26,13.1,0,5,5,high,0
2024-02-17 06:00:00,Zone_09,23.0,29,32.9,0,5,6,medium,0
2024-02-17 07:00:00,Zone_06,84.0,90,21.5,0,5,7,low,0
2024-02-17 08:00:00,Zone_02,67.0,68,22.2,0,5,8,low,0
2024-02-17 09:00:00,Zone_17,98.0,103,29.1,0,5,9,medium,0
2024-02-17 10:00:00,Zone_05,30.0,22,17.7,0,5,10,medium,0
2024-02-17 11:00:00,Zone_06,34.0,40,4.7,0,5,11,,0
2024-02-17 12:00:00,Zone_12,33.0,24,27.6,0,5,12,medium,0
2024-02-17 13:00:00,Zone_10,39.0,41,24.8,0,5,13,medium,0
2024-02-17 14:00:00,Zone_06,168.0,171,19.1,0,5,14,high,1
2024-02-17 15:00:00,Zone_08,23.0,16,27.0,1,5,15,low,0
2024-02-17 16:00:00,Zone_02,47.0,42,,0,5,16,high,0
2024-02-17 17:00:00,Zone_12,101.0,110,9.9,0,5,17,medium,0
2024-02-17 18:00:00,Zone_13,106.0,104,22.2,0,5,18,medium,0
2024-02-17 19:00:00,Zone_07,78.0,81,3.8,0,5,19,low,0
2024-02-17 20:00:00,Zone_10,27.0,33,21.0,0,5,20,low,0
2024-02-17 21:00:00,Zone_13,18.0,15,19.0,0,5,21,low,0
2024-02-17 22:00:00,Zone_17,93.0,101,25.9,0,5,22,high,0
2024-02-17 23:00:00,Zone_14,96.0,87,13.4,0,5,23,,0
2024-02-18 00:00:00,Zone_02,67.0,73,18.6,0,6,0,low,1
2024-02-18 01:00:00,Zone_11,126.0,122,0.0,1,6,1,high,1
2024-02-18 02:00:00,Zone_01,2.0,1,26.5,0,6,2,medium,0
2024-02-18 03:00:00,Zone_19,28.0,21,21.3,0,6,3,high,0
2024-02-18 04:00:00,Zone_04,4.0,11,22.7,0,6,4,low,0
2024-02-18 05:00:00,Zone_19,21.0,24,10.1,0,6,5,medium,0
2024-02-18 06:00:00,Zone_11,23.0,32,25.2,1,6,6,medium,0
2024-02-18 07:00:00,Zone_08,,62,35.2,1,6,7,low,0
2024-02-18 08:00:00,Zone_11,,110,20.5,0,6,8,medium,0
2024-02-18 09:00:00,Zone_04,88.0,89,27.2,0,6,9,medium,0
2024-02-18 10:00:00,Zone_17,28.0,24,15.0,0,6,10,low,0
2024-02-18 11:00:00,Zone_07,26.0,18,21.4,0,6,11,low,0
2024-02-18 12:00:00,Zone_08,44.0,38,9.7,0,6,12,high,0
2024-02-18 13:00:00,Zone_03,25.0,34,28.3,0,6,13,low,0
2024-02-18 14:00:00,Zone_02,95.0,85,23.3,0,6,14,low,1
2024-02-18 15:00:00,Zone_15,35.0,38,12.2,0,6,15,medium,0
2024-02-18 16:00:00,Zone_05,120.0,118,15.6,0,6,16,medium,1
2024-02-18 17:00:00,Zone_01,88.0,92,22.5,0,6,17,medium,0
2024-02-18 18:00:00,Zone_04,134.0,125,29.4,0,6,18,high,0
2024-02-18 19:00:00,Zone_15,111.0,118,33.8,0,6,19,low,0
2024-02-18 20:00:00,Zone_20,16.0,9,20.9,0,6,20,medium,0
2024-02-18 21:00:00,Zone_19,46.0,37,11.1,0,6,21,high,0
2024-02-18 22:00:00,Zone_03,82.0,84,23.9,0,6,22,high,0
2024-02-18 23:00:00,Zone_20,47.0,54,36.3,0,6,23,medium,0
2024-02-19 00:00:00,Zone_11,89.0,98,9.0,0,0,0,low,1
2024-02-19 01:00:00,Zone_17,8.0,1,14.4,0,0,1,medium,0
2024-02-19 02:00:00,Zone_13,3.0,1,26.9,0,0,2,low,0
2024-02-19 03:00:00,Zone_11,8.0,4,23.2,0,0,3,medium,0
2024-02-19 04:00:00,Zone_02,64.0,55,17.6,1,0,4,low,1
2024-02-19 05:00:00,Zone_09,7.0,10,23.8,0,0,5,low,0
2024-02-19 06:00:00,Zone_02,22.0,16,29.8,1,0,6,medium,0
2024-02-19 07:00:00,Zone_09,80.0,71,,0,0,7,,0
2024-02-19 08:00:00,Zone_09,110.0,108,20.5,0,0,8,medium,0
2024-02-19 09:00:00,Zone_08,86.0,91,26.7,0,0,9,,0
2024-02-19 10:00:00,Zone_17,90.0,87,19.8,1,0,10,medium,1
2024-02-19 11:00:00,Zone_01,140.0,135,31.1,1,0,11,medium,1
2024-02-19 12:00:00,Zone_11,126.0,118,38.2,0,0,12,medium,1
2024-02-19 13:00:00,Zone_08,15.0,11,14.9,1,0,13,low,0
2024-02-19 14:00:00,Zone_10,34.0,41,12.0,0,0,14,medium,0
2024-02-19 15:00:00,Zone_07,94.0,99,25.0,1,0,15,medium,1
2024-02-19 16:00:00,Zone_03,20.0,13,11.7,0,0,16,medium,0
2024-02-19 17:00:00,Zone_03,101.0,94,11.6,1,0,17,medium,0
2024-02-19 18:00:00,Zone_18,103.0,108,5.6,0,0,18,medium,0
2024-02-19 19:00:00,Zone_05,112.0,119,18.9,1,0,19,high,0
2024-02-19 20:00:00,Zone_12,126.0,117,21.7,1,0,20,,1
2024-02-19 21:00:00,Zone_12,29.0,30,17.9,0,0,21,medium,0
2024-02-19 22:00:00,Zone_19,26.0,24,33.1,0,0,22,medium,0
2024-02-19 23:00:00,Zone_06,30.0,26,32.5,0,0,23,low,0
2024-02-20 00:00:00,Zone_02,1.0,1,37.4,0,1,0,medium,0
2024-02-20 01:00:00,Zone_12,15.0,10,22.4,0,1,1,medium,0
2024-02-20 02:00:00,Zone_19,89.0,90,31.5,0,1,2,low,1
2024-02-20 03:00:00,Zone_05,124.0,121,24.5,1,1,3,medium,1
2024-02-20 04:00:00,Zone_12,12.0,11,23.7,0,1,4,medium,0
2024-02-20 05:00:00,Zone_17,28.0,21,18.3,0,1,5,high,0
2024-02-20 06:00:00,Zone_17,32.0,31,3.9,0,1,6,high,0
2024-02-20 07:00:00,Zone_10,96.0,92,27.1,1,1,7,low,0
2024-02-20 08:00:00,Zone_17,198.0,206,31.2,0,1,8,medium,1
2024-02-20 09:00:00,Zone_15,171.0,163,9.8,1,1,9,low,1
2024-02-20 10:00:00,Zone_12,28.0,29,21.9,1,1,10,low,0
2024-02-20 11:00:00,Zone_16,127.0,135,29.9,0,1,11,high,1
2024-02-20 12:00:00,Zone_19,81.0,80,19.1,0,1,12,low,1
2024-02-20 13:00:00,Zone_08,26.0,21,31.5,1,1,13,low,0
2024-02-20 14:00:00,Zone_17,126.0,135,20.9,0,1,14,high,1
2024-02-20 15:00:00,Zone_05,39.0,43,17.8,0,1,15,high,0
2024-02-20 16:00:00,Zone_16,43.0,51,32.0,0,1,16,high,0
2024-02-20 17:00:00,Zone_06,110.0,110,14.5,0,1,17,high,0
2024-02-20 18:00:00,Zone_08,102.0,99,16.2,0,1,18,,0
2024-02-20 19:00:00,Zone_18,99.0,98,14.8,0,1,19,low,0
2024-02-20 20:00:00,Zone_12,24.0,27,12.9,0,1,20,medium,0
2024-02-20 21:00:00,Zone_15,109.0,118,23.2,1,1,21,medium,1
2024-02-20 22:00:00,Zone_09,23.0,26,17.9,1,1,22,low,0
2024-02-20 23:00:00,Zone_13,48.0,52,,0,1,23,high,0
2024-02-21 00:00:00,Zone_15,9.0,10,8.1,0,2,0,medium,0
2024-02-21 01:00:00,Zone_10,3.0,9,13.0,1,2,1,,0
2024-02-21 02:00:00,Zone_16,13.0,12,22.4,0,2,2,low,0
2024-02-21 03:00:00,Zone_07,10.0,11,33.8,0,2,3,low,0
2024-02-21 04:00:00,Zone_17,24.0,32,25.0,1,2,4,high,0
2024-02-21 05:00:00,Zone_07,11.0,8,17.3,0,2,5,medium,0
2024-02-21 06:00:00,Zone_14,37.0,42,10.1,1,2,6,medium,0
2024-02-21 07:00:00,Zone_15,,175,,0,2,7,medium,1
2024-02-21 08:00:00,Zone_07,70.0,79,21.7,0,2,8,medium,0
2024-02-21 09:00:00,Zone_09,109.0,108,3.1,0,2,9,high,0
2024-02-21 10:00:00,Zone_19,27.0,27,12.3,0,2,10,medium,0
2024-02-21 11:00:00,Zone_16,38.0,33,16.1,0,2,11,high,0
2024-02-21 12:00:00,Zone_08,39.0,46,19.9,1,2,12,high,0
2024-02-21 13:00:00,Zone_18,51.0,53,21.6,0,2,13,high,0
2024-02-21 14:00:00,Zone_18,24.0,24,17.1,0,2,14,medium,0
2024-02-21 15:00:00,Zone_20,43.0,46,26.0,0,2,15,high,0
2024-02-21 16:00:00,Zone_07,13.0,16,23.0,1,2,16,medium,0
2024-02-21 17:00:00,Zone_03,212.0,205,19.0,1,2,17,high,1
2024-02-21 18:00:00,Zone_18,131.0,130,27.2,0,2,18,high,0
2024-02-21 19:00:00,Zone_10,121.0,130,26.5,0,2,19,high,0
2024-02-21 20:00:00,Zone_07,49.0,56,10.4,0,2,20,high,0
2024-02-21 21:00:00,Zone_17,26.0,24,21.7,0,2,21,medium,0
2024-02-21 22:00:00,Zone_14,23.0,25,29.1,0,2,22,low,0
2024-02-21 23:00:00,Zone_03,23.0,31,30.5,0,2,23,low,0
2024-02-22 00:00:00,Zone_12,27.0,24,25.0,0,3,0,high,0
2024-02-22 01:00:00,Zone_13,8.0,8,20.1,0,3,1,low,0
2024-02-22 02:00:00,Zone_02,6.0,3,25.4,0,3,2,medium,0
2024-02-22 03:00:00,Zone_03,15.0,22,28.5,1,3,3,medium,0
2024-02-22 04:00:00,Zone_05,10.0,16,22.9,1,3,4,medium,0
2024-02-22 05:00:00,Zone_11,25.0,24,23.8,0,3,5,high,0
2024-02-22 06:00:00,Zone_08,28.0,27,20.0,0,3,6,medium,0
2024-02-22 07:00:00,Zone_12,76.0,69,11.3,0,3,7,high,0
2024-02-22 08:00:00,Zone_07,89.0,86,20.6,0,3,8,medium,0
2024-02-22 09:00:00,Zone_15,164.0,155,16.6,0,3,9,high,1
2024-02-22 10:00:00,Zone_17,133.0,136,16.6,0,3,10,low,1
2024-02-22 11:00:00,Zone_04,21.0,18,33.5,1,3,11,low,0
2024-02-22 12:00:00,Zone_13,45.0,48,29.6,0,3,12,high,0
2024-02-22 13:00:00,Zone_18,29.0,26,8.5,0,3,13,medium,0
2024-02-22 14:00:00,Zone_01,31.0,38,13.3,0,3,14,medium,0
2024-02-22 15:00:00,Zone_16,28.0,25,19.1,1,3,15,medium,0
2024-02-22 16:00:00,Zone_13,23.0,22,16.9,0,3,16,medium,0
2024-02-22 17:00:00,Zone_10,119.0,112,24.5,0,3,17,medium,0
2024-02-22 18:00:00,Zone_12,110.0,110,12.1,0,3,18,low,0
2024-02-22 19:00:00,Zone_02,88.0,91,29.7,0,3,19,medium,0
2024-02-22 20:00:00,Zone_03,126.0,131,21.6,0,3,20,medium,1
2024-02-22 21:00:00,Zone_10,21.0,20,19.3,0,3,21,medium,0
2024-02-22 22:00:00,Zone_02,30.0,34,21.9,0,3,22,medium,0
2024-02-22 23:00:00,Zone_13,44.0,41,18.7,0,3,23,high,0
2024-02-23 00:00:00,Zone_13,9.0,13,5.8,0,4,0,medium,0
2024-02-23 01:00:00,Zone_18,26.0,34,22.1,0,4,1,high,0
2024-02-23 02:00:00,Zone_03,118.0,115,19.4,0,4,2,medium,1
2024-02-23 03:00:00,Zone_07,90.0,96,14.4,0,4,3,medium,1
2024-02-23 04:00:00,Zone_14,6.0,13,30.8,1,4,4,low,0
2024-02-23 05:00:00,Zone_20,1.0,1,27.4,0,4,5,low,0
2024-02-23 06:00:00,Zone_17,27.0,21,41.5,0,4,6,medium,0
2024-02-23 07:00:00,Zone_12,85.0,90,28.7,0,4,7,medium,0
2024-02-23 08:00:00,Zone_16,126.0,132,16.9,0,4,8,high,0
2024-02-23 09:00:00,Zone_12,202.0,206,14.8,0,4,9,medium,1
2024-02-23 10:00:00,Zone_15,53.0,61,18.0,0,4,10,high,0
2024-02-23 11:00:00,Zone_10,42.0,46,16.7,1,4,11,high,0
2024-02-23 12:00:00,Zone_07,13.0,15,22.9,0,4,12,low,0
2024-02-23 13:00:00,Zone_20,38.0,44,9.7,0,4,13,medium,0
2024-02-23 14:00:00,Zone_05,125.0,134,27.2,1,4,14,medium,1
2024-02-23 15:00:00,Zone_01,33.0,34,22.7,1,4,15,low,0
2024-02-23 16:00:00,Zone_17,16.0,8,26.3,0,4,16,low,0
2024-02-23 17:00:00,Zone_03,111.0,110,12.8,0,4,17,high,0
2024-02-23 18:00:00,Zone_13,121.0,120,24.0,0,4,18,high,0
2024-02-23 19:00:00,Zone_14,99.0,101,32.4,1,4,19,high,0
2024-02-23 20:00:00,Zone_18,39.0,35,15.1,0,4,20,medium,0
2024-02-23 21:00:00,Zone_04,36.0,30,14.9,0,4,21,medium,0
2024-02-23 22:00:00,Zone_18,93.0,91,27.7,0,4,22,medium,1
2024-02-23 23:00:00,Zone_05,29.0,22,14.2,1,4,23,medium,0
2024-02-24 00:00:00,Zone_16,6.0,1,20.1,1,5,0,medium,0
2024-02-24 01:00:00,Zone_01,1.0,1,33.8,0,5,1,low,0
2024-02-24 02:00:00,Zone_14,18.0,24,15.0,0,5,2,high,0
2024-02-24 03:00:00,Zone_15,15.0,6,34.4,0,5,3,high,0
2024-02-24 04:00:00,Zone_09,23.0,21,19.3,1,5,4,medium,0
2024-02-24 05:00:00,Zone_15,26.0,21,13.0,0,5,5,high,0
2024-02-24 06:00:00,Zone_17,35.0,36,26.8,0,5,6,low,0
2024-02-24 07:00:00,Zone_04,98.0,106,22.9,0,5,7,low,0
2024-02-24 08:00:00,Zone_12,113.0,106,22.1,0,5,8,high,0
2024-02-24 09:00:00,Zone_05,89.0,89,15.9,0,5,9,high,0
2024-02-24 10:00:00,Zone_05,129.0,123,22.8,0,5,10,,1
2024-02-24 11:00:00,Zone_11,31.0,40,5.5,0,5,11,low,0
2024-02-24 12:00:00,Zone_06,31.0,26,23.8,0,5,12,high,0
2024-02-24 13:00:00,Zone_07,32.0,41,32.4,0,5,13,,0
2024-02-24 14:00:00,Zone_14,26.0,31,7.9,0,5,14,medium,0
2024-02-24 15:00:00,Zone_11,29.0,29,18.7,1,5,15,low,0
2024-02-24 16:00:00,Zone_13,31.0,29,15.0,1,5,16,high,0
2024-02-24 17:00:00,Zone_02,205.0,196,9.9,1,5,17,medium,1
2024-02-24 18:00:00,Zone_07,125.0,118,5.6,0,5,18,,0
2024-02-24 19:00:00,Zone_20,184.0,189,12.6,0,5,19,low,1
2024-02-24 20:00:00,Zone_04,127.0,120,20.1,0,5,20,medium,1
2024-02-24 21:00:00,Zone_08,34.0,32,31.2,1,5,21,high,0
2024-02-24 22:00:00,Zone_20,65.0,62,9.8,1,5,22,low,0
2024-02-24 23:00:00,Zone_19,41.0,37,24.4,0,5,23,medium,0
2024-02-25 00:00:00,Zone_13,106.0,113,23.8,0,6,0,medium,1
2024-02-25 01:00:00,Zone_14,94.0,92,35.4,0,6,1,high,1
2024-02-25 02:00:00,Zone_10,11.0,10,26.6,0,6,2,low,0
2024-02-25 03:00:00,Zone_11,95.0,95,27.0,0,6,3,medium,1
2024-02-25 04:00:00,Zone_02,25.0,16,27.6,0,6,4,medium,0
2024-02-25 05:00:00,Zone_09,17.0,25,14.6,0,6,5,medium,0
2024-02-25 06:00:00,Zone_17,87.0,86,17.4,1,6,6,low,1
2024-02-25 07:00:00,Zone_03,81.0,85,30.9,0,6,7,medium,0
2024-02-25 08:00:00,Zone_06,211.0,218,5.6,0,6,8,medium,1
2024-02-25 09:00:00,Zone_05,74.0,68,16.5,0,6,9,low,0
2024-02-25 10:00:00,Zone_05,127.0,128,,1,6,10,medium,1
2024-02-25 11:00:00,Zone_15,47.0,44,23.9,0,6,11,high,0
2024-02-25 12:00:00,Zone_17,16.0,11,18.6,0,6,12,low,0
2024-02-25 13:00:00,Zone_09,25.0,15,27.0,1,6,13,medium,0
2024-02-25 14:00:00,Zone_03,28.0,30,21.1,1,6,14,medium,0
2024-02-25 15:00:00,Zone_20,22.0,26,9.6,0,6,15,low,0
2024-02-25 16:00:00,Zone_17,23.0,23,10.0,1,6,16,,0
2024-02-25 17:00:00,Zone_10,183.0,176,22.0,0,6,17,medium,1
2024-02-25 18:00:00,Zone_03,119.0,116,,1,6,18,high,0
2024-02-25 19:00:00,Zone_18,105.0,101,17.7,1,6,19,low,0
2024-02-25 20:00:00,Zone_18,49.0,51,29.5,0,6,20,high,0
2024-02-25 21:00:00,Zone_17,24.0,18,28.1,0,6,21,medium,0
2024-02-25 22:00:00,Zone_03,47.0,37,36.4,0,6,22,low,0
2024-02-25 23:00:00,Zone_03,160.0,165,19.5,1,6,23,medium,1
2024-02-26 00:00:00,Zone_06,19.0,19,16.9,0,0,0,high,0
2024-02-26 01:00:00,Zone_13,,20,25.3,1,0,1,low,0
2024-02-26 02:00:00,Zone_15,106.0,104,17.5,0,0,2,medium,1
2024-02-26 03:00:00,Zone_09,1.0,1,17.8,0,0,3,medium,0
2024-02-26 04:00:00,Zone_04,90.0,86,20.4,0,0,4,low,1
2024-02-26 05:00:00,Zone_14,1.0,1,35.2,0,0,5,low,0
2024-02-26 06:00:00,Zone_05,92.0,94,27.6,0,0,6,low,1
2024-02-26 07:00:00,Zone_02,71.0,79,28.5,0,0,7,low,0
2024-02-26 08:00:00,Zone_11,91.0,87,34.9,1,0,8,,0
2024-02-26 09:00:00,Zone_09,110.0,106,29.2,1,0,9,high,0
2024-02-26 10:00:00,Zone_03,143.0,145,12.9,0,0,10,high,1
2024-02-26 11:00:00,Zone_09,28.0,21,29.1,0,0,11,low,0
2024-02-26 12:00:00,Zone_03,26.0,27,30.1,0,0,12,medium,0
2024-02-26 13:00:00,Zone_02,28.0,25,27.2,1,0,13,low,0
2024-02-26 14:00:00,Zone_12,24.0,29,20.4,0,0,14,low,0
2024-02-26 15:00:00,Zone_10,27.0,27,26.4,0,0,15,low,0
2024-02-26 16:00:00,Zone_09,99.0,92,21.8,0,0,16,medium,1
2024-02-26 17:00:00,Zone_15,112.0,116,14.2,1,0,17,high,0
2024-02-26 18:00:00,Zone_08,115.0,116,16.2,1,0,18,medium,0
2024-02-26 19:00:00,Zone_05,167.0,158,27.6,0,0,19,medium,1
2024-02-26 20:00:00,Zone_11,28.0,23,14.8,0,0,20,low,0
2024-02-26 21:00:00,Zone_02,120.0,127,15.5,0,0,21,low,1
2024-02-26 22:00:00,Zone_15,41.0,42,28.0,0,0,22,high,0
2024-02-26 23:00:00,Zone_06,79.0,84,23.1,1,0,23,low,1
2024-02-27 00:00:00,Zone_08,15.0,5,26.6,0,1,0,high,0
2024-02-27 01:00:00,Zone_05,6.0,14,12.2,0,1,1,low,0
2024-02-27 02:00:00,Zone_16,6.0,1,26.4,1,1,2,medium,0
2024-02-27 03:00:00,Zone_18,23.0,22,16.7,0,1,3,high,0
2024-02-27 04:00:00,Zone_06,1.0,1,13.9,1,1,4,low,0
2024-02-27 05:00:00,Zone_05,6.0,2,18.0,0,1,5,medium,0
2024-02-27 06:00:00,Zone_16,47.0,42,32.9,0,1,6,high,0
2024-02-27 07:00:00,Zone_13,84.0,85,19.1,1,1,7,low,0
2024-02-27 08:00:00,Zone_05,93.0,92,39.6,1,1,8,medium,0
2024-02-27 09:00:00,Zone_13,85.0,86,5.5,1,1,9,low,0
2024-02-27 10:00:00,Zone_17,24.0,26,9.6,0,1,10,low,0
2024-02-27 11:00:00,Zone_18,8.0,12,32.6,0,1,11,low,0
2024-02-27 12:00:00,Zone_08,128.0,130,34.6,0,1,12,high,1
2024-02-27 13:00:00,Zone_13,16.0,24,15.1,0,1,13,low,0
2024-02-27 14:00:00,Zone_19,23.0,28,22.6,1,1,14,low,0
2024-02-27 15:00:00,Zone_03,35.0,35,,0,1,15,medium,0
2024-02-27 16:00:00,Zone_08,85.0,75,20.2,0,1,16,low,1
2024-02-27 17:00:00,Zone_02,76.0,83,23.2,0,1,17,medium,0
2024-02-27 18:00:00,Zone_08,88.0,84,22.1,0,1,18,low,0
2024-02-27 19:00:00,Zone_13,112.0,113,10.1,0,1,19,medium,0
2024-02-27 20:00:00,Zone_13,31.0,38,19.2,0,1,20,medium,0
2024-02-27 21:00:00,Zone_01,26.0,27,22.1,0,1,21,medium,0
2024-02-27 22:00:00,Zone_06,14.0,12,22.8,0,1,22,low,0
2024-02-27 23:00:00,Zone_19,27.0,33,8.2,0,1,23,medium,0
2024-02-28 00:00:00,Zone_16,19.0,12,28.0,0,2,0,high,0
2024-02-28 01:00:00,Zone_08,1.0,1,23.0,0,2,1,low,0
2024-02-28 02:00:00,Zone_01,90.0,99,13.6,0,2,2,low,1
2024-02-28 03:00:00,Zone_16,78.0,87,36.4,0,2,3,low,1
2024-02-28 04:00:00,Zone_09,9.0,1,19.2,0,2,4,medium,0
2024-02-28 05:00:00,Zone_13,128.0,120,19.7,0,2,5,high,1
2024-02-28 06:00:00,Zone_11,29.0,37,27.1,0,2,6,low,0
2024-02-28 07:00:00,Zone_13,123.0,120,37.1,0,2,7,low,1
2024-02-28 08:00:00,Zone_10,103.0,112,27.4,0,2,8,low,0
2024-02-28 09:00:00,Zone_04,79.0,69,28.6,0,2,9,low,0
2024-02-28 10:00:00,Zone_06,33.0,28,14.0,1,2,10,medium,0
2024-02-28 11:00:00,Zone_07,45.0,43,22.7,0,2,11,high,0
2024-02-28 12:00:00,Zone_05,94.0,101,17.7,0,2,12,low,1
2024-02-28 13:00:00,Zone_11,161.0,159,27.6,0,2,13,high,1
2024-02-28 14:00:00,Zone_13,24.0,33,28.4,1,2,14,medium,0
2024-02-28 15:00:00,Zone_19,39.0,38,35.1,1,2,15,high,0
2024-02-28 16:00:00,Zone_10,12.0,17,4.7,1,2,16,medium,0
2024-02-28 17:00:00,Zone_10,82.0,83,17.0,1,2,17,low,0
2024-02-28 18:00:00,Zone_11,119.0,114,32.4,0,2,18,high,0
2024-02-28 19:00:00,Zone_07,79.0,82,10.8,0,2,19,low,0
2024-02-28 20:00:00,Zone_18,27.0,24,28.4,1,2,20,medium,0
2024-02-28 21:00:00,Zone_04,47.0,51,31.1,0,2,21,high,0
2024-02-28 22:00:00,Zone_02,34.0,33,21.8,0,2,22,low,0
2024-02-28 23:00:00,Zone_14,30.0,24,10.6,0,2,23,medium,0
2024-02-29 00:00:00,Zone_13,31.0,40,21.0,0,3,0,high,0
2024-02-29 01:00:00,Zone_12,25.0,30,33.7,1,3,1,high,0
2024-02-29 02:00:00,Zone_07,1.0,1,34.3,1,3,2,medium,0
2024-02-29 03:00:00,Zone_02,63.0,63,23.7,0,3,3,low,1
2024-02-29 04:00:00,Zone_13,6.0,1,14.2,0,3,4,medium,0
2024-02-29 05:00:00,Zone_14,1.0,1,35.9,0,3,5,medium,0
2024-02-29 06:00:00,Zone_17,24.0,14,28.6,1,3,6,medium,0
2024-02-29 07:00:00,Zone_09,84.0,74,14.7,0,3,7,high,0
2024-02-29 08:00:00,Zone_17,93.0,102,24.7,0,3,8,low,0
2024-02-29 09:00:00,Zone_08,77.0,76,24.4,0,3,9,low,0
2024-02-29 10:00:00,Zone_02,31.0,38,16.9,1,3,10,medium,0
2024-02-29 11:00:00,Zone_13,47.0,52,24.8,0,3,11,high,0
2024-02-29 12:00:00,Zone_03,36.0,44,30.8,1,3,12,medium,0
2024-02-29 13:00:00,Zone_16,135.0,140,19.6,0,3,13,high,1
2024-02-29 14:00:00,Zone_06,42.0,34,31.7,1,3,14,high,0
2024-02-29 15:00:00,Zone_19,41.0,37,8.0,1,3,15,high,0
2024-02-29 16:00:00,Zone_07,23.0,18,39.7,0,3,16,high,0
2024-02-29 17:00:00,Zone_10,103.0,103,22.5,1,3,17,,0
2024-02-29 18:00:00,Zone_09,128.0,122,30.6,0,3,18,high,0
2024-02-29 19:00:00,Zone_02,179.0,177,23.7,0,3,19,medium,1
2024-02-29 20:00:00,Zone_15,14.0,7,15.4,0,3,20,low,0
2024-02-29 21:00:00,Zone_05,25.0,26,21.7,0,3,21,low,0
2024-02-29 22:00:00,Zone_04,23.0,22,6.7,1,3,22,low,0
2024-02-29 23:00:00,Zone_20,26.0,18,27.5,1,3,23,low,0
2024-03-01 00:00:00,Zone_04,8.0,4,23.6,0,4,0,low,0
2024-03-01 01:00:00,Zone_18,22.0,13,,0,4,1,high,0
2024-03-01 02:00:00,Zone_04,1.0,1,28.0,1,4,2,medium,0
2024-03-01 03:00:00,Zone_17,1.0,3,22.3,0,4,3,low,0
2024-03-01 04:00:00,Zone_12,142.0,146,26.9,1,4,4,high,1
2024-03-01 05:00:00,Zone_17,8.0,1,29.7,1,4,5,medium,0
2024-03-01 06:00:00,Zone_10,33.0,24,17.6,0,4,6,low,0
2024-03-01 07:00:00,Zone_01,124.0,131,15.3,0,4,7,high,0
2024-03-01 08:00:00,Zone_18,102.0,110,8.2,1,4,8,low,0
2024-03-01 09:00:00,Zone_18,88.0,84,23.0,0,4,9,medium,0
2024-03-01 10:00:00,Zone_14,33.0,24,25.6,0,4,10,low,0
2024-03-01 11:00:00,Zone_15,38.0,43,11.4,0,4,11,medium,0
2024-03-01 12:00:00,Zone_12,34.0,39,33.4,0,4,12,high,0
2024-03-01 13:00:00,Zone_04,23.0,16,15.4,0,4,13,low,0
2024-03-01 14:00:00,Zone_03,35.0,41,5.2,0,4,14,high,0
2024-03-01 15:00:00,Zone_20,29.0,32,34.0,0,4,15,low,0
2024-03-01 16:00:00,Zone_12,34.0,31,6.2,0,4,16,medium,0
2024-03-01 17:00:00,Zone_07,127.0,125,29.7,0,4,17,high,0
2024-03-01 18:00:00,Zone_11,220.0,217,27.8,0,4,18,high,1
2024-03-01 19:00:00,Zone_01,218.0,225,24.6,1,4,19,low,1
2024-03-01 20:00:00,Zone_06,22.0,18,17.8,0,4,20,low,0
2024-03-01 21:00:00,Zone_15,30.0,32,26.0,0,4,21,medium,0
2024-03-01 22:00:00,Zone_15,13.0,3,30.4,1,4,22,low,0
2024-03-01 23:00:00,Zone_19,21.0,18,14.1,0,4,23,medium,0
2024-03-02 00:00:00,Zone_11,21.0,19,29.8,0,5,0,high,0
2024-03-02 01:00:00,Zone_02,110.0,118,29.4,1,5,1,medium,1
2024-03-02 02:00:00,Zone_14,55.0,59,24.3,1,5,2,low,1
2024-03-02 03:00:00,Zone_02,7.0,1,17.7,0,5,3,medium,0
2024-03-02 04:00:00,Zone_04,97.0,97,29.5,0,5,4,high,1
2024-03-02 05:00:00,Zone_17,67.0,70,26.1,0,5,5,medium,1
2024-03-02 06:00:00,Zone_03,37.0,38,,0,5,6,medium,0
2024-03-02 07:00:00,Zone_13,96.0,90,19.1,0,5,7,low,0
2024-03-02 08:00:00,Zone_09,192.0,183,28.6,0,5,8,low,1
2024-03-02 09:00:00,Zone_07,82.0,78,22.9,0,5,9,low,0
2024-03-02 10:00:00,Zone_15,22.0,16,30.7,0,5,10,medium,0
2024-03-02 11:00:00,Zone_11,31.0,23,19.3,0,5,11,low,0
2024-03-02 12:00:00,Zone_20,27.0,26,14.0,0,5,12,medium,0
2024-03-02 13:00:00,Zone_02,21.0,21,39.5,0,5,13,medium,0
2024-03-02 14:00:00,Zone_15,46.0,43,8.6,0,5,14,medium,0
2024-03-02 15:00:00,Zone_14,,111,18.0,0,5,15,low,1
2024-03-02 16:00:00,Zone_20,47.0,48,24.2,1,5,16,high,0
2024-03-02 17:00:00,Zone_11,145.0,147,29.9,0,5,17,medium,1
2024-03-02 18:00:00,Zone_03,95.0,86,,0,5,18,low,0
2024-03-02 19:00:00,Zone_17,58.0,63,40.5,1,5,19,low,0
2024-03-02 20:00:00,Zone_12,32.0,34,21.1,0,5,20,medium,0
2024-03-02 21:00:00,Zone_15,38.0,36,15.0,0,5,21,medium,0
2024-03-02 22:00:00,Zone_16,58.0,60,20.2,1,5,22,low,0
2024-03-02 23:00:00,Zone_05,48.0,52,19.4,0,5,23,low,0
2024-03-03 00:00:00,Zone_20,9.0,6,21.5,0,6,0,low,0
2024-03-03 01:00:00,Zone_06,99.0,105,14.1,0,6,1,high,1
2024-03-03 02:00:00,Zone_19,6.0,5,28.3,1,6,2,medium,0
2024-03-03 03:00:00,Zone_05,8.0,6,25.0,0,6,3,medium,0
2024-03-03 04:00:00,Zone_03,16.0,22,11.9,0,6,4,high,0
2024-03-03 05:00:00,Zone_01,134.0,140,29.7,0,6,5,medium,1
2024-03-03 06:00:00,Zone_06,29.0,37,15.5,0,6,6,medium,0
2024-03-03 07:00:00,Zone_15,145.0,153,12.5,0,6,7,low,1
2024-03-03 08:00:00,Zone_02,,96,22.7,1,6,8,medium,0
2024-03-03 09:00:00,Zone_03,87.0,87,7.9,1,6,9,low,0
2024-03-03 10:00:00,Zone_17,26.0,23,26.7,0,6,10,medium,0
2024-03-03 11:00:00,Zone_12,14.0,20,0.0,0,6,11,low,0
2024-03-03 12:00:00,Zone_18,27.0,17,13.8,0,6,12,low,0
2024-03-03 13:00:00,Zone_15,26.0,33,34.6,0,6,13,low,0
2024-03-03 14:00:00,Zone_12,21.0,17,16.5,0,6,14,medium,0
2024-03-03 15:00:00,Zone_16,41.0,39,17.9,0,6,15,high,0
2024-03-03 16:00:00,Zone_08,97.0,95,32.2,0,6,16,medium,1
2024-03-03 17:00:00,Zone_14,119.0,118,15.7,0,6,17,high,0
2024-03-03 18:00:00,Zone_17,96.0,101,28.1,0,6,18,medium,0
2024-03-03 19:00:00,Zone_08,82.0,82,31.4,0,6,19,medium,0
2024-03-03 20:00:00,Zone_15,17.0,12,25.8,0,6,20,low,0
2024-03-03 21:00:00,Zone_14,49.0,50,10.4,1,6,21,high,0
2024-03-03 22:00:00,Zone_18,156.0,155,17.2,0,6,22,low,1
2024-03-03 23:00:00,Zone_20,72.0,77,43.7,1,6,23,medium,0
2024-03-04 00:00:00,Zone_07,10.0,13,18.1,0,0,0,medium,0
2024-03-04 01:00:00,Zone_03,1.0,7,45.0,0,0,1,medium,0
2024-03-04 02:00:00,Zone_12,115.0,124,35.7,0,0,2,low,1
2024-03-04 03:00:00,Zone_03,103.0,97,26.2,0,0,3,medium,1
2024-03-04 04:00:00,Zone_20,16.0,9,24.4,1,0,4,high,0
2024-03-04 05:00:00,Zone_14,33.0,35,18.3,0,0,5,high,0
2024-03-04 06:00:00,Zone_15,136.0,132,21.3,0,0,6,high,1
2024-03-04 07:00:00,Zone_14,172.0,172,16.5,0,0,7,low,1
2024-03-04 08:00:00,Zone_07,170.0,170,21.5,1,0,8,medium,1
2024-03-04 09:00:00,Zone_17,104.0,105,11.1,0,0,9,low,0
2024-03-04 10:00:00,Zone_12,120.0,112,10.7,0,0,10,high,1
2024-03-04 11:00:00,Zone_20,34.0,35,32.4,0,0,11,low,0
2024-03-04 12:00:00,Zone_04,139.0,131,9.1,0,0,12,medium,1
2024-03-04 13:00:00,Zone_09,43.0,33,29.1,0,0,13,high,0
2024-03-04 14:00:00,Zone_06,25.0,24,6.8,1,0,14,medium,0
2024-03-04 15:00:00,Zone_16,30.0,20,27.0,0,0,15,medium,0
2024-03-04 16:00:00,Zone_02,21.0,11,20.3,1,0,16,low,0
2024-03-04 17:00:00,Zone_08,200.0,200,32.6,1,0,17,medium,1
2024-03-04 18:00:00,Zone_11,100.0,105,19.3,0,0,18,high,0
2024-03-04 19:00:00,Zone_13,77.0,69,5.9,1,0,19,medium,0
2024-03-04 20:00:00,Zone_17,18.0,10,20.5,0,0,20,low,0
2024-03-04 21:00:00,Zone_08,27.0,24,23.3,0,0,21,low,0
2024-03-04 22:00:00,Zone_18,16.0,18,20.9,0,0,22,low,0
2024-03-04 23:00:00,Zone_18,32.0,37,26.6,0,0,23,medium,0
2024-03-05 00:00:00,Zone_14,1.0,5,17.5,0,1,0,low,0
2024-03-05 01:00:00,Zone_15,13.0,12,11.9,1,1,1,medium,0
2024-03-05 02:00:00,Zone_06,2.0,8,14.0,0,1,2,medium,0
2024-03-05 03:00:00,Zone_11,39.0,31,17.9,0,1,3,high,0
2024-03-05 04:00:00,Zone_13,116.0,119,17.8,0,1,4,low,1
2024-03-05 05:00:00,Zone_01,20.0,10,41.2,0,1,5,high,0
2024-03-05 06:00:00,Zone_06,26.0,24,32.0,0,1,6,medium,0
2024-03-05 07:00:00,Zone_09,78.0,86,27.5,0,1,7,medium,0
2024-03-05 08:00:00,Zone_08,216.0,215,25.6,0,1,8,high,1
2024-03-05 09:00:00,Zone_11,92.0,92,24.4,0,1,9,low,0
2024-03-05 10:00:00,Zone_19,19.0,22,24.4,1,1,10,medium,0
2024-03-05 11:00:00,Zone_09,31.0,36,23.3,0,1,11,low,0
2024-03-05 12:00:00,Zone_17,27.0,23,22.3,0,1,12,medium,0
2024-03-05 13:00:00,Zone_12,36.0,34,5.3,0,1,13,medium,0
2024-03-05 14:00:00,Zone_14,17.0,19,19.0,0,1,14,low,0
2024-03-05 15:00:00,Zone_15,24.0,20,20.1,0,1,15,medium,0
2024-03-05 16:00:00,Zone_16,92.0,82,,0,1,16,medium,1
2024-03-05 17:00:00,Zone_20,125.0,121,17.6,1,1,17,high,0
2024-03-05 18:00:00,Zone_01,89.0,80,24.4,1,1,18,low,0
2024-03-05 19:00:00,Zone_10,218.0,209,28.1,1,1,19,low,1
2024-03-05 20:00:00,Zone_08,19.0,9,24.4,0,1,20,medium,0
2024-03-05 21:00:00,Zone_18,22.0,20,27.9,1,1,21,low,0
2024-03-05 22:00:00,Zone_01,32.0,31,28.1,0,1,22,medium,0
2024-03-05 23:00:00,Zone_02,14.0,13,19.6,0,1,23,low,0
2024-03-06 00:00:00,Zone_01,110.0,104,26.2,0,2,0,low,1
2024-03-06 01:00:00,Zone_01,21.0,17,8.0,0,2,1,high,0
2024-03-06 02:00:00,Zone_09,30.0,29,18.9,1,2,2,high,0
2024-03-06 03:00:00,Zone_13,8.0,1,18.0,1,2,3,medium,0
2024-03-06 04:00:00,Zone_01,114.0,115,34.3,0,2,4,high,1
2024-03-06 05:00:00,Zone_13,74.0,83,24.7,0,2,5,medium,1
2024-03-06 06:00:00,Zone_20,38.0,43,11.3,0,2,6,medium,0
2024-03-06 07:00:00,Zone_07,106.0,113,26.8,0,2,7,high,0
2024-03-06 08:00:00,Zone_02,78.0,83,29.3,1,2,8,medium,0
2024-03-06 09:00:00,Zone_06,97.0,96,21.3,0,2,9,medium,0
2024-03-06 10:00:00,Zone_07,128.0,118,27.5,1,2,10,medium,1
2024-03-06 11:00:00,Zone_14,33.0,38,2.0,0,2,11,high,0
2024-03-06 12:00:00,Zone_18,16.0,10,0.4,0,2,12,low,0
2024-03-06 13:00:00,Zone_15,28.0,29,12.6,1,2,13,low,0
2024-03-06 14:00:00,Zone_02,,34,23.2,0,2,14,low,0
2024-03-06 15:00:00,Zone_10,103.0,106,34.3,0,2,15,low,1
2024-03-06 16:00:00,Zone_12,36.0,35,13.0,0,2,16,low,0
2024-03-06 17:00:00,Zone_17,109.0,114,15.2,0,2,17,high,0
2024-03-06 18:00:00,Zone_08,107.0,111,22.7,0,2,18,medium,0
2024-03-06 19:00:00,Zone_11,165.0,165,18.1,0,2,19,low,1
2024-03-06 20:00:00,Zone_03,39.0,34,17.6,0,2,20,high,0
2024-03-06 21:00:00,Zone_06,30.0,38,18.6,0,2,21,medium,0
2024-03-06 22:00:00,Zone_09,106.0,110,32.5,1,2,22,medium,1
2024-03-06 23:00:00,Zone_06,104.0,106,30.9,1,2,23,medium,1
2024-03-07 00:00:00,Zone_09,22.0,30,22.2,1,3,0,high,0
2024-03-07 01:00:00,Zone_07,1.0,1,35.2,0,3,1,low,0
2024-03-07 02:00:00,Zone_09,7.0,6,26.1,0,3,2,low,0
2024-03-07 03:00:00,Zone_18,5.0,5,31.2,1,3,3,low,0
2024-03-07 04:00:00,Zone_12,7.0,8,15.1,0,3,4,medium,0
2024-03-07 05:00:00,Zone_08,124.0,127,16.8,0,3,5,medium,1
2024-03-07 06:00:00,Zone_08,111.0,116,16.7,0,3,6,low,1
2024-03-07 07:00:00,Zone_18,181.0,177,21.3,1,3,7,low,1
2024-03-07 08:00:00,Zone_20,87.0,80,22.5,0,3,8,medium,0
2024-03-07 09:00:00,Zone_15,93.0,98,24.6,0,3,9,medium,0
2024-03-07 10:00:00,Zone_07,92.0,100,,0,3,10,medium,1
2024-03-07 11:00:00,Zone_11,119.0,111,27.8,0,3,11,high,1
2024-03-07 12:00:00,Zone_20,161.0,159,17.9,1,3,12,high,1
2024-03-07 13:00:00,Zone_16,19.0,25,22.0,1,3,13,low,0
2024-03-07 14:00:00,Zone_04,31.0,24,34.0,1,3,14,medium,0
2024-03-07 15:00:00,Zone_06,16.0,14,28.3,0,3,15,low,0
2024-03-07 16:00:00,Zone_03,23.0,26,33.9,0,3,16,medium,0
2024-03-07 17:00:00,Zone_09,98.0,99,18.1,0,3,17,medium,0
2024-03-07 18:00:00,Zone_10,88.0,96,16.3,1,3,18,low,0
2024-03-07 19:00:00,Zone_14,128.0,128,16.4,0,3,19,high,0
2024-03-07 20:00:00,Zone_11,104.0,97,18.8,0,3,20,high,1
2024-03-07 21:00:00,Zone_18,37.0,39,13.5,0,3,21,low,0
2024-03-07 22:00:00,Zone_12,20.0,23,24.4,1,3,22,low,0
2024-03-07 23:00:00,Zone_12,12.0,11,24.5,0,3,23,low,0
2024-03-08 00:00:00,Zone_13,5.0,10,32.7,1,4,0,medium,0
2024-03-08 01:00:00,Zone_13,112.0,121,7.9,0,4,1,high,1
2024-03-08 02:00:00,Zone_19,1.0,10,14.4,1,4,2,medium,0
2024-03-08 03:00:00,Zone_19,9.0,4,28.4,1,4,3,medium,0
2024-03-08 04:00:00,Zone_14,134.0,135,23.5,0,4,4,,1
2024-03-08 05:00:00,Zone_04,8.0,13,22.4,0,4,5,medium,0
2024-03-08 06:00:00,Zone_13,31.0,28,32.1,1,4,6,medium,0
2024-03-08 07:00:00,Zone_08,109.0,101,13.9,0,4,7,medium,0
2024-03-08 08:00:00,Zone_19,99.0,103,16.2,0,4,8,high,0
2024-03-08 09:00:00,Zone_12,95.0,102,15.2,0,4,9,low,0
2024-03-08 10:00:00,Zone_18,121.0,118,5.9,0,4,10,low,1
2024-03-08 11:00:00,Zone_06,19.0,17,23.1,0,4,11,low,0
2024-03-08 12:00:00,Zone_18,39.0,48,17.8,1,4,12,high,0
2024-03-08 13:00:00,Zone_19,37.0,38,16.1,0,4,13,medium,0
2024-03-08 14:00:00,Zone_05,25.0,29,14.7,0,4,14,low,0
2024-03-08 15:00:00,Zone_09,44.0,45,21.9,0,4,15,high,0
2024-03-08 16:00:00,Zone_03,49.0,53,15.6,1,4,16,high,0
2024-03-08 17:00:00,Zone_10,115.0,122,23.8,0,4,17,,0
2024-03-08 18:00:00,Zone_19,80.0,72,25.7,0,4,18,low,0
2024-03-08 19:00:00,Zone_03,134.0,141,19.6,0,4,19,high,0
2024-03-08 20:00:00,Zone_15,14.0,11,19.1,0,4,20,low,0
2024-03-08 21:00:00,Zone_01,27.0,34,23.5,1,4,21,low,0
2024-03-08 22:00:00,Zone_07,110.0,109,21.8,0,4,22,medium,1
2024-03-08 23:00:00,Zone_12,32.0,28,32.6,0,4,23,medium,0
2024-03-09 00:00:00,Zone_17,5.0,1,24.5,0,5,0,low,0
2024-03-09 01:00:00,Zone_20,4.0,11,30.8,1,5,1,medium,0
2024-03-09 02:00:00,Zone_05,132.0,131,26.9,1,5,2,high,1
2024-03-09 03:00:00,Zone_04,85.0,93,11.5,1,5,3,medium,1
2024-03-09 04:00:00,Zone_12,12.0,4,17.5,1,5,4,medium,0
2024-03-09 05:00:00,Zone_20,110.0,105,21.6,0,5,5,low,1
2024-03-09 06:00:00,Zone_18,39.0,38,28.9,0,5,6,high,0
2024-03-09 07:00:00,Zone_17,88.0,97,37.4,0,5,7,low,0
2024-03-09 08:00:00,Zone_19,70.0,69,18.1,0,5,8,medium,0
2024-03-09 09:00:00,Zone_09,81.0,83,22.4,0,5,9,low,0
2024-03-09 10:00:00,Zone_04,46.0,45,28.4,1,5,10,high,0
2024-03-09 11:00:00,Zone_02,26.0,34,21.5,1,5,11,low,0
2024-03-09 12:00:00,Zone_04,21.0,24,35.2,0,5,12,medium,0
2024-03-09 13:00:00,Zone_02,25.0,25,11.2,0,5,13,medium,0
2024-03-09 14:00:00,Zone_15,44.0,53,27.4,0,5,14,high,0
2024-03-09 15:00:00,Zone_02,33.0,38,27.3,0,5,15,low,0
2024-03-09 16:00:00,Zone_04,33.0,25,31.2,0,5,16,medium,0
2024-03-09 17:00:00,Zone_06,107.0,109,22.5,0,5,17,low,0
2024-03-09 18:00:00,Zone_07,113.0,116,29.1,0,5,18,high,0
2024-03-09 19:00:00,Zone_10,113.0,111,20.0,1,5,19,medium,0
2024-03-09 20:00:00,Zone_19,38.0,31,15.6,0,5,20,medium,0
2024-03-09 21:00:00,Zone_19,24.0,27,14.4,1,5,21,medium,0
2024-03-09 22:00:00,Zone_12,73.0,73,10.5,0,5,22,low,0
2024-03-09 23:00:00,Zone_03,58.0,59,18.5,0,5,23,low,0
2024-03-10 00:00:00,Zone_13,96.0,102,24.5,0,6,0,medium,1
2024-03-10 01:00:00,Zone_18,17.0,22,20.3,1,6,1,high,0
2024-03-10 02:00:00,Zone_08,15.0,5,23.6,0,6,2,medium,0
2024-03-10 03:00:00,Zone_15,16.0,21,31.9,1,6,3,high,0
2024-03-10 04:00:00,Zone_01,109.0,116,17.9,1,6,4,low,1
2024-03-10 05:00:00,Zone_03,85.0,85,40.7,1,6,5,high,1
2024-03-10 06:00:00,Zone_08,34.0,25,28.0,0,6,6,medium,0
2024-03-10 07:00:00,Zone_04,200.0,205,20.4,1,6,7,medium,1
2024-03-10 08:00:00,Zone_16,171.0,176,20.2,1,6,8,medium,1
2024-03-10 09:00:00,Zone_10,93.0,86,13.9,1,6,9,medium,0
2024-03-10 10:00:00,Zone_12,34.0,24,21.8,0,6,10,medium,0
2024-03-10 11:00:00,Zone_14,126.0,126,4.7,1,6,11,medium,1
2024-03-10 12:00:00,Zone_14,29.0,25,32.0,0,6,12,medium,0
2024-03-10 13:00:00,Zone_02,16.0,11,0.0,0,6,13,low,0
2024-03-10 14:00:00,Zone_05,24.0,19,22.3,1,6,14,low,0
2024-03-10 15:00:00,Zone_05,29.0,38,12.8,0,6,15,low,0
2024-03-10 16:00:00,Zone_06,136.0,143,16.4,0,6,16,medium,1
2024-03-10 17:00:00,Zone_13,82.0,79,17.4,0,6,17,medium,0
2024-03-10 18:00:00,Zone_09,89.0,84,37.4,0,6,18,medium,0
2024-03-10 19:00:00,Zone_15,90.0,87,13.2,0,6,19,medium,0
2024-03-10 20:00:00,Zone_14,23.0,15,29.3,0,6,20,low,0
2024-03-10 21:00:00,Zone_07,42.0,35,31.3,1,6,21,high,0
2024-03-10 22:00:00,Zone_20,50.0,45,3.3,0,6,22,low,0
2024-03-10 23:00:00,Zone_02,58.0,64,17.1,0,6,23,medium,0
2024-03-11 00:00:00,Zone_07,17.0,7,33.9,0,0,0,low,0
2024-03-11 01:00:00,Zone_06,17.0,21,11.5,1,0,1,,0
2024-03-11 02:00:00,Zone_17,7.0,11,31.6,0,0,2,medium,0
2024-03-11 03:00:00,Zone_02,6.0,7,21.9,0,0,3,medium,0
2024-03-11 04:00:00,Zone_03,4.0,1,21.5,1,0,4,medium,0
2024-03-11 05:00:00,Zone_05,1.0,10,22.6,0,0,5,low,0
2024-03-11 06:00:00,Zone_05,107.0,101,,0,0,6,low,1
2024-03-11 07:00:00,Zone_01,90.0,86,14.4,0,0,7,medium,0
2024-03-11 08:00:00,Zone_08,,113,19.9,0,0,8,high,0
2024-03-11 09:00:00,Zone_12,83.0,82,25.0,1,0,9,medium,0
2024-03-11 10:00:00,Zone_04,21.0,17,23.4,0,0,10,low,0
2024-03-11 11:00:00,Zone_13,37.0,33,24.8,0,0,11,medium,0
2024-03-11 12:00:00,Zone_15,27.0,30,16.3,1,0,12,medium,0
2024-03-11 13:00:00,Zone_11,99.0,92,27.1,0,0,13,medium,1
2024-03-11 14:00:00,Zone_10,119.0,118,23.0,0,0,14,high,1
2024-03-11 15:00:00,Zone_03,30.0,32,9.4,1,0,15,medium,0
2024-03-11 16:00:00,Zone_14,13.0,9,17.7,0,0,16,low,0
2024-03-11 17:00:00,Zone_16,103.0,95,14.8,0,0,17,low,0
2024-03-11 18:00:00,Zone_10,116.0,110,14.7,0,0,18,,0
2024-03-11 19:00:00,Zone_10,106.0,113,18.2,0,0,19,medium,0
2024-03-11 20:00:00,Zone_12,118.0,114,26.9,0,0,20,low,1
2024-03-11 21:00:00,Zone_09,118.0,113,17.0,0,0,21,high,1
2024-03-11 22:00:00,Zone_01,29.0,26,23.8,0,0,22,low,0
2024-03-11 23:00:00,Zone_05,19.0,15,22.5,1,0,23,medium,0
2024-03-12 00:00:00,Zone_20,7.0,16,15.8,1,1,0,low,0
2024-03-12 01:00:00,Zone_08,24.0,24,19.2,1,1,1,high,0
2024-03-12 02:00:00,Zone_11,139.0,138,28.9,0,1,2,,1
2024-03-12 03:00:00,Zone_12,91.0,86,23.2,1,1,3,low,1
2024-03-12 04:00:00,Zone_01,100.0,107,26.4,0,1,4,high,1
2024-03-12 05:00:00,Zone_20,1.0,1,32.2,0,1,5,low,0
2024-03-12 06:00:00,Zone_11,38.0,37,25.5,0,1,6,medium,0
2024-03-12 07:00:00,Zone_05,103.0,101,6.6,0,1,7,high,0
2024-03-12 08:00:00,Zone_15,181.0,178,24.2,0,1,8,medium,1
2024-03-12 09:00:00,Zone_05,116.0,117,17.1,0,1,9,,0
2024-03-12 10:00:00,Zone_12,149.0,148,36.5,1,1,10,high,1
2024-03-12 11:00:00,Zone_05,42.0,43,25.2,0,1,11,high,0
2024-03-12 12:00:00,Zone_17,21.0,28,17.2,0,1,12,low,0
2024-03-12 13:00:00,Zone_17,18.0,26,26.5,0,1,13,low,0
2024-03-12 14:00:00,Zone_12,34.0,37,22.7,0,1,14,medium,0
2024-03-12 15:00:00,Zone_15,28.0,30,8.3,1,1,15,medium,0
2024-03-12 16:00:00,Zone_15,38.0,34,28.9,1,1,16,medium,0
2024-03-12 17:00:00,Zone_06,105.0,102,18.8,0,1,17,low,0
2024-03-12 18:00:00,Zone_12,205.0,209,33.4,0,1,18,high,1
2024-03-12 19:00:00,Zone_20,120.0,118,21.0,0,1,19,high,0
2024-03-12 20:00:00,Zone_18,25.0,17,33.5,1,1,20,medium,0
2024-03-12 21:00:00,Zone_14,34.0,28,25.4,0,1,21,low,0
2024-03-12 22:00:00,Zone_02,25.0,18,29.8,1,1,22,low,0
2024-03-12 23:00:00,Zone_09,25.0,34,18.1,1,1,23,low,0
2024-03-13 00:00:00,Zone_05,1.0,10,24.8,0,2,0,medium,0
2024-03-13 01:00:00,Zone_20,125.0,120,8.2,0,2,1,high,1
2024-03-13 02:00:00,Zone_01,1.0,1,21.0,1,2,2,low,0
2024-03-13 03:00:00,Zone_03,2.0,1,10.1,0,2,3,medium,0
2024-03-13 04:00:00,Zone_06,13.0,6,12.9,0,2,4,medium,0
2024-03-13 05:00:00,Zone_05,12.0,18,14.9,0,2,5,low,0
2024-03-13 06:00:00,Zone_05,32.0,38,27.3,0,2,6,medium,0
2024-03-13 07:00:00,Zone_01,77.0,71,20.8,0,2,7,medium,0
2024-03-13 08:00:00,Zone_17,113.0,119,22.3,0,2,8,high,0
2024-03-13 09:00:00,Zone_19,98.0,99,20.6,0,2,9,medium,0
2024-03-13 10:00:00,Zone_14,154.0,146,30.6,0,2,10,medium,1
2024-03-13 11:00:00,Zone_12,16.0,7,22.0,0,2,11,low,0
2024-03-13 12:00:00,Zone_10,24.0,24,24.0,1,2,12,low,0
2024-03-13 13:00:00,Zone_20,116.0,111,17.4,0,2,13,low,1
2024-03-13 14:00:00,Zone_18,30.0,36,31.2,1,2,14,medium,0
2024-03-13 15:00:00,Zone_11,24.0,32,31.8,0,2,15,low,0
2024-03-13 16:00:00,Zone_02,20.0,22,21.7,0,2,16,low,0
2024-03-13 17:00:00,Zone_18,206.0,200,17.3,0,2,17,medium,1
2024-03-13 18:00:00,Zone_07,159.0,153,9.1,0,2,18,medium,1
2024-03-13 19:00:00,Zone_15,77.0,85,15.1,0,2,19,low,0
2024-03-13 20:00:00,Zone_11,16.0,20,4.7,1,2,20,low,0
2024-03-13 21:00:00,Zone_18,29.0,22,14.7,0,2,21,medium,0
2024-03-13 22:00:00,Zone_12,121.0,116,24.9,1,2,22,low,1
2024-03-13 23:00:00,Zone_06,24.0,16,21.6,0,2,23,medium,0
2024-03-14 00:00:00,Zone_20,1.0,1,40.6,0,3,0,medium,0
2024-03-14 01:00:00,Zone_13,4.0,12,19.0,0,3,1,low,0
2024-03-14 02:00:00,Zone_20,11.0,4,18.4,0,3,2,low,0
2024-03-14 03:00:00,Zone_16,10.0,6,30.5,0,3,3,low,0
2024-03-14 04:00:00,Zone_18,6.0,1,6.6,0,3,4,low,0
2024-03-14 05:00:00,Zone_10,137.0,131,10.1,0,3,5,high,1
2024-03-14 06:00:00,Zone_08,37.0,42,27.3,0,3,6,medium,0
2024-03-14 07:00:00,Zone_18,93.0,101,20.4,0,3,7,medium,0
2024-03-14 08:00:00,Zone_01,70.0,77,20.6,0,3,8,medium,0
2024-03-14 09:00:00,Zone_08,90.0,82,14.5,0,3,9,low,0
2024-03-14 10:00:00,Zone_06,22.0,16,23.9,0,3,10,low,0
2024-03-14 11:00:00,Zone_05,114.0,110,15.5,0,3,11,high,1
2024-03-14 12:00:00,Zone_15,47.0,43,22.6,0,3,12,high,0
2024-03-14 13:00:00,Zone_15,118.0,110,12.7,0,3,13,medium,1
2024-03-14 14:00:00,Zone_02,108.0,106,20.5,0,3,14,medium,1
2024-03-14 15:00:00,Zone_01,41.0,38,38.2,0,3,15,high,0
2024-03-14 16:00:00,Zone_11,126.0,133,18.6,0,3,16,low,1
2024-03-14 17:00:00,Zone_10,94.0,93,,0,3,17,low,0
2024-03-14 18:00:00,Zone_18,87.0,96,20.4,0,3,18,low,0
2024-03-14 19:00:00,Zone_18,82.0,79,23.4,0,3,19,medium,0
2024-03-14 20:00:00,Zone_17,32.0,29,25.7,0,3,20,low,0
2024-03-14 21:00:00,Zone_08,32.0,38,24.1,0,3,21,medium,0
2024-03-14 22:00:00,Zone_15,30.0,36,24.2,0,3,22,medium,0
2024-03-14 23:00:00,Zone_08,28.0,21,20.6,0,3,23,medium,0
2024-03-15 00:00:00,Zone_17,2.0,1,22.8,0,4,0,low,0
2024-03-15 01:00:00,Zone_12,13.0,21,20.3,1,4,1,medium,0
2024-03-15 02:00:00,Zone_08,7.0,1,7.5,0,4,2,medium,0
2024-03-15 03:00:00,Zone_14,12.0,5,43.0,1,4,3,low,0
2024-03-15 04:00:00,Zone_04,1.0,1,27.8,1,4,4,low,0
2024-03-15 05:00:00,Zone_01,1.0,1,14.2,0,4,5,medium,0
2024-03-15 06:00:00,Zone_01,114.0,115,23.8,0,4,6,low,1
2024-03-15 07:00:00,Zone_19,200.0,194,11.2,0,4,7,high,1
2024-03-15 08:00:00,Zone_16,89.0,92,18.0,1,4,8,medium,0
2024-03-15 09:00:00,Zone_14,79.0,85,10.1,1,4,9,low,0
2024-03-15 10:00:00,Zone_16,126.0,119,21.6,0,4,10,medium,1
2024-03-15 11:00:00,Zone_05,98.0,102,9.3,1,4,11,medium,1
2024-03-15 12:00:00,Zone_09,18.0,13,25.1,0,4,12,low,0
2024-03-15 13:00:00,Zone_02,126.0,128,27.5,1,4,13,low,1
2024-03-15 14:00:00,Zone_18,37.0,38,15.4,0,4,14,medium,0
2024-03-15 15:00:00,Zone_06,115.0,114,23.3,0,4,15,low,1
2024-03-15 16:00:00,Zone_09,16.0,11,15.0,0,4,16,low,0
2024-03-15 17:00:00,Zone_01,203.0,201,26.1,0,4,17,low,1
2024-03-15 18:00:00,Zone_09,161.0,166,16.5,0,4,18,low,1
2024-03-15 19:00:00,Zone_16,73.0,70,28.3,0,4,19,medium,0
2024-03-15 20:00:00,Zone_13,40.0,36,7.5,1,4,20,high,0
2024-03-15 21:00:00,Zone_09,29.0,32,14.0,0,4,21,medium,0
2024-03-15 22:00:00,Zone_13,30.0,23,13.1,0,4,22,medium,0
2024-03-15 23:00:00,Zone_09,46.0,38,23.6,0,4,23,high,0
2024-03-16 00:00:00,Zone_11,1.0,1,26.4,0,5,0,low,0
2024-03-16 01:00:00,Zone_04,104.0,112,24.2,0,5,1,low,1
2024-03-16 02:00:00,Zone_02,10.0,9,17.9,0,5,2,medium,0
2024-03-16 03:00:00,Zone_06,4.0,7,0.0,0,5,3,medium,0
2024-03-16 04:00:00,Zone_14,1.0,1,22.3,0,5,4,medium,0
2024-03-16 05:00:00,Zone_04,4.0,5,28.3,1,5,5,low,0
2024-03-16 06:00:00,Zone_06,24.0,25,43.4,1,5,6,low,0
2024-03-16 07:00:00,Zone_19,91.0,84,18.6,0,5,7,medium,0
2024-03-16 08:00:00,Zone_06,84.0,83,16.7,0,5,8,high,0
2024-03-16 09:00:00,Zone_02,68.0,69,24.6,0,5,9,medium,0
2024-03-16 10:00:00,Zone_18,21.0,27,20.0,0,5,10,low,0
2024-03-16 11:00:00,Zone_13,33.0,29,32.2,1,5,11,medium,0
2024-03-16 12:00:00,Zone_09,16.0,15,15.5,0,5,12,low,0
2024-03-16 13:00:00,Zone_19,25.0,15,20.0,0,5,13,low,0
2024-03-16 14:00:00,Zone_13,26.0,34,29.0,1,5,14,low,0
2024-03-16 15:00:00,Zone_11,40.0,49,24.5,0,5,15,medium,0
2024-03-16 16:00:00,Zone_01,50.0,44,31.3,0,5,16,high,0
2024-03-16 17:00:00,Zone_07,82.0,77,18.5,0,5,17,medium,0
2024-03-16 18:00:00,Zone_15,86.0,76,32.1,0,5,18,,0
2024-03-16 19:00:00,Zone_01,185.0,189,8.7,1,5,19,low,1
2024-03-16 20:00:00,Zone_12,12.0,3,9.0,0,5,20,low,0
2024-03-16 21:00:00,Zone_07,38.0,45,32.2,1,5,21,,0
2024-03-16 22:00:00,Zone_15,58.0,60,22.1,0,5,22,medium,0
2024-03-16 23:00:00,Zone_19,66.0,57,29.4,0,5,23,low,0
2024-03-17 00:00:00,Zone_01,98.0,95,22.8,1,6,0,medium,1
2024-03-17 01:00:00,Zone_17,1.0,1,21.9,0,6,1,medium,0
2024-03-17 02:00:00,Zone_17,18.0,22,11.4,0,6,2,high,0
2024-03-17 03:00:00,Zone_03,20.0,22,21.8,0,6,3,high,0
2024-03-17 04:00:00,Zone_12,1.0,7,32.9,0,6,4,low,0
2024-03-17 05:00:00,Zone_06,10.0,3,22.5,0,6,5,medium,0
2024-03-17 06:00:00,Zone_11,37.0,33,27.5,0,6,6,medium,0
2024-03-17 07:00:00,Zone_03,69.0,60,27.2,0,6,7,low,0
2024-03-17 08:00:00,Zone_08,71.0,69,13.9,0,6,8,medium,0
2024-03-17 09:00:00,Zone_14,92.0,83,28.9,1,6,9,medium,0
2024-03-17 10:00:00,Zone_14,20.0,26,19.5,0,6,10,low,0
2024-03-17 11:00:00,Zone_10,29.0,36,19.9,0,6,11,medium,0
2024-03-17 12:00:00,Zone_02,31.0,26,38.8,0,6,12,medium,0
2024-03-17 13:00:00,Zone_14,31.0,38,26.8,1,6,13,low,0
2024-03-17 14:00:00,Zone_09,136.0,131,16.9,0,6,14,low,1
2024-03-17 15:00:00,Zone_03,26.0,17,22.5,0,6,15,medium,0
2024-03-17 16:00:00,Zone_08,28.0,19,22.3,1,6,16,low,0
2024-03-17 17:00:00,Zone_16,105.0,100,35.5,0,6,17,high,0
2024-03-17 18:00:00,Zone_02,112.0,110,22.3,0,6,18,low,0
2024-03-17 19:00:00,Zone_06,107.0,100,39.7,0,6,19,low,0
2024-03-17 20:00:00,Zone_12,17.0,16,11.6,0,6,20,low,0
2024-03-17 21:00:00,Zone_05,32.0,41,21.7,0,6,21,medium,0
2024-03-17 22:00:00,Zone_02,153.0,144,15.9,1,6,22,medium,1
2024-03-17 23:00:00,Zone_16,76.0,78,18.0,0,6,23,medium,0
2024-03-18 00:00:00,Zone_05,80.0,73,18.2,0,0,0,low,1
2024-03-18 01:00:00,Zone_15,27.0,27,16.3,0,0,1,high,0
2024-03-18 02:00:00,Zone_12,1.0,1,35.8,0,0,2,low,0
2024-03-18 03:00:00,Zone_04,9.0,11,33.4,0,0,3,low,0
2024-03-18 04:00:00,Zone_15,6.0,2,25.2,0,0,4,low,0
2024-03-18 05:00:00,Zone_11,6.0,1,18.2,0,0,5,low,0
2024-03-18 06:00:00,Zone_16,109.0,103,16.5,1,0,6,medium,1
2024-03-18 07:00:00,Zone_06,76.0,72,27.9,1,0,7,low,0
2024-03-18 08:00:00,Zone_14,90.0,90,24.4,0,0,8,low,0
2024-03-18 09:00:00,Zone_18,121.0,113,20.8,0,0,9,high,0
2024-03-18 10:00:00,Zone_12,30.0,32,26.3,1,0,10,low,0
2024-03-18 11:00:00,Zone_11,51.0,43,29.1,0,0,11,high,0
2024-03-18 12:00:00,Zone_13,36.0,30,20.8,0,0,12,medium,0
2024-03-18 13:00:00,Zone_11,22.0,25,15.7,0,0,13,low,0
2024-03-18 14:00:00,Zone_16,30.0,39,11.4,0,0,14,medium,0
2024-03-18 15:00:00,Zone_15,20.0,14,24.0,0,0,15,medium,0
2024-03-18 16:00:00,Zone_15,8.0,14,39.3,1,0,16,low,0
2024-03-18 17:00:00,Zone_04,185.0,188,13.1,0,0,17,high,1
2024-03-18 18:00:00,Zone_11,213.0,218,30.8,0,0,18,medium,1
2024-03-18 19:00:00,Zone_19,131.0,140,16.6,0,0,19,high,0
2024-03-18 20:00:00,Zone_15,43.0,38,18.2,0,0,20,high,0
2024-03-18 21:00:00,Zone_04,93.0,87,29.3,0,0,21,low,1
2024-03-18 22:00:00,Zone_13,8.0,15,20.0,1,0,22,low,0
2024-03-18 23:00:00,Zone_19,34.0,41,24.0,1,0,23,low,0
2024-03-19 00:00:00,Zone_02,13.0,17,23.8,1,1,0,,0
2024-03-19 01:00:00,Zone_14,31.0,39,16.6,0,1,1,high,0
2024-03-19 02:00:00,Zone_04,,3,29.2,0,1,2,medium,0
2024-03-19 03:00:00,Zone_16,7.0,2,21.5,0,1,3,low,0
2024-03-19 04:00:00,Zone_20,15.0,13,10.9,0,1,4,low,0
2024-03-19 05:00:00,Zone_14,98.0,96,14.9,0,1,5,high,1
2024-03-19 06:00:00,Zone_15,30.0,38,0.0,1,1,6,high,0
2024-03-19 07:00:00,Zone_03,96.0,102,22.4,1,1,7,low,0
2024-03-19 08:00:00,Zone_08,188.0,197,32.4,0,1,8,low,1
2024-03-19 09:00:00,Zone_16,170.0,173,13.6,1,1,9,low,1
2024-03-19 10:00:00,Zone_10,31.0,28,26.7,0,1,10,low,0
2024-03-19 11:00:00,Zone_04,40.0,38,25.4,0,1,11,high,0
2024-03-19 12:00:00,Zone_18,37.0,28,16.0,1,1,12,medium,0
2024-03-19 13:00:00,Zone_02,137.0,134,34.3,1,1,13,medium,1
2024-03-19 14:00:00,Zone_17,13.0,11,19.8,1,1,14,medium,0
2024-03-19 15:00:00,Zone_13,22.0,24,38.1,1,1,15,low,0
2024-03-19 16:00:00,Zone_04,19.0,18,8.9,1,1,16,low,0
2024-03-19 17:00:00,Zone_11,98.0,100,19.8,0,1,17,high,0
2024-03-19 18:00:00,Zone_07,102.0,96,20.8,0,1,18,medium,0
2024-03-19 19:00:00,Zone_12,105.0,109,21.7,0,1,19,medium,0
2024-03-19 20:00:00,Zone_10,43.0,52,27.7,0,1,20,low,0
2024-03-19 21:00:00,Zone_07,27.0,23,45.0,1,1,21,low,0
2024-03-19 22:00:00,Zone_13,22.0,23,25.6,0,1,22,low,0
2024-03-19 23:00:00,Zone_07,32.0,41,22.2,1,1,23,medium,0
2024-03-20 00:00:00,Zone_17,96.0,101,13.2,0,2,0,medium,1
2024-03-20 01:00:00,Zone_10,7.0,1,6.9,0,2,1,medium,0
2024-03-20 02:00:00,Zone_10,19.0,18,31.4,0,2,2,high,0
2024-03-20 03:00:00,Zone_04,122.0,120,17.6,1,2,3,medium,1
2024-03-20 04:00:00,Zone_20,1.0,10,42.8,0,2,4,medium,0
2024-03-20 05:00:00,Zone_04,1.0,1,28.9,0,2,5,low,0
2024-03-20 06:00:00,Zone_07,41.0,41,24.7,0,2,6,high,0
2024-03-20 07:00:00,Zone_01,99.0,98,25.2,0,2,7,medium,0
2024-03-20 08:00:00,Zone_12,55.0,57,25.2,0,2,8,low,0
2024-03-20 09:00:00,Zone_13,96.0,87,16.4,1,2,9,medium,0
2024-03-20 10:00:00,Zone_10,25.0,30,8.0,0,2,10,medium,0
2024-03-20 11:00:00,Zone_15,52.0,49,17.6,1,2,11,high,0
2024-03-20 12:00:00,Zone_13,43.0,52,21.9,1,2,12,high,0
2024-03-20 13:00:00,Zone_09,25.0,24,16.8,1,2,13,medium,0
2024-03-20 14:00:00,Zone_09,27.0,33,11.7,0,2,14,medium,0
2024-03-20 15:00:00,Zone_15,36.0,43,16.0,0,2,15,low,0
2024-03-20 16:00:00,Zone_10,133.0,142,30.3,0,2,16,medium,1
2024-03-20 17:00:00,Zone_10,123.0,122,28.0,0,2,17,high,0
2024-03-20 18:00:00,Zone_08,108.0,99,23.4,0,2,18,medium,0
2024-03-20 19:00:00,Zone_16,177.0,168,26.7,0,2,19,medium,1
2024-03-20 20:00:00,Zone_17,47.0,46,,0,2,20,high,0
2024-03-20 21:00:00,Zone_05,20.0,11,15.6,0,2,21,low,0
2024-03-20 22:00:00,Zone_04,32.0,35,24.5,0,2,22,low,0
2024-03-20 23:00:00,Zone_18,28.0,36,14.0,0,2,23,medium,0
2024-03-21 00:00:00,Zone_19,,109,22.9,0,3,0,high,1
2024-03-21 01:00:00,Zone_04,26.0,31,11.9,1,3,1,high,0
2024-03-21 02:00:00,Zone_07,9.0,1,8.8,1,3,2,medium,0
2024-03-21 03:00:00,Zone_10,23.0,23,27.9,0,3,3,high,0
2024-03-21 04:00:00,Zone_18,,3,30.2,1,3,4,medium,0
2024-03-21 05:00:00,Zone_19,1.0,1,17.0,0,3,5,low,0
2024-03-21 06:00:00,Zone_04,,40,9.8,1,3,6,high,0
2024-03-21 07:00:00,Zone_10,78.0,87,4.3,0,3,7,low,0
2024-03-21 08:00:00,Zone_01,57.0,48,36.7,0,3,8,low,0
2024-03-21 09:00:00,Zone_18,95.0,88,22.9,1,3,9,,0
2024-03-21 10:00:00,Zone_05,,26,17.1,0,3,10,low,0
2024-03-21 11:00:00,Zone_15,112.0,119,19.1,0,3,11,low,1
2024-03-21 12:00:00,Zone_17,17.0,8,6.7,0,3,12,low,0
2024-03-21 13:00:00,Zone_03,104.0,102,27.0,1,3,13,low,1
2024-03-21 14:00:00,Zone_12,23.0,30,38.0,1,3,14,low,0
2024-03-21 15:00:00,Zone_02,28.0,29,15.7,0,3,15,medium,0
2024-03-21 16:00:00,Zone_01,30.0,29,41.1,0,3,16,high,0
2024-03-21 17:00:00,Zone_17,101.0,97,21.1,0,3,17,high,0
2024-03-21 18:00:00,Zone_16,115.0,107,35.3,1,3,18,high,0
2024-03-21 19:00:00,Zone_05,115.0,122,24.5,0,3,19,medium,0
2024-03-21 20:00:00,Zone_15,24.0,15,24.4,0,3,20,medium,0
2024-03-21 21:00:00,Zone_03,20.0,12,36.8,0,3,21,low,0
2024-03-21 22:00:00,Zone_07,23.0,27,28.3,0,3,22,low,0
2024-03-21 23:00:00,Zone_11,34.0,32,25.0,1,3,23,medium,0
2024-03-22 00:00:00,Zone_10,10.0,2,6.5,0,4,0,medium,0
2024-03-22 01:00:00,Zone_09,111.0,106,9.9,1,4,1,high,1
2024-03-22 02:00:00,Zone_14,8.0,8,25.7,0,4,2,medium,0
2024-03-22 03:00:00,Zone_13,6.0,1,33.7,0,4,3,low,0
2024-03-22 04:00:00,Zone_02,119.0,125,23.0,1,4,4,high,1
2024-03-22 05:00:00,Zone_03,,10,17.3,1,4,5,medium,0
2024-03-22 06:00:00,Zone_07,45.0,41,7.3,0,4,6,high,0
2024-03-22 07:00:00,Zone_18,201.0,200,15.7,0,4,7,high,1
2024-03-22 08:00:00,Zone_03,191.0,199,23.0,1,4,8,low,1
2024-03-22 09:00:00,Zone_10,217.0,209,15.1,0,4,9,low,1
2024-03-22 10:00:00,Zone_07,17.0,26,14.3,1,4,10,low,0
2024-03-22 11:00:00,Zone_09,108.0,98,21.6,1,4,11,low,1
2024-03-22 12:00:00,Zone_17,8.0,7,33.6,1,4,12,low,0
2024-03-22 13:00:00,Zone_11,32.0,34,27.5,1,4,13,medium,0
2024-03-22 14:00:00,Zone_07,43.0,40,24.3,0,4,14,high,0
2024-03-22 15:00:00,Zone_14,163.0,167,23.5,1,4,15,high,1
2024-03-22 16:00:00,Zone_19,93.0,83,26.4,0,4,16,medium,1
2024-03-22 17:00:00,Zone_04,98.0,99,21.1,1,4,17,low,0
2024-03-22 18:00:00,Zone_06,85.0,77,18.7,0,4,18,low,0
2024-03-22 19:00:00,Zone_10,234.0,229,27.9,0,4,19,medium,1
2024-03-22 20:00:00,Zone_07,96.0,95,20.2,1,4,20,low,1
2024-03-22 21:00:00,Zone_13,48.0,43,12.5,1,4,21,high,0
2024-03-22 22:00:00,Zone_14,47.0,53,33.5,0,4,22,high,0
2024-03-22 23:00:00,Zone_04,145.0,141,7.0,0,4,23,medium,1
2024-03-23 00:00:00,Zone_08,1.0,4,34.1,0,5,0,medium,0
2024-03-23 01:00:00,Zone_05,1.0,1,26.1,0,5,1,low,0
2024-03-23 02:00:00,Zone_01,3.0,6,14.2,0,5,2,medium,0
2024-03-23 03:00:00,Zone_04,2.0,1,22.2,1,5,3,low,0
2024-03-23 04:00:00,Zone_03,1.0,1,18.6,1,5,4,low,0
2024-03-23 05:00:00,Zone_09,90.0,97,28.5,0,5,5,medium,1
2024-03-23 06:00:00,Zone_08,29.0,24,28.3,0,5,6,medium,0
2024-03-23 07:00:00,Zone_01,95.0,102,25.7,0,5,7,medium,0
2024-03-23 08:00:00,Zone_06,216.0,209,28.0,0,5,8,medium,1
2024-03-23 09:00:00,Zone_09,82.0,85,21.1,0,5,9,medium,0
2024-03-23 10:00:00,Zone_07,35.0,27,36.1,0,5,10,high,0
2024-03-23 11:00:00,Zone_04,38.0,41,31.8,1,5,11,high,0
2024-03-23 12:00:00,Zone_13,149.0,143,18.2,0,5,12,,1
2024-03-23 13:00:00,Zone_17,52.0,55,28.5,0,5,13,high,0
2024-03-23 14:00:00,Zone_02,32.0,40,27.8,0,5,14,medium,0
2024-03-23 15:00:00,Zone_05,134.0,131,19.9,0,5,15,medium,1
2024-03-23 16:00:00,Zone_12,20.0,14,19.3,1,5,16,low,0
2024-03-23 17:00:00,Zone_08,165.0,164,31.7,1,5,17,low,1
2024-03-23 18:00:00,Zone_06,124.0,126,21.9,0,5,18,high,0
2024-03-23 19:00:00,Zone_08,93.0,88,24.1,0,5,19,high,0
2024-03-23 20:00:00,Zone_18,21.0,30,33.2,1,5,20,medium,0
2024-03-23 21:00:00,Zone_03,19.0,18,42.3,0,5,21,medium,0
2024-03-23 22:00:00,Zone_12,39.0,41,17.8,0,5,22,low,0
2024-03-23 23:00:00,Zone_03,50.0,59,20.2,1,5,23,low,0
2024-03-24 00:00:00,Zone_06,14.0,13,22.6,0,6,0,medium,0
2024-03-24 01:00:00,Zone_02,5.0,1,22.8,1,6,1,medium,0
2024-03-24 02:00:00,Zone_12,15.0,8,25.0,0,6,2,high,0
2024-03-24 03:00:00,Zone_02,1.0,3,18.1,1,6,3,low,0
2024-03-24 04:00:00,Zone_06,73.0,68,11.9,0,6,4,medium,1
2024-03-24 05:00:00,Zone_17,2.0,1,36.0,0,6,5,medium,0
2024-03-24 06:00:00,Zone_03,44.0,42,26.9,0,6,6,high,0
2024-03-24 07:00:00,Zone_02,112.0,110,18.7,0,6,7,high,0
2024-03-24 08:00:00,Zone_20,90.0,93,25.5,0,6,8,medium,0
2024-03-24 09:00:00,Zone_08,94.0,84,36.7,0,6,9,high,0
2024-03-24 10:00:00,Zone_12,36.0,30,15.7,1,6,10,medium,0
2024-03-24 11:00:00,Zone_04,39.0,45,23.7,0,6,11,low,0
2024-03-24 12:00:00,Zone_05,35.0,30,10.9,0,6,12,medium,0
2024-03-24 13:00:00,Zone_13,30.0,36,21.1,0,6,13,low,0
2024-03-24 14:00:00,Zone_15,21.0,15,26.9,0,6,14,medium,0
2024-03-24 15:00:00,Zone_16,47.0,38,13.1,0,6,15,high,0
2024-03-24 16:00:00,Zone_10,40.0,47,20.5,1,6,16,high,0
2024-03-24 17:00:00,Zone_16,85.0,80,28.4,0,6,17,low,0
2024-03-24 18:00:00,Zone_12,101.0,104,26.7,0,6,18,low,0
2024-03-24 19:00:00,Zone_17,77.0,67,12.7,0,6,19,low,0
2024-03-24 20:00:00,Zone_16,93.0,93,25.0,1,6,20,low,1
2024-03-24 21:00:00,Zone_12,98.0,97,26.5,0,6,21,low,1
2024-03-24 22:00:00,Zone_08,74.0,78,22.9,1,6,22,medium,0
2024-03-24 23:00:00,Zone_20,53.0,51,30.7,0,6,23,medium,0
2024-03-25 00:00:00,Zone_03,22.0,18,17.3,1,0,0,high,0
2024-03-25 01:00:00,Zone_16,75.0,76,25.3,0,0,1,low,1
2024-03-25 02:00:00,Zone_13,1.0,1,12.7,0,0,2,low,0
2024-03-25 03:00:00,Zone_19,3.0,2,9.2,0,0,3,low,0
2024-03-25 04:00:00,Zone_08,1.0,1,28.2,1,0,4,low,0
2024-03-25 05:00:00,Zone_05,18.0,21,22.2,1,0,5,medium,0
2024-03-25 06:00:00,Zone_20,22.0,20,18.3,0,0,6,low,0
2024-03-25 07:00:00,Zone_08,78.0,68,13.5,0,0,7,medium,0
2024-03-25 08:00:00,Zone_12,195.0,200,28.6,0,0,8,high,1
2024-03-25 09:00:00,Zone_01,104.0,98,9.9,0,0,9,medium,0
2024-03-25 10:00:00,Zone_20,30.0,27,29.9,0,0,10,medium,0
2024-03-25 11:00:00,Zone_06,28.0,37,25.6,0,0,11,low,0
2024-03-25 12:00:00,Zone_18,31.0,21,10.3,0,0,12,high,0
2024-03-25 13:00:00,Zone_08,28.0,34,23.0,0,0,13,low,0
2024-03-25 14:00:00,Zone_07,14.0,10,43.2,0,0,14,low,0
2024-03-25 15:00:00,Zone_01,139.0,139,31.5,0,0,15,low,1
2024-03-25 16:00:00,Zone_16,24.0,20,15.4,1,0,16,low,0
2024-03-25 17:00:00,Zone_12,205.0,201,27.7,0,0,17,medium,1
2024-03-25 18:00:00,Zone_06,114.0,107,10.7,0,0,18,high,0
2024-03-25 19:00:00,Zone_20,211.0,220,11.0,0,0,19,high,1
2024-03-25 20:00:00,Zone_02,99.0,89,21.5,0,0,20,medium,1
2024-03-25 21:00:00,Zone_14,125.0,129,26.4,1,0,21,medium,1
2024-03-25 22:00:00,Zone_04,135.0,126,28.5,1,0,22,medium,1
2024-03-25 23:00:00,Zone_01,43.0,41,28.6,0,0,23,high,0
2024-03-26 00:00:00,Zone_18,3.0,6,26.0,0,1,0,medium,0
2024-03-26 01:00:00,Zone_13,8.0,13,9.1,0,1,1,medium,0
2024-03-26 02:00:00,Zone_02,13.0,19,21.5,0,1,2,medium,0
2024-03-26 03:00:00,Zone_09,7.0,3,29.7,1,1,3,medium,0
2024-03-26 04:00:00,Zone_02,14.0,5,25.5,0,1,4,low,0
2024-03-26 05:00:00,Zone_09,124.0,119,23.5,1,1,5,low,1
2024-03-26 06:00:00,Zone_01,23.0,15,24.6,0,1,6,medium,0
2024-03-26 07:00:00,Zone_11,92.0,87,,0,1,7,high,0
2024-03-26 08:00:00,Zone_03,156.0,151,6.3,0,1,8,medium,1
2024-03-26 09:00:00,Zone_20,120.0,117,31.2,0,1,9,high,0
2024-03-26 10:00:00,Zone_04,95.0,92,21.1,0,1,10,low,1
2024-03-26 11:00:00,Zone_18,36.0,34,27.7,1,1,11,medium,0
2024-03-26 12:00:00,Zone_06,11.0,15,,0,1,12,medium,0
2024-03-26 13:00:00,Zone_03,34.0,40,35.3,0,1,13,high,0
2024-03-26 14:00:00,Zone_11,27.0,20,12.7,0,1,14,low,0
2024-03-26 15:00:00,Zone_15,28.0,18,42.3,0,1,15,medium,0
2024-03-26 16:00:00,Zone_05,93.0,88,39.0,0,1,16,low,1
2024-03-26 17:00:00,Zone_20,73.0,81,11.4,0,1,17,medium,0
2024-03-26 18:00:00,Zone_10,109.0,103,28.5,0,1,18,high,0
2024-03-26 19:00:00,Zone_12,145.0,145,13.9,0,1,19,low,1
2024-03-26 20:00:00,Zone_15,44.0,43,16.9,1,1,20,high,0
2024-03-26 21:00:00,Zone_17,153.0,151,17.1,1,1,21,high,1
2024-03-26 22:00:00,Zone_10,30.0,35,25.6,0,1,22,low,0
2024-03-26 23:00:00,Zone_06,41.0,49,24.6,1,1,23,high,0
2024-03-27 00:00:00,Zone_18,1.0,8,12.4,0,2,0,low,0
2024-03-27 01:00:00,Zone_13,10.0,12,25.5,1,2,1,low,0
2024-03-27 02:00:00,Zone_03,6.0,2,20.4,0,2,2,medium,0
2024-03-27 03:00:00,Zone_10,1.0,7,7.4,1,2,3,medium,0
2024-03-27 04:00:00,Zone_14,9.0,7,18.5,0,2,4,medium,0
2024-03-27 05:00:00,Zone_06,89.0,88,35.3,0,2,5,low,1
2024-03-27 06:00:00,Zone_03,34.0,43,18.8,0,2,6,high,0
2024-03-27 07:00:00,Zone_16,102.0,104,7.3,0,2,7,medium,0
2024-03-27 08:00:00,Zone_07,80.0,85,28.5,0,2,8,low,0
2024-03-27 09:00:00,Zone_20,108.0,101,14.6,0,2,9,medium,0
2024-03-27 10:00:00,Zone_14,85.0,84,23.7,0,2,10,low,1
2024-03-27 11:00:00,Zone_09,31.0,21,20.6,0,2,11,low,0
2024-03-27 12:00:00,Zone_15,23.0,20,36.1,0,2,12,medium,0
2024-03-27 13:00:00,Zone_03,27.0,36,20.6,0,2,13,medium,0
2024-03-27 14:00:00,Zone_02,41.0,48,12.8,1,2,14,low,0
2024-03-27 15:00:00,Zone_02,39.0,33,18.2,0,2,15,high,0
2024-03-27 16:00:00,Zone_03,30.0,30,12.2,0,2,16,low,0
2024-03-27 17:00:00,Zone_18,113.0,121,20.3,0,2,17,medium,0
2024-03-27 18:00:00,Zone_14,190.0,188,36.2,1,2,18,low,1
2024-03-27 19:00:00,Zone_20,113.0,117,32.0,0,2,19,medium,0
2024-03-27 20:00:00,Zone_18,112.0,106,38.3,0,2,20,low,1
2024-03-27 21:00:00,Zone_10,30.0,24,25.8,0,2,21,medium,0
2024-03-27 22:00:00,Zone_02,125.0,126,23.1,1,2,22,medium,1
2024-03-27 23:00:00,Zone_01,133.0,131,14.0,0,2,23,low,1
2024-03-28 00:00:00,Zone_04,2.0,1,24.2,0,3,0,low,0
2024-03-28 01:00:00,Zone_14,6.0,5,21.0,0,3,1,medium,0
2024-03-28 02:00:00,Zone_01,5.0,1,28.2,1,3,2,low,0
2024-03-28 03:00:00,Zone_14,7.0,6,13.0,0,3,3,medium,0
2024-03-28 04:00:00,Zone_16,11.0,6,22.4,0,3,4,medium,0
2024-03-28 05:00:00,Zone_14,4.0,13,9.4,0,3,5,medium,0
2024-03-28 06:00:00,Zone_20,51.0,50,24.7,1,3,6,high,0
2024-03-28 07:00:00,Zone_03,91.0,89,27.4,0,3,7,medium,0
2024-03-28 08:00:00,Zone_03,101.0,93,9.0,0,3,8,high,0
2024-03-28 09:00:00,Zone_09,79.0,79,11.3,1,3,9,high,0
2024-03-28 10:00:00,Zone_06,153.0,153,,0,3,10,high,1
2024-03-28 11:00:00,Zone_13,27.0,20,20.6,0,3,11,low,0
2024-03-28 12:00:00,Zone_02,50.0,56,10.8,0,3,12,high,0
2024-03-28 13:00:00,Zone_08,41.0,39,33.0,0,3,13,high,0
2024-03-28 14:00:00,Zone_02,39.0,34,25.5,0,3,14,medium,0
2024-03-28 15:00:00,Zone_04,28.0,28,26.8,0,3,15,low,0
2024-03-28 16:00:00,Zone_15,45.0,53,9.3,0,3,16,high,0
2024-03-28 17:00:00,Zone_04,175.0,182,32.3,0,3,17,medium,1
2024-03-28 18:00:00,Zone_13,207.0,204,27.2,0,3,18,medium,1
2024-03-28 19:00:00,Zone_12,200.0,203,16.5,0,3,19,high,1
2024-03-28 20:00:00,Zone_13,23.0,31,9.7,0,3,20,low,0
2024-03-28 21:00:00,Zone_14,102.0,107,21.4,1,3,21,low,1
2024-03-28 22:00:00,Zone_20,22.0,14,18.3,0,3,22,medium,0
2024-03-28 23:00:00,Zone_18,36.0,38,18.6,0,3,23,medium,0
2024-03-29 00:00:00,Zone_06,18.0,24,16.4,0,4,0,high,0
2024-03-29 01:00:00,Zone_11,6.0,14,27.8,1,4,1,medium,0
2024-03-29 02:00:00,Zone_02,13.0,7,1.2,0,4,2,high,0
2024-03-29 03:00:00,Zone_19,10.0,15,33.4,0,4,3,low,0
2024-03-29 04:00:00,Zone_19,103.0,106,30.0,0,4,4,medium,1
2024-03-29 05:00:00,Zone_05,1.0,9,23.7,0,4,5,low,0
2024-03-29 06:00:00,Zone_19,99.0,108,20.8,0,4,6,medium,1
2024-03-29 07:00:00,Zone_02,112.0,105,30.7,0,4,7,high,0
2024-03-29 08:00:00,Zone_10,86.0,81,21.7,0,4,8,low,0
2024-03-29 09:00:00,Zone_02,125.0,123,19.8,0,4,9,high,0
2024-03-29 10:00:00,Zone_11,21.0,18,31.1,0,4,10,low,0
2024-03-29 11:00:00,Zone_18,17.0,18,38.7,0,4,11,low,0
2024-03-29 12:00:00,Zone_15,25.0,25,14.2,0,4,12,low,0
2024-03-29 13:00:00,Zone_09,35.0,31,25.4,1,4,13,medium,0
2024-03-29 14:00:00,Zone_19,36.0,33,13.3,0,4,14,low,0
2024-03-29 15:00:00,Zone_09,26.0,25,26.0,0,4,15,medium,0
2024-03-29 16:00:00,Zone_03,21.0,13,15.8,1,4,16,medium,0
2024-03-29 17:00:00,Zone_09,202.0,197,31.7,0,4,17,low,1
2024-03-29 18:00:00,Zone_14,203.0,203,21.2,0,4,18,medium,1
2024-03-29 19:00:00,Zone_19,,82,22.4,0,4,19,medium,0
2024-03-29 20:00:00,Zone_07,38.0,39,35.0,0,4,20,,0
2024-03-29 21:00:00,Zone_16,22.0,14,16.1,0,4,21,low,0
2024-03-29 22:00:00,Zone_16,23.0,22,27.5,1,4,22,low,0
2024-03-29 23:00:00,Zone_01,152.0,148,16.9,0,4,23,medium,1
2024-03-30 00:00:00,Zone_04,4.0,1,31.6,0,5,0,medium,0
2024-03-30 01:00:00,Zone_04,18.0,19,36.3,0,5,1,medium,0
2024-03-30 02:00:00,Zone_07,32.0,35,19.9,0,5,2,high,0
2024-03-30 03:00:00,Zone_08,24.0,20,4.4,1,5,3,high,0
2024-03-30 04:00:00,Zone_17,7.0,13,16.5,1,5,4,low,0
2024-03-30 05:00:00,Zone_05,74.0,78,41.5,0,5,5,medium,1
2024-03-30 06:00:00,Zone_07,41.0,48,17.3,1,5,6,medium,0
2024-03-30 07:00:00,Zone_20,84.0,78,36.2,0,5,7,high,0
2024-03-30 08:00:00,Zone_20,90.0,90,17.1,0,5,8,low,0
2024-03-30 09:00:00,Zone_04,,73,17.0,0,5,9,medium,0
2024-03-30 10:00:00,Zone_06,42.0,45,28.2,0,5,10,high,0
2024-03-30 11:00:00,Zone_07,34.0,25,27.3,1,5,11,,0
2024-03-30 12:00:00,Zone_18,30.0,39,28.8,0,5,12,medium,0
2024-03-30 13:00:00,Zone_05,53.0,49,22.0,1,5,13,high,0
2024-03-30 14:00:00,Zone_20,41.0,38,30.3,1,5,14,high,0
2024-03-30 15:00:00,Zone_03,40.0,33,29.7,0,5,15,low,0
2024-03-30 16:00:00,Zone_07,22.0,21,31.2,0,5,16,low,0
2024-03-30 17:00:00,Zone_14,134.0,137,17.0,0,5,17,medium,0
2024-03-30 18:00:00,Zone_07,123.0,127,30.3,0,5,18,high,0
2024-03-30 19:00:00,Zone_05,113.0,112,17.8,0,5,19,high,0
2024-03-30 20:00:00,Zone_05,49.0,54,20.7,1,5,20,high,0
2024-03-30 21:00:00,Zone_02,26.0,18,20.6,0,5,21,medium,0
2024-03-30 22:00:00,Zone_06,61.0,52,14.0,0,5,22,low,0
2024-03-30 23:00:00,Zone_15,86.0,76,8.1,1,5,23,,0
2024-03-31 00:00:00,Zone_10,16.0,16,31.8,0,6,0,medium,0
2024-03-31 01:00:00,Zone_07,18.0,23,16.4,0,6,1,medium,0
2024-03-31 02:00:00,Zone_05,6.0,7,19.8,0,6,2,medium,0
2024-03-31 03:00:00,Zone_01,9.0,3,,0,6,3,medium,0
2024-03-31 04:00:00,Zone_13,24.0,33,19.9,0,6,4,high,0
2024-03-31 05:00:00,Zone_18,1.0,5,18.0,0,6,5,low,0
2024-03-31 06:00:00,Zone_13,20.0,26,32.2,1,6,6,medium,0
2024-03-31 07:00:00,Zone_18,94.0,91,17.3,0,6,7,medium,0
2024-03-31 08:00:00,Zone_05,65.0,73,35.7,0,6,8,medium,0
2024-03-31 09:00:00,Zone_13,100.0,108,31.1,0,6,9,medium,0
2024-03-31 10:00:00,Zone_04,,32,18.2,0,6,10,low,0
2024-03-31 11:00:00,Zone_17,22.0,18,24.6,0,6,11,low,0
2024-03-31 12:00:00,Zone_03,27.0,22,26.2,1,6,12,low,0
2024-03-31 13:00:00,Zone_17,9.0,1,28.7,1,6,13,low,0
2024-03-31 14:00:00,Zone_11,,23,29.5,0,6,14,medium,0
2024-03-31 15:00:00,Zone_20,38.0,36,23.5,0,6,15,low,0
2024-03-31 16:00:00,Zone_04,39.0,39,14.4,0,6,16,medium,0
2024-03-31 17:00:00,Zone_02,99.0,106,27.1,0,6,17,low,0
2024-03-31 18:00:00,Zone_20,101.0,106,20.1,0,6,18,medium,0
2024-03-31 19:00:00,Zone_16,212.0,211,0.0,0,6,19,medium,1
2024-03-31 20:00:00,Zone_18,17.0,22,25.1,0,6,20,low,0
2024-03-31 21:00:00,Zone_08,119.0,117,16.1,0,6,21,medium,1
2024-03-31 22:00:00,Zone_03,181.0,190,18.3,1,6,22,high,1
2024-03-31 23:00:00,Zone_09,53.0,44,22.0,0,6,23,low,0
2024-04-01 00:00:00,Zone_20,12.0,19,9.6,1,0,0,medium,0
2024-04-01 01:00:00,Zone_06,1.0,6,23.1,0,0,1,low,0
2024-04-01 02:00:00,Zone_10,7.0,16,19.5,0,0,2,low,0
2024-04-01 03:00:00,Zone_10,,10,15.0,0,0,3,medium,0
2024-04-01 04:00:00,Zone_13,12.0,13,22.4,0,0,4,low,0
2024-04-01 05:00:00,Zone_17,20.0,13,8.5,1,0,5,high,0
2024-04-01 06:00:00,Zone_09,29.0,35,22.6,0,0,6,low,0
2024-04-01 07:00:00,Zone_17,91.0,100,25.8,0,0,7,low,0
2024-04-01 08:00:00,Zone_09,104.0,113,24.4,0,0,8,medium,0
2024-04-01 09:00:00,Zone_09,212.0,208,28.3,0,0,9,medium,1
2024-04-01 10:00:00,Zone_01,26.0,19,31.3,0,0,10,medium,0
2024-04-01 11:00:00,Zone_02,29.0,33,21.3,0,0,11,low,0
2024-04-01 12:00:00,Zone_16,52.0,55,30.8,1,0,12,high,0
2024-04-01 13:00:00,Zone_01,52.0,61,21.3,0,0,13,high,0
2024-04-01 14:00:00,Zone_10,24.0,14,16.4,0,0,14,medium,0
2024-04-01 15:00:00,Zone_18,52.0,50,18.9,0,0,15,high,0
2024-04-01 16:00:00,Zone_08,113.0,106,24.1,0,0,16,medium,1
2024-04-01 17:00:00,Zone_11,103.0,112,30.7,0,0,17,low,0
2024-04-01 18:00:00,Zone_02,81.0,79,22.0,0,0,18,low,0
2024-04-01 19:00:00,Zone_08,88.0,86,16.6,0,0,19,low,0
2024-04-01 20:00:00,Zone_08,50.0,51,33.6,0,0,20,high,0
2024-04-01 21:00:00,Zone_17,27.0,32,10.5,0,0,21,low,0
2024-04-01 22:00:00,Zone_15,28.0,22,16.7,0,0,22,medium,0
2024-04-01 23:00:00,Zone_17,21.0,27,29.1,1,0,23,low,0
2024-04-02 00:00:00,Zone_13,6.0,1,36.1,1,1,0,medium,0
2024-04-02 01:00:00,Zone_19,1.0,1,25.8,0,1,1,low,0
2024-04-02 02:00:00,Zone_05,25.0,25,24.0,0,1,2,high,0
2024-04-02 03:00:00,Zone_12,104.0,95,19.7,0,1,3,low,1
2024-04-02 04:00:00,Zone_01,36.0,32,26.4,0,1,4,high,0
2024-04-02 05:00:00,Zone_05,21.0,27,23.0,1,1,5,high,0
2024-04-02 06:00:00,Zone_08,32.0,32,16.0,0,1,6,medium,0
2024-04-02 07:00:00,Zone_13,94.0,93,19.5,0,1,7,low,0
2024-04-02 08:00:00,Zone_08,86.0,76,15.1,1,1,8,low,0
2024-04-02 09:00:00,Zone_11,95.0,103,22.1,0,1,9,high,0
2024-04-02 10:00:00,Zone_01,16.0,6,23.3,0,1,10,low,0
2024-04-02 11:00:00,Zone_13,11.0,20,35.1,0,1,11,low,0
2024-04-02 12:00:00,Zone_19,33.0,42,17.2,1,1,12,medium,0
2024-04-02 13:00:00,Zone_03,31.0,26,20.6,0,1,13,low,0
2024-04-02 14:00:00,Zone_17,20.0,25,32.1,0,1,14,low,0
2024-04-02 15:00:00,Zone_05,96.0,97,36.4,0,1,15,medium,1
2024-04-02 16:00:00,Zone_20,26.0,26,25.8,0,1,16,,0
2024-04-02 17:00:00,Zone_08,95.0,102,20.0,0,1,17,low,0
2024-04-02 18:00:00,Zone_14,104.0,100,18.2,1,1,18,medium,0
2024-04-02 19:00:00,Zone_04,74.0,77,7.3,0,1,19,medium,0
2024-04-02 20:00:00,Zone_11,25.0,27,14.6,0,1,20,medium,0
2024-04-02 21:00:00,Zone_20,18.0,27,22.8,0,1,21,low,0
2024-04-02 22:00:00,Zone_15,31.0,28,20.6,0,1,22,medium,0
2024-04-02 23:00:00,Zone_19,22.0,25,27.0,0,1,23,medium,0
2024-04-03 00:00:00,Zone_07,97.0,104,20.4,1,2,0,medium,1
2024-04-03 01:00:00,Zone_19,6.0,1,16.2,0,2,1,low,0
2024-04-03 02:00:00,Zone_19,17.0,10,24.7,0,2,2,low,0
2024-04-03 03:00:00,Zone_11,12.0,10,42.0,0,2,3,high,0
2024-04-03 04:00:00,Zone_05,81.0,72,,1,2,4,low,1
2024-04-03 05:00:00,Zone_05,11.0,14,23.1,1,2,5,medium,0
2024-04-03 06:00:00,Zone_08,38.0,39,28.8,0,2,6,high,0
2024-04-03 07:00:00,Zone_10,83.0,91,17.4,1,2,7,medium,0
2024-04-03 08:00:00,Zone_06,108.0,115,32.2,0,2,8,medium,0
2024-04-03 09:00:00,Zone_15,82.0,83,9.4,1,2,9,low,0
2024-04-03 10:00:00,Zone_16,50.0,40,18.7,0,2,10,high,0
2024-04-03 11:00:00,Zone_17,22.0,21,19.5,0,2,11,medium,0
2024-04-03 12:00:00,Zone_08,144.0,135,23.2,0,2,12,medium,1
2024-04-03 13:00:00,Zone_08,36.0,39,6.2,0,2,13,medium,0
2024-04-03 14:00:00,Zone_09,50.0,59,32.8,1,2,14,high,0
2024-04-03 15:00:00,Zone_02,118.0,123,25.3,0,2,15,medium,1
2024-04-03 16:00:00,Zone_15,21.0,29,31.0,0,2,16,low,0
2024-04-03 17:00:00,Zone_18,106.0,109,34.9,0,2,17,medium,0
2024-04-03 18:00:00,Zone_03,204.0,207,16.1,0,2,18,medium,1
2024-04-03 19:00:00,Zone_17,92.0,85,2.0,0,2,19,low,0
2024-04-03 20:00:00,Zone_04,33.0,33,31.2,0,2,20,high,0
2024-04-03 21:00:00,Zone_04,23.0,14,19.7,0,2,21,low,0
2024-04-03 22:00:00,Zone_14,118.0,114,12.9,0,2,22,medium,1
2024-04-03 23:00:00,Zone_09,13.0,15,26.6,0,2,23,low,0
2024-04-04 00:00:00,Zone_09,1.0,1,41.7,1,3,0,low,0
2024-04-04 01:00:00,Zone_18,8.0,9,21.1,0,3,1,medium,0
2024-04-04 02:00:00,Zone_10,29.0,25,29.6,0,3,2,high,0
2024-04-04 03:00:00,Zone_04,1.0,1,14.1,0,3,3,medium,0
2024-04-04 04:00:00,Zone_12,5.0,1,8.5,0,3,4,low,0
2024-04-04 05:00:00,Zone_08,17.0,17,29.3,1,3,5,medium,0
2024-04-04 06:00:00,Zone_02,20.0,26,26.4,0,3,6,low,0
2024-04-04 07:00:00,Zone_13,142.0,146,18.3,0,3,7,low,1
2024-04-04 08:00:00,Zone_16,72.0,81,35.6,1,3,8,low,0
2024-04-04 09:00:00,Zone_02,78.0,78,7.9,1,3,9,low,0
2024-04-04 10:00:00,Zone_11,43.0,41,12.2,1,3,10,medium,0
2024-04-04 11:00:00,Zone_10,33.0,39,17.7,0,3,11,medium,0
2024-04-04 12:00:00,Zone_15,30.0,39,19.1,0,3,12,low,0
2024-04-04 13:00:00,Zone_17,47.0,46,33.7,1,3,13,high,0
2024-04-04 14:00:00,Zone_08,22.0,15,22.4,0,3,14,low,0
2024-04-04 15:00:00,Zone_18,52.0,45,20.5,0,3,15,high,0
2024-04-04 16:00:00,Zone_09,24.0,29,11.8,0,3,16,medium,0
2024-04-04 17:00:00,Zone_08,94.0,84,30.7,0,3,17,low,0
2024-04-04 18:00:00,Zone_14,120.0,116,12.9,0,3,18,high,0
2024-04-04 19:00:00,Zone_18,73.0,64,11.8,1,3,19,low,0
2024-04-04 20:00:00,Zone_20,25.0,18,18.8,1,3,20,medium,0
2024-04-04 21:00:00,Zone_20,26.0,17,23.3,0,3,21,low,0
2024-04-04 22:00:00,Zone_12,109.0,114,16.2,0,3,22,medium,1
2024-04-04 23:00:00,Zone_19,26.0,19,27.7,0,3,23,medium,0
2024-04-05 00:00:00,Zone_14,115.0,114,19.7,0,4,0,low,1
2024-04-05 01:00:00,Zone_17,7.0,6,30.4,0,4,1,low,0
2024-04-05 02:00:00,Zone_03,1.0,1,26.0,1,4,2,medium,0
2024-04-05 03:00:00,Zone_07,1.0,1,36.3,1,4,3,low,0
2024-04-05 04:00:00,Zone_17,70.0,66,18.5,0,4,4,low,1
2024-04-05 05:00:00,Zone_12,,23,28.8,0,4,5,,0
2024-04-05 06:00:00,Zone_09,119.0,116,7.7,0,4,6,high,1
2024-04-05 07:00:00,Zone_15,62.0,69,45.0,0,4,7,low,0
2024-04-05 08:00:00,Zone_18,83.0,76,28.4,0,4,8,low,0
2024-04-05 09:00:00,Zone_13,125.0,119,19.6,1,4,9,high,0
2024-04-05 10:00:00,Zone_08,23.0,28,19.9,0,4,10,low,0
2024-04-05 11:00:00,Zone_14,26.0,33,20.0,0,4,11,medium,0
2024-04-05 12:00:00,Zone_08,113.0,108,36.7,0,4,12,high,1
2024-04-05 13:00:00,Zone_14,41.0,42,29.2,0,4,13,high,0
2024-04-05 14:00:00,Zone_07,26.0,35,18.5,0,4,14,low,0
2024-04-05 15:00:00,Zone_12,32.0,26,,0,4,15,low,0
2024-04-05 16:00:00,Zone_11,28.0,36,31.6,0,4,16,low,0
2024-04-05 17:00:00,Zone_11,121.0,123,28.7,0,4,17,high,0
2024-04-05 18:00:00,Zone_13,126.0,128,27.7,0,4,18,high,0
2024-04-05 19:00:00,Zone_18,,174,21.3,0,4,19,low,1
2024-04-05 20:00:00,Zone_02,92.0,92,19.6,0,4,20,medium,1
2024-04-05 21:00:00,Zone_15,28.0,23,35.5,0,4,21,high,0
2024-04-05 22:00:00,Zone_20,87.0,85,36.2,0,4,22,low,1
2024-04-05 23:00:00,Zone_18,18.0,27,27.1,0,4,23,low,0
2024-04-06 00:00:00,Zone_15,2.0,1,29.8,0,5,0,low,0
2024-04-06 01:00:00,Zone_19,15.0,16,23.9,1,5,1,medium,0
2024-04-06 02:00:00,Zone_12,31.0,30,11.0,0,5,2,high,0
2024-04-06 03:00:00,Zone_13,22.0,14,14.2,0,5,3,high,0
2024-04-06 04:00:00,Zone_11,112.0,108,31.2,0,5,4,low,1
2024-04-06 05:00:00,Zone_05,7.0,6,32.2,1,5,5,low,0
2024-04-06 06:00:00,Zone_01,34.0,24,30.4,1,5,6,medium,0
2024-04-06 07:00:00,Zone_03,114.0,115,24.8,1,5,7,high,0
2024-04-06 08:00:00,Zone_19,68.0,58,30.7,0,5,8,medium,0
2024-04-06 09:00:00,Zone_07,82.0,84,21.5,1,5,9,medium,0
2024-04-06 10:00:00,Zone_12,35.0,31,27.0,0,5,10,medium,0
2024-04-06 11:00:00,Zone_15,22.0,29,20.4,0,5,11,low,0
2024-04-06 12:00:00,Zone_05,35.0,32,,0,5,12,medium,0
2024-04-06 13:00:00,Zone_15,43.0,38,28.9,0,5,13,high,0
2024-04-06 14:00:00,Zone_08,23.0,27,32.2,0,5,14,low,0
2024-04-06 15:00:00,Zone_10,111.0,118,41.8,0,5,15,medium,1
2024-04-06 16:00:00,Zone_16,19.0,12,24.1,0,5,16,low,0
2024-04-06 17:00:00,Zone_08,85.0,86,13.6,0,5,17,medium,0
2024-04-06 18:00:00,Zone_01,77.0,74,19.4,0,5,18,medium,0
2024-04-06 19:00:00,Zone_12,108.0,102,20.9,0,5,19,medium,0
2024-04-06 20:00:00,Zone_05,37.0,28,23.2,0,5,20,high,0
2024-04-06 21:00:00,Zone_03,26.0,33,25.8,0,5,21,medium,0
2024-04-06 22:00:00,Zone_01,66.0,59,24.9,0,5,22,medium,0
2024-04-06 23:00:00,Zone_04,66.0,74,28.2,0,5,23,low,0
2024-04-07 00:00:00,Zone_08,26.0,23,23.6,1,6,0,high,0
2024-04-07 01:00:00,Zone_03,1.0,1,4.2,1,6,1,low,0
2024-04-07 02:00:00,Zone_10,32.0,33,23.8,0,6,2,high,0
2024-04-07 03:00:00,Zone_02,6.0,1,22.7,0,6,3,low,0
2024-04-07 04:00:00,Zone_11,68.0,77,26.4,0,6,4,low,1
2024-04-07 05:00:00,Zone_10,109.0,105,19.1,0,6,5,low,1
2024-04-07 06:00:00,Zone_14,28.0,28,23.8,0,6,6,high,0
2024-04-07 07:00:00,Zone_07,82.0,80,26.4,1,6,7,low,0
2024-04-07 08:00:00,Zone_02,77.0,74,20.7,0,6,8,low,0
2024-04-07 09:00:00,Zone_09,145.0,151,27.4,0,6,9,low,1
2024-04-07 10:00:00,Zone_16,25.0,25,22.6,0,6,10,low,0
2024-04-07 11:00:00,Zone_13,117.0,122,23.3,1,6,11,low,1
2024-04-07 12:00:00,Zone_09,27.0,25,0.0,1,6,12,medium,0
2024-04-07 13:00:00,Zone_20,31.0,32,12.8,0,6,13,low,0
2024-04-07 14:00:00,Zone_04,29.0,22,12.9,1,6,14,medium,0
2024-04-07 15:00:00,Zone_10,33.0,25,23.7,1,6,15,low,0
2024-04-07 16:00:00,Zone_12,24.0,25,32.2,1,6,16,medium,0
2024-04-07 17:00:00,Zone_17,97.0,104,21.1,0,6,17,medium,0
2024-04-07 18:00:00,Zone_14,213.0,206,28.8,0,6,18,low,1
2024-04-07 19:00:00,Zone_14,109.0,114,27.2,0,6,19,medium,0
2024-04-07 20:00:00,Zone_02,127.0,123,23.1,0,6,20,low,1
2024-04-07 21:00:00,Zone_20,21.0,20,26.6,0,6,21,low,0
2024-04-07 22:00:00,Zone_11,71.0,61,24.0,1,6,22,medium,0
2024-04-07 23:00:00,Zone_16,77.0,80,20.9,1,6,23,medium,0
2024-04-08 00:00:00,Zone_19,12.0,19,25.1,0,0,0,medium,0
2024-04-08 01:00:00,Zone_06,1.0,1,33.6,0,0,1,low,0
2024-04-08 02:00:00,Zone_19,1.0,1,25.8,0,0,2,low,0
2024-04-08 03:00:00,Zone_05,1.0,8,23.7,1,0,3,low,0
2024-04-08 04:00:00,Zone_04,118.0,124,15.0,0,0,4,medium,1
2024-04-08 05:00:00,Zone_15,92.0,92,33.3,0,0,5,medium,1
2024-04-08 06:00:00,Zone_04,17.0,8,10.7,1,0,6,low,0
2024-04-08 07:00:00,Zone_20,109.0,106,8.4,0,0,7,high,0
2024-04-08 08:00:00,Zone_10,67.0,61,25.0,0,0,8,low,0
2024-04-08 09:00:00,Zone_03,116.0,109,15.0,0,0,9,high,0
2024-04-08 10:00:00,Zone_05,28.0,20,30.7,0,0,10,low,0
2024-04-08 11:00:00,Zone_06,150.0,150,8.5,0,0,11,high,1
2024-04-08 12:00:00,Zone_08,32.0,36,29.7,1,0,12,medium,0
2024-04-08 13:00:00,Zone_07,,31,28.6,0,0,13,high,0
2024-04-08 14:00:00,Zone_10,30.0,22,22.9,0,0,14,low,0
2024-04-08 15:00:00,Zone_06,32.0,38,5.2,0,0,15,medium,0
2024-04-08 16:00:00,Zone_14,113.0,122,8.2,0,0,16,low,1
2024-04-08 17:00:00,Zone_04,116.0,122,23.9,0,0,17,high,0
2024-04-08 18:00:00,Zone_13,,111,20.1,0,0,18,high,0
2024-04-08 19:00:00,Zone_20,115.0,115,27.8,1,0,19,low,0
2024-04-08 20:00:00,Zone_17,,42,21.5,0,0,20,medium,0
2024-04-08 21:00:00,Zone_07,18.0,13,20.8,0,0,21,medium,0
2024-04-08 22:00:00,Zone_04,9.0,12,2.6,0,0,22,low,0
2024-04-08 23:00:00,Zone_14,,25,28.6,1,0,23,low,0
2024-04-09 00:00:00,Zone_03,106.0,110,16.8,1,1,0,high,1
2024-04-09 01:00:00,Zone_05,7.0,1,18.8,0,1,1,medium,0
2024-04-09 02:00:00,Zone_16,3.0,11,13.4,0,1,2,low,0
2024-04-09 03:00:00,Zone_20,84.0,88,9.7,0,1,3,low,1
2024-04-09 04:00:00,Zone_04,91.0,89,33.8,0,1,4,low,1
2024-04-09 05:00:00,Zone_02,10.0,4,28.4,0,1,5,medium,0
2024-04-09 06:00:00,Zone_18,23.0,14,28.5,0,1,6,low,0
2024-04-09 07:00:00,Zone_19,67.0,57,20.3,0,1,7,medium,0
2024-04-09 08:00:00,Zone_19,93.0,85,8.1,0,1,8,low,0
2024-04-09 09:00:00,Zone_17,173.0,167,38.8,1,1,9,low,1
2024-04-09 10:00:00,Zone_14,15.0,24,25.4,0,1,10,low,0
2024-04-09 11:00:00,Zone_19,36.0,41,23.1,1,1,11,high,0
2024-04-09 12:00:00,Zone_13,40.0,35,19.1,0,1,12,low,0
2024-04-09 13:00:00,Zone_12,169.0,166,5.6,0,1,13,high,1
2024-04-09 14:00:00,Zone_06,24.0,16,31.1,0,1,14,low,0
2024-04-09 15:00:00,Zone_04,23.0,24,13.5,1,1,15,medium,0
2024-04-09 16:00:00,Zone_19,25.0,15,26.4,0,1,16,low,0
2024-04-09 17:00:00,Zone_16,89.0,98,28.2,0,1,17,medium,0
2024-04-09 18:00:00,Zone_13,238.0,241,24.7,0,1,18,high,1
2024-04-09 19:00:00,Zone_04,107.0,107,25.8,0,1,19,low,0
2024-04-09 20:00:00,Zone_17,103.0,112,32.8,0,1,20,low,1
2024-04-09 21:00:00,Zone_01,143.0,139,15.7,0,1,21,medium,1
2024-04-09 22:00:00,Zone_18,20.0,13,23.3,0,1,22,low,0
2024-04-09 23:00:00,Zone_20,32.0,27,20.2,0,1,23,medium,0
2024-04-10 00:00:00,Zone_17,9.0,12,7.3,1,2,0,low,0
2024-04-10 01:00:00,Zone_15,93.0,92,24.3,1,2,1,medium,1
2024-04-10 02:00:00,Zone_11,1.0,1,32.0,0,2,2,medium,0
2024-04-10 03:00:00,Zone_13,2.0,4,33.0,0,2,3,low,0
2024-04-10 04:00:00,Zone_01,63.0,60,36.9,0,2,4,medium,1
2024-04-10 05:00:00,Zone_17,110.0,117,7.8,0,2,5,medium,1
2024-04-10 06:00:00,Zone_06,19.0,13,35.0,0,2,6,low,0
2024-04-10 07:00:00,Zone_04,107.0,108,23.5,0,2,7,medium,0
2024-04-10 08:00:00,Zone_20,91.0,85,34.8,0,2,8,medium,0
2024-04-10 09:00:00,Zone_16,83.0,79,18.8,0,2,9,low,0
2024-04-10 10:00:00,Zone_15,47.0,55,17.8,1,2,10,high,0
2024-04-10 11:00:00,Zone_15,124.0,127,12.3,0,2,11,medium,1
2024-04-10 12:00:00,Zone_06,14.0,14,28.2,1,2,12,low,0
2024-04-10 13:00:00,Zone_15,45.0,54,26.1,0,2,13,high,0
2024-04-10 14:00:00,Zone_14,114.0,114,13.1,0,2,14,low,1
2024-04-10 15:00:00,Zone_11,17.0,9,4.7,0,2,15,medium,0
2024-04-10 16:00:00,Zone_07,36.0,38,25.3,0,2,16,low,0
2024-04-10 17:00:00,Zone_09,88.0,83,26.2,1,2,17,medium,0
2024-04-10 18:00:00,Zone_16,84.0,89,14.1,0,2,18,medium,0
2024-04-10 19:00:00,Zone_05,87.0,82,12.5,0,2,19,medium,0
2024-04-10 20:00:00,Zone_20,138.0,133,27.2,0,2,20,low,1
2024-04-10 21:00:00,Zone_10,9.0,4,36.9,0,2,21,low,0
2024-04-10 22:00:00,Zone_18,32.0,34,18.0,0,2,22,medium,0
2024-04-10 23:00:00,Zone_03,24.0,21,15.0,0,2,23,low,0
2024-04-11 00:00:00,Zone_13,8.0,14,24.4,0,3,0,low,0
2024-04-11 01:00:00,Zone_11,9.0,1,27.1,0,3,1,medium,0
2024-04-11 02:00:00,Zone_17,117.0,112,19.1,0,3,2,high,1
2024-04-11 03:00:00,Zone_13,1.0,1,38.2,0,3,3,low,0
2024-04-11 04:00:00,Zone_06,109.0,105,29.2,0,3,4,low,1
2024-04-11 05:00:00,Zone_17,24.0,14,18.9,1,3,5,high,0
2024-04-11 06:00:00,Zone_13,39.0,36,9.3,0,3,6,high,0
2024-04-11 07:00:00,Zone_19,96.0,88,32.6,0,3,7,medium,0
2024-04-11 08:00:00,Zone_19,89.0,82,31.5,0,3,8,low,0
2024-04-11 09:00:00,Zone_10,65.0,71,19.6,1,3,9,medium,0
2024-04-11 10:00:00,Zone_03,154.0,146,24.8,0,3,10,high,1
2024-04-11 11:00:00,Zone_14,79.0,70,20.8,0,3,11,low,1
2024-04-11 12:00:00,Zone_19,32.0,35,26.2,0,3,12,medium,0
2024-04-11 13:00:00,Zone_05,31.0,26,13.8,0,3,13,medium,0
2024-04-11 14:00:00,Zone_05,28.0,35,12.7,0,3,14,medium,0
2024-04-11 15:00:00,Zone_20,35.0,26,28.5,1,3,15,medium,0
2024-04-11 16:00:00,Zone_17,32.0,33,29.5,0,3,16,medium,0
2024-04-11 17:00:00,Zone_10,185.0,179,18.1,0,3,17,medium,1
2024-04-11 18:00:00,Zone_05,97.0,96,16.0,0,3,18,medium,0
2024-04-11 19:00:00,Zone_04,180.0,184,31.2,1,3,19,low,1
2024-04-11 20:00:00,Zone_06,29.0,31,16.3,0,3,20,medium,0
2024-04-11 21:00:00,Zone_04,37.0,36,22.4,0,3,21,medium,0
2024-04-11 22:00:00,Zone_07,143.0,149,21.4,0,3,22,high,1
2024-04-11 23:00:00,Zone_07,17.0,19,10.3,0,3,23,medium,0
2024-04-12 00:00:00,Zone_18,,1,23.5,1,4,0,low,0
2024-04-12 01:00:00,Zone_03,24.0,17,22.8,1,4,1,high,0
2024-04-12 02:00:00,Zone_01,15.0,6,24.9,1,4,2,medium,0
2024-04-12 03:00:00,Zone_04,28.0,22,23.3,0,4,3,high,0
2024-04-12 04:00:00,Zone_06,1.0,1,39.1,0,4,4,low,0
2024-04-12 05:00:00,Zone_09,7.0,15,31.3,1,4,5,low,0
2024-04-12 06:00:00,Zone_14,25.0,23,22.3,0,4,6,low,0
2024-04-12 07:00:00,Zone_12,96.0,87,23.0,0,4,7,high,0
2024-04-12 08:00:00,Zone_20,117.0,115,36.1,0,4,8,high,0
2024-04-12 09:00:00,Zone_04,97.0,99,28.9,0,4,9,medium,0
2024-04-12 10:00:00,Zone_12,30.0,20,12.2,0,4,10,low,0
2024-04-12 11:00:00,Zone_10,24.0,28,29.6,0,4,11,low,0
2024-04-12 12:00:00,Zone_07,31.0,33,31.9,0,4,12,medium,0
2024-04-12 13:00:00,Zone_03,26.0,29,34.9,0,4,13,medium,0
2024-04-12 14:00:00,Zone_14,35.0,35,18.8,0,4,14,medium,0
2024-04-12 15:00:00,Zone_10,104.0,95,18.2,0,4,15,low,1
2024-04-12 16:00:00,Zone_16,25.0,15,14.5,1,4,16,medium,0
2024-04-12 17:00:00,Zone_16,82.0,82,24.5,1,4,17,low,0
2024-04-12 18:00:00,Zone_10,93.0,98,27.9,0,4,18,medium,0
2024-04-12 19:00:00,Zone_13,106.0,100,17.9,0,4,19,medium,0
2024-04-12 20:00:00,Zone_06,45.0,53,20.9,0,4,20,high,0
2024-04-12 21:00:00,Zone_12,34.0,33,,0,4,21,medium,0
2024-04-12 22:00:00,Zone_09,109.0,118,34.1,1,4,22,medium,1
2024-04-12 23:00:00,Zone_13,110.0,114,9.5,0,4,23,low,1
2024-04-13 00:00:00,Zone_04,21.0,12,25.0,1,5,0,high,0
2024-04-13 01:00:00,Zone_11,121.0,113,23.9,1,5,1,low,1
2024-04-13 02:00:00,Zone_20,1.0,4,22.4,1,5,2,low,0
2024-04-13 03:00:00,Zone_18,136.0,142,22.6,1,5,3,high,1
2024-04-13 04:00:00,Zone_11,19.0,15,13.9,1,5,4,medium,0
2024-04-13 05:00:00,Zone_04,,13,19.4,1,5,5,medium,0
2024-04-13 06:00:00,Zone_18,110.0,109,29.8,0,5,6,low,1
2024-04-13 07:00:00,Zone_01,199.0,204,32.1,0,5,7,high,1
2024-04-13 08:00:00,Zone_07,90.0,93,18.6,1,5,8,low,0
2024-04-13 09:00:00,Zone_06,64.0,67,9.5,0,5,9,low,0
2024-04-13 10:00:00,Zone_15,21.0,20,15.8,0,5,10,low,0
2024-04-13 11:00:00,Zone_18,25.0,29,36.8,0,5,11,low,0
2024-04-13 12:00:00,Zone_11,150.0,157,16.2,0,5,12,high,1
2024-04-13 13:00:00,Zone_20,23.0,13,21.2,0,5,13,medium,0
2024-04-13 14:00:00,Zone_15,21.0,13,33.3,1,5,14,medium,0
2024-04-13 15:00:00,Zone_16,135.0,133,17.8,0,5,15,high,1
2024-04-13 16:00:00,Zone_07,90.0,89,20.7,0,5,16,low,1
2024-04-13 17:00:00,Zone_10,101.0,95,28.4,0,5,17,low,0
2024-04-13 18:00:00,Zone_12,105.0,99,35.7,0,5,18,medium,0
2024-04-13 19:00:00,Zone_14,106.0,110,16.8,1,5,19,medium,0
2024-04-13 20:00:00,Zone_05,115.0,108,33.1,0,5,20,medium,1
2024-04-13 21:00:00,Zone_18,27.0,20,19.7,0,5,21,low,0
2024-04-13 22:00:00,Zone_05,76.0,83,14.9,0,5,22,medium,0
2024-04-13 23:00:00,Zone_03,41.0,37,24.0,0,5,23,low,0
2024-04-14 00:00:00,Zone_05,1.0,10,12.7,0,6,0,low,0
2024-04-14 01:00:00,Zone_17,124.0,114,25.8,0,6,1,low,1
2024-04-14 02:00:00,Zone_19,1.0,4,45.0,0,6,2,low,0
2024-04-14 03:00:00,Zone_19,6.0,2,30.8,0,6,3,medium,0
2024-04-14 04:00:00,Zone_12,6.0,14,21.2,0,6,4,low,0
2024-04-14 05:00:00,Zone_09,131.0,129,30.4,0,6,5,high,1
2024-04-14 06:00:00,Zone_01,41.0,42,14.5,1,6,6,high,0
2024-04-14 07:00:00,Zone_18,108.0,107,15.9,0,6,7,medium,0
2024-04-14 08:00:00,Zone_04,232.0,227,21.4,1,6,8,high,1
2024-04-14 09:00:00,Zone_10,,174,22.7,0,6,9,high,1
2024-04-14 10:00:00,Zone_07,31.0,31,11.7,1,6,10,medium,0
2024-04-14 11:00:00,Zone_01,,19,19.5,0,6,11,medium,0
2024-04-14 12:00:00,Zone_17,44.0,34,20.8,1,6,12,high,0
2024-04-14 13:00:00,Zone_02,35.0,31,34.3,0,6,13,medium,0
2024-04-14 14:00:00,Zone_11,14.0,14,11.7,0,6,14,low,0
2024-04-14 15:00:00,Zone_09,26.0,25,10.9,0,6,15,medium,0
2024-04-14 16:00:00,Zone_07,97.0,88,23.4,0,6,16,low,1
2024-04-14 17:00:00,Zone_17,100.0,96,31.2,0,6,17,low,0
2024-04-14 18:00:00,Zone_17,,93,26.4,0,6,18,low,0
2024-04-14 19:00:00,Zone_02,104.0,98,24.4,0,6,19,low,0
2024-04-14 20:00:00,Zone_06,21.0,28,19.7,0,6,20,low,0
2024-04-14 21:00:00,Zone_14,40.0,32,27.4,0,6,21,high,0
2024-04-14 22:00:00,Zone_06,72.0,66,28.6,0,6,22,low,0
2024-04-14 23:00:00,Zone_02,60.0,59,19.9,0,6,23,low,0
2024-04-15 00:00:00,Zone_01,5.0,1,14.4,1,0,0,low,0
2024-04-15 01:00:00,Zone_10,13.0,20,14.5,0,0,1,medium,0
2024-04-15 02:00:00,Zone_05,12.0,15,29.0,0,0,2,high,0
2024-04-15 03:00:00,Zone_02,78.0,71,9.6,0,0,3,low,1
2024-04-15 04:00:00,Zone_16,106.0,102,35.4,0,0,4,low,1
2024-04-15 05:00:00,Zone_02,6.0,14,18.4,0,0,5,medium,0
2024-04-15 06:00:00,Zone_10,35.0,44,24.5,0,0,6,medium,0
2024-04-15 07:00:00,Zone_02,103.0,99,27.6,0,0,7,low,0
2024-04-15 08:00:00,Zone_16,216.0,216,16.5,1,0,8,low,1
2024-04-15 09:00:00,Zone_16,72.0,78,18.3,0,0,9,medium,0
2024-04-15 10:00:00,Zone_19,23.0,26,23.1,0,0,10,low,0
2024-04-15 11:00:00,Zone_07,120.0,117,15.2,1,0,11,high,1
2024-04-15 12:00:00,Zone_12,20.0,28,13.5,0,0,12,low,0
2024-04-15 13:00:00,Zone_15,33.0,24,14.2,1,0,13,low,0
2024-04-15 14:00:00,Zone_08,138.0,135,31.7,0,0,14,high,1
2024-04-15 15:00:00,Zone_06,50.0,50,25.2,0,0,15,high,0
2024-04-15 16:00:00,Zone_10,35.0,43,15.7,0,0,16,low,0
2024-04-15 17:00:00,Zone_03,102.0,97,29.0,0,0,17,high,0
2024-04-15 18:00:00,Zone_19,107.0,107,16.1,0,0,18,medium,0
2024-04-15 19:00:00,Zone_17,111.0,117,6.4,0,0,19,low,0
2024-04-15 20:00:00,Zone_07,31.0,36,27.6,0,0,20,medium,0
2024-04-15 21:00:00,Zone_20,17.0,26,35.2,0,0,21,low,0
2024-04-15 22:00:00,Zone_04,27.0,25,26.5,0,0,22,low,0
2024-04-15 23:00:00,Zone_14,24.0,26,6.9,0,0,23,low,0
2024-04-16 00:00:00,Zone_20,94.0,90,21.8,0,1,0,medium,1
2024-04-16 01:00:00,Zone_15,28.0,33,19.8,0,1,1,high,0
2024-04-16 02:00:00,Zone_08,22.0,15,25.0,0,1,2,medium,0
2024-04-16 03:00:00,Zone_15,4.0,4,15.2,0,1,3,low,0
2024-04-16 04:00:00,Zone_20,115.0,123,19.3,1,1,4,,1
2024-04-16 05:00:00,Zone_14,109.0,112,10.6,1,1,5,medium,1
2024-04-16 06:00:00,Zone_09,53.0,57,23.8,1,1,6,high,0
2024-04-16 07:00:00,Zone_08,82.0,79,10.9,0,1,7,low,0
2024-04-16 08:00:00,Zone_17,107.0,108,25.5,0,1,8,medium,0
2024-04-16 09:00:00,Zone_02,77.0,77,16.0,0,1,9,medium,0
2024-04-16 10:00:00,Zone_03,21.0,16,0.0,0,1,10,medium,0
2024-04-16 11:00:00,Zone_08,34.0,36,28.4,0,1,11,low,0
2024-04-16 12:00:00,Zone_12,39.0,46,,0,1,12,low,0
2024-04-16 13:00:00,Zone_01,29.0,21,32.8,1,1,13,medium,0
2024-04-16 14:00:00,Zone_10,160.0,169,5.3,0,1,14,high,1
2024-04-16 15:00:00,Zone_20,37.0,28,16.8,1,1,15,medium,0
2024-04-16 16:00:00,Zone_03,45.0,37,23.1,0,1,16,high,0
2024-04-16 17:00:00,Zone_06,79.0,76,26.6,0,1,17,low,0
2024-04-16 18:00:00,Zone_07,97.0,89,10.3,1,1,18,medium,0
2024-04-16 19:00:00,Zone_20,147.0,146,25.5,0,1,19,medium,1
2024-04-16 20:00:00,Zone_18,36.0,32,17.4,0,1,20,medium,0
2024-04-16 21:00:00,Zone_11,125.0,123,7.2,0,1,21,high,1
2024-04-16 22:00:00,Zone_19,46.0,53,16.0,0,1,22,high,0
2024-04-16 23:00:00,Zone_05,29.0,34,26.1,0,1,23,medium,0
2024-04-17 00:00:00,Zone_19,4.0,10,7.5,0,2,0,medium,0
2024-04-17 01:00:00,Zone_11,126.0,135,27.1,0,2,1,high,1
2024-04-17 02:00:00,Zone_12,7.0,3,24.3,0,2,2,medium,0
2024-04-17 03:00:00,Zone_10,26.0,34,20.0,0,2,3,high,0
2024-04-17 04:00:00,Zone_08,32.0,26,,0,2,4,high,0
2024-04-17 05:00:00,Zone_09,3.0,7,9.6,0,2,5,medium,0
2024-04-17 06:00:00,Zone_04,24.0,15,18.8,1,2,6,medium,0
2024-04-17 07:00:00,Zone_05,78.0,82,13.0,0,2,7,medium,0
2024-04-17 08:00:00,Zone_08,74.0,68,19.3,1,2,8,low,0
2024-04-17 09:00:00,Zone_09,204.0,207,29.2,0,2,9,medium,1
2024-04-17 10:00:00,Zone_15,115.0,123,19.8,0,2,10,low,1
2024-04-17 11:00:00,Zone_15,26.0,17,19.6,0,2,11,medium,0
2024-04-17 12:00:00,Zone_16,43.0,52,19.6,0,2,12,high,0
2024-04-17 13:00:00,Zone_14,31.0,39,30.1,0,2,13,low,0
2024-04-17 14:00:00,Zone_08,22.0,17,32.3,0,2,14,low,0
2024-04-17 15:00:00,Zone_18,97.0,105,25.4,0,2,15,medium,1
2024-04-17 16:00:00,Zone_10,23.0,22,23.1,0,2,16,low,0
2024-04-17 17:00:00,Zone_20,100.0,105,23.8,0,2,17,medium,0
2024-04-17 18:00:00,Zone_06,93.0,99,33.4,1,2,18,medium,0
2024-04-17 19:00:00,Zone_12,170.0,169,25.8,0,2,19,low,1
2024-04-17 20:00:00,Zone_02,19.0,21,34.2,0,2,20,low,0
2024-04-17 21:00:00,Zone_07,54.0,56,18.6,0,2,21,high,0
2024-04-17 22:00:00,Zone_16,30.0,33,11.3,1,2,22,low,0
2024-04-17 23:00:00,Zone_03,30.0,38,16.6,0,2,23,medium,0
2024-04-18 00:00:00,Zone_13,28.0,36,17.5,0,3,0,high,0
2024-04-18 01:00:00,Zone_03,26.0,20,34.8,0,3,1,high,0
2024-04-18 02:00:00,Zone_18,9.0,7,27.9,0,3,2,low,0
2024-04-18 03:00:00,Zone_11,21.0,25,16.9,0,3,3,medium,0
2024-04-18 04:00:00,Zone_08,8.0,9,28.5,0,3,4,medium,0
2024-04-18 05:00:00,Zone_06,113.0,106,21.0,0,3,5,medium,1
2024-04-18 06:00:00,Zone_01,37.0,44,35.1,0,3,6,high,0
2024-04-18 07:00:00,Zone_01,109.0,99,19.3,0,3,7,medium,0
2024-04-18 08:00:00,Zone_08,181.0,182,9.7,1,3,8,low,1
2024-04-18 09:00:00,Zone_05,83.0,81,20.5,0,3,9,medium,0
2024-04-18 10:00:00,Zone_16,33.0,26,19.3,0,3,10,medium,0
2024-04-18 11:00:00,Zone_11,110.0,105,11.3,1,3,11,,1
2024-04-18 12:00:00,Zone_05,22.0,13,26.7,0,3,12,low,0
2024-04-18 13:00:00,Zone_04,23.0,23,33.4,0,3,13,low,0
2024-04-18 14:00:00,Zone_06,39.0,39,13.0,0,3,14,high,0
2024-04-18 15:00:00,Zone_14,19.0,13,29.8,0,3,15,low,0
2024-04-18 16:00:00,Zone_19,22.0,17,,1,3,16,low,0
2024-04-18 17:00:00,Zone_09,212.0,202,21.8,1,3,17,high,1
2024-04-18 18:00:00,Zone_12,155.0,147,,0,3,18,medium,1
2024-04-18 19:00:00,Zone_11,202.0,200,21.8,0,3,19,low,1
2024-04-18 20:00:00,Zone_14,38.0,28,25.8,0,3,20,medium,0
2024-04-18 21:00:00,Zone_16,33.0,35,13.8,0,3,21,medium,0
2024-04-18 22:00:00,Zone_01,28.0,34,32.3,0,3,22,medium,0
2024-04-18 23:00:00,Zone_13,,58,26.0,0,3,23,,0
2024-04-19 00:00:00,Zone_13,1.0,2,28.7,0,4,0,low,0
2024-04-19 01:00:00,Zone_02,17.0,8,15.8,0,4,1,medium,0
2024-04-19 02:00:00,Zone_04,12.0,5,13.1,0,4,2,low,0
2024-04-19 03:00:00,Zone_06,8.0,10,31.5,0,4,3,medium,0
2024-04-19 04:00:00,Zone_05,75.0,70,12.7,1,4,4,medium,1
2024-04-19 05:00:00,Zone_03,14.0,20,23.2,0,4,5,low,0
2024-04-19 06:00:00,Zone_01,,41,30.2,1,4,6,medium,0
2024-04-19 07:00:00,Zone_04,95.0,93,21.0,1,4,7,low,0
2024-04-19 08:00:00,Zone_20,168.0,172,31.4,1,4,8,low,1
2024-04-19 09:00:00,Zone_02,107.0,98,19.8,0,4,9,medium,0
2024-04-19 10:00:00,Zone_05,32.0,23,11.8,0,4,10,medium,0
2024-04-19 11:00:00,Zone_03,20.0,26,25.0,1,4,11,low,0
2024-04-19 12:00:00,Zone_09,40.0,43,23.6,0,4,12,high,0
2024-04-19 13:00:00,Zone_20,14.0,18,43.5,0,4,13,low,0
2024-04-19 14:00:00,Zone_06,33.0,24,14.4,1,4,14,low,0
2024-04-19 15:00:00,Zone_18,25.0,17,20.0,0,4,15,low,0
2024-04-19 16:00:00,Zone_06,21.0,28,16.2,1,4,16,low,0
2024-04-19 17:00:00,Zone_19,77.0,71,20.9,1,4,17,low,0
2024-04-19 18:00:00,Zone_12,128.0,121,20.5,0,4,18,high,0
2024-04-19 19:00:00,Zone_11,111.0,107,15.0,0,4,19,medium,0
2024-04-19 20:00:00,Zone_02,35.0,31,25.7,0,4,20,medium,0
2024-04-19 21:00:00,Zone_15,40.0,34,20.3,0,4,21,high,0
2024-04-19 22:00:00,Zone_12,33.0,42,32.8,0,4,22,medium,0
2024-04-19 23:00:00,Zone_12,92.0,96,16.8,0,4,23,low,1
2024-04-20 00:00:00,Zone_09,1.0,10,36.9,0,5,0,low,0
2024-04-20 01:00:00,Zone_02,7.0,1,24.2,0,5,1,low,0
2024-04-20 02:00:00,Zone_03,6.0,9,32.2,0,5,2,medium,0
2024-04-20 03:00:00,Zone_12,111.0,103,22.9,0,5,3,low,1
2024-04-20 04:00:00,Zone_16,11.0,1,15.8,1,5,4,medium,0
2024-04-20 05:00:00,Zone_01,7.0,1,19.9,1,5,5,medium,0
2024-04-20 06:00:00,Zone_03,123.0,125,10.9,0,5,6,high,1
2024-04-20 07:00:00,Zone_20,100.0,91,21.1,0,5,7,medium,0
2024-04-20 08:00:00,Zone_02,90.0,90,23.4,0,5,8,low,0
2024-04-20 09:00:00,Zone_09,92.0,86,22.4,0,5,9,low,0
2024-04-20 10:00:00,Zone_19,33.0,34,32.6,0,5,10,medium,0
2024-04-20 11:00:00,Zone_15,26.0,33,20.8,0,5,11,low,0
2024-04-20 12:00:00,Zone_18,28.0,37,6.8,0,5,12,low,0
2024-04-20 13:00:00,Zone_11,25.0,31,45.0,1,5,13,medium,0
2024-04-20 14:00:00,Zone_16,29.0,31,16.5,0,5,14,low,0
2024-04-20 15:00:00,Zone_17,42.0,37,29.7,1,5,15,high,0
2024-04-20 16:00:00,Zone_05,26.0,25,10.0,0,5,16,low,0
2024-04-20 17:00:00,Zone_12,103.0,93,24.0,0,5,17,high,0
2024-04-20 18:00:00,Zone_11,94.0,101,15.6,0,5,18,high,0
2024-04-20 19:00:00,Zone_15,158.0,151,0.0,0,5,19,low,1
2024-04-20 20:00:00,Zone_03,42.0,35,19.7,0,5,20,medium,0
2024-04-20 21:00:00,Zone_01,82.0,80,21.6,0,5,21,medium,1
2024-04-20 22:00:00,Zone_20,75.0,69,20.2,0,5,22,medium,0
2024-04-20 23:00:00,Zone_16,49.0,48,23.9,1,5,23,medium,0
2024-04-21 00:00:00,Zone_02,12.0,13,19.8,0,6,0,medium,0
2024-04-21 01:00:00,Zone_02,8.0,17,22.6,0,6,1,medium,0
2024-04-21 02:00:00,Zone_03,105.0,99,23.4,0,6,2,low,1
2024-04-21 03:00:00,Zone_08,16.0,6,21.7,1,6,3,high,0
2024-04-21 04:00:00,Zone_15,12.0,21,20.6,0,6,4,low,0
2024-04-21 05:00:00,Zone_07,14.0,18,14.9,0,6,5,low,0
2024-04-21 06:00:00,Zone_06,108.0,117,26.8,0,6,6,low,1
2024-04-21 07:00:00,Zone_09,98.0,94,19.7,1,6,7,high,0
2024-04-21 08:00:00,Zone_20,108.0,109,19.1,1,6,8,medium,0
2024-04-21 09:00:00,Zone_01,166.0,169,26.1,0,6,9,high,1
2024-04-21 10:00:00,Zone_08,49.0,50,23.7,0,6,10,,0
2024-04-21 11:00:00,Zone_03,,55,16.4,1,6,11,high,0
2024-04-21 12:00:00,Zone_04,134.0,139,32.0,0,6,12,medium,1
2024-04-21 13:00:00,Zone_15,23.0,23,12.5,0,6,13,low,0
2024-04-21 14:00:00,Zone_06,29.0,36,13.7,0,6,14,low,0
2024-04-21 15:00:00,Zone_15,23.0,13,27.3,1,6,15,medium,0
2024-04-21 16:00:00,Zone_03,21.0,24,36.0,0,6,16,medium,0
2024-04-21 17:00:00,Zone_14,99.0,101,17.4,0,6,17,medium,0
2024-04-21 18:00:00,Zone_20,114.0,111,25.3,0,6,18,medium,0
2024-04-21 19:00:00,Zone_14,90.0,95,12.5,0,6,19,medium,0
2024-04-21 20:00:00,Zone_04,14.0,4,14.6,1,6,20,low,0
2024-04-21 21:00:00,Zone_12,24.0,17,31.1,0,6,21,low,0
2024-04-21 22:00:00,Zone_17,159.0,164,24.9,0,6,22,medium,1
2024-04-21 23:00:00,Zone_07,58.0,60,31.3,0,6,23,low,0
2024-04-22 00:00:00,Zone_09,12.0,19,30.7,0,0,0,medium,0
2024-04-22 01:00:00,Zone_03,,3,5.3,0,0,1,medium,0
2024-04-22 02:00:00,Zone_13,94.0,93,12.4,0,0,2,high,1
2024-04-22 03:00:00,Zone_15,26.0,20,24.2,1,0,3,high,0
2024-04-22 04:00:00,Zone_18,6.0,6,8.4,0,0,4,medium,0
2024-04-22 05:00:00,Zone_19,2.0,1,13.6,1,0,5,medium,0
2024-04-22 06:00:00,Zone_01,16.0,6,33.4,1,0,6,low,0
2024-04-22 07:00:00,Zone_06,194.0,200,17.7,1,0,7,medium,1
2024-04-22 08:00:00,Zone_02,116.0,109,,0,0,8,medium,0
2024-04-22 09:00:00,Zone_14,99.0,108,21.8,0,0,9,medium,0
2024-04-22 10:00:00,Zone_06,41.0,32,16.6,0,0,10,medium,0
2024-04-22 11:00:00,Zone_14,35.0,42,8.7,0,0,11,low,0
2024-04-22 12:00:00,Zone_04,51.0,44,23.9,0,0,12,high,0
2024-04-22 13:00:00,Zone_08,98.0,88,33.6,0,0,13,low,1
2024-04-22 14:00:00,Zone_03,41.0,44,16.8,0,0,14,high,0
2024-04-22 15:00:00,Zone_19,26.0,28,22.5,1,0,15,medium,0
2024-04-22 16:00:00,Zone_14,19.0,18,9.8,0,0,16,medium,0
2024-04-22 17:00:00,Zone_20,203.0,205,16.6,1,0,17,low,1
2024-04-22 18:00:00,Zone_17,75.0,75,24.7,0,0,18,low,0
2024-04-22 19:00:00,Zone_08,114.0,109,27.9,0,0,19,high,0
2024-04-22 20:00:00,Zone_14,145.0,140,26.4,1,0,20,high,1
2024-04-22 21:00:00,Zone_06,36.0,44,5.7,0,0,21,medium,0
2024-04-22 22:00:00,Zone_16,25.0,24,18.3,0,0,22,medium,0
2024-04-22 23:00:00,Zone_19,27.0,34,14.3,1,0,23,medium,0
2024-04-23 00:00:00,Zone_14,16.0,18,19.5,0,1,0,medium,0
2024-04-23 01:00:00,Zone_19,8.0,13,21.1,0,1,1,medium,0
2024-04-23 02:00:00,Zone_03,1.0,8,30.5,0,1,2,low,0
2024-04-23 03:00:00,Zone_10,128.0,120,24.4,0,1,3,high,1
2024-04-23 04:00:00,Zone_19,5.0,9,33.3,0,1,4,medium,0
2024-04-23 05:00:00,Zone_09,1.0,7,16.4,0,1,5,low,0
2024-04-23 06:00:00,Zone_20,46.0,38,10.7,0,1,6,high,0
2024-04-23 07:00:00,Zone_13,75.0,66,33.6,0,1,7,medium,0
2024-04-23 08:00:00,Zone_07,90.0,92,25.5,0,1,8,low,0
2024-04-23 09:00:00,Zone_14,79.0,72,16.1,1,1,9,low,0
2024-04-23 10:00:00,Zone_09,39.0,29,25.5,1,1,10,medium,0
2024-04-23 11:00:00,Zone_19,43.0,43,28.7,0,1,11,high,0
2024-04-23 12:00:00,Zone_15,48.0,56,23.0,0,1,12,high,0
2024-04-23 13:00:00,Zone_20,26.0,26,16.2,0,1,13,medium,0
2024-04-23 14:00:00,Zone_14,19.0,28,18.5,1,1,14,low,0
2024-04-23 15:00:00,Zone_06,145.0,139,24.3,0,1,15,low,1
2024-04-23 16:00:00,Zone_04,10.0,14,23.6,1,1,16,low,0
2024-04-23 17:00:00,Zone_08,113.0,122,31.7,0,1,17,high,0
2024-04-23 18:00:00,Zone_17,110.0,104,19.8,0,1,18,high,0
2024-04-23 19:00:00,Zone_09,104.0,110,14.3,0,1,19,low,0
2024-04-23 20:00:00,Zone_01,38.0,35,42.6,0,1,20,high,0
2024-04-23 21:00:00,Zone_20,37.0,28,23.4,0,1,21,medium,0
2024-04-23 22:00:00,Zone_14,24.0,19,28.7,0,1,22,low,0
2024-04-23 23:00:00,Zone_11,35.0,42,26.2,0,1,23,medium,0
2024-04-24 00:00:00,Zone_03,35.0,42,23.5,0,2,0,high,0
2024-04-24 01:00:00,Zone_09,1.0,4,20.2,0,2,1,low,0
2024-04-24 02:00:00,Zone_14,6.0,1,0.0,0,2,2,high,0
2024-04-24 03:00:00,Zone_09,1.0,1,,0,2,3,low,0
2024-04-24 04:00:00,Zone_04,7.0,13,24.6,0,2,4,low,0
2024-04-24 05:00:00,Zone_04,3.0,1,0.2,0,2,5,low,0
2024-04-24 06:00:00,Zone_08,,41,22.6,1,2,6,high,0
2024-04-24 07:00:00,Zone_02,104.0,94,27.3,1,2,7,medium,0
2024-04-24 08:00:00,Zone_09,91.0,99,28.7,0,2,8,high,0
2024-04-24 09:00:00,Zone_14,84.0,85,26.8,0,2,9,medium,0
2024-04-24 10:00:00,Zone_09,,15,29.7,0,2,10,medium,0
2024-04-24 11:00:00,Zone_16,41.0,42,34.8,0,2,11,high,0
2024-04-24 12:00:00,Zone_17,32.0,33,30.8,1,2,12,medium,0
2024-04-24 13:00:00,Zone_16,43.0,39,23.6,0,2,13,high,0
2024-04-24 14:00:00,Zone_12,137.0,144,20.9,0,2,14,low,1
2024-04-24 15:00:00,Zone_03,23.0,19,22.9,0,2,15,medium,0
2024-04-24 16:00:00,Zone_11,30.0,30,,0,2,16,medium,0
2024-04-24 17:00:00,Zone_14,178.0,168,30.9,0,2,17,high,1
2024-04-24 18:00:00,Zone_18,105.0,102,26.6,0,2,18,low,0
2024-04-24 19:00:00,Zone_05,91.0,87,19.0,1,2,19,medium,0
2024-04-24 20:00:00,Zone_16,32.0,40,32.6,0,2,20,medium,0
2024-04-24 21:00:00,Zone_20,33.0,31,19.7,0,2,21,medium,0
2024-04-24 22:00:00,Zone_05,27.0,26,14.4,1,2,22,low,0
2024-04-24 23:00:00,Zone_03,16.0,6,21.9,0,2,23,low,0
2024-04-25 00:00:00,Zone_12,101.0,103,15.4,0,3,0,high,1
2024-04-25 01:00:00,Zone_01,18.0,20,29.5,0,3,1,medium,0
2024-04-25 02:00:00,Zone_09,14.0,19,15.2,1,3,2,medium,0
2024-04-25 03:00:00,Zone_09,29.0,33,,0,3,3,high,0
2024-04-25 04:00:00,Zone_04,5.0,1,29.5,0,3,4,low,0
2024-04-25 05:00:00,Zone_03,9.0,13,16.3,0,3,5,medium,0
2024-04-25 06:00:00,Zone_17,45.0,41,25.3,1,3,6,high,0
2024-04-25 07:00:00,Zone_02,185.0,186,14.2,0,3,7,high,1
2024-04-25 08:00:00,Zone_01,83.0,84,24.0,0,3,8,medium,0
2024-04-25 09:00:00,Zone_08,83.0,77,26.5,0,3,9,medium,0
2024-04-25 10:00:00,Zone_13,26.0,21,21.7,0,3,10,medium,0
2024-04-25 11:00:00,Zone_15,48.0,43,22.3,1,3,11,high,0
2024-04-25 12:00:00,Zone_08,99.0,107,25.6,0,3,12,medium,1
2024-04-25 13:00:00,Zone_12,123.0,127,19.8,1,3,13,high,1
2024-04-25 14:00:00,Zone_12,27.0,25,29.1,0,3,14,low,0
2024-04-25 15:00:00,Zone_14,38.0,40,33.0,0,3,15,medium,0
2024-04-25 16:00:00,Zone_15,23.0,15,14.6,0,3,16,medium,0
2024-04-25 17:00:00,Zone_15,85.0,89,36.1,0,3,17,medium,0
2024-04-25 18:00:00,Zone_09,108.0,99,19.6,0,3,18,medium,0
2024-04-25 19:00:00,Zone_19,95.0,86,38.0,0,3,19,high,0
2024-04-25 20:00:00,Zone_20,37.0,33,19.7,0,3,20,high,0
2024-04-25 21:00:00,Zone_08,31.0,34,27.7,0,3,21,low,0
2024-04-25 22:00:00,Zone_19,30.0,32,27.6,0,3,22,high,0
2024-04-25 23:00:00,Zone_06,25.0,26,18.9,1,3,23,low,0
2024-04-26 00:00:00,Zone_20,9.0,5,22.6,1,4,0,medium,0
2024-04-26 01:00:00,Zone_19,29.0,20,33.5,0,4,1,high,0
2024-04-26 02:00:00,Zone_04,95.0,99,19.4,1,4,2,low,1
2024-04-26 03:00:00,Zone_07,22.0,15,18.7,0,4,3,high,0
2024-04-26 04:00:00,Zone_04,34.0,41,12.8,1,4,4,high,0
2024-04-26 05:00:00,Zone_12,29.0,24,34.5,0,4,5,medium,0
2024-04-26 06:00:00,Zone_13,28.0,28,18.2,0,4,6,low,0
2024-04-26 07:00:00,Zone_03,73.0,69,31.6,0,4,7,medium,0
2024-04-26 08:00:00,Zone_12,230.0,227,17.2,0,4,8,high,1
2024-04-26 09:00:00,Zone_02,69.0,68,31.3,0,4,9,low,0
2024-04-26 10:00:00,Zone_02,28.0,24,28.5,1,4,10,medium,0
2024-04-26 11:00:00,Zone_09,34.0,30,20.2,0,4,11,low,0
2024-04-26 12:00:00,Zone_01,23.0,18,16.1,0,4,12,low,0
2024-04-26 13:00:00,Zone_08,47.0,40,,1,4,13,high,0
2024-04-26 14:00:00,Zone_06,30.0,28,16.7,0,4,14,low,0
2024-04-26 15:00:00,Zone_06,54.0,47,30.5,0,4,15,high,0
2024-04-26 16:00:00,Zone_18,29.0,21,23.3,0,4,16,medium,0
2024-04-26 17:00:00,Zone_17,105.0,106,13.1,0,4,17,medium,0
2024-04-26 18:00:00,Zone_12,107.0,107,20.0,0,4,18,low,0
2024-04-26 19:00:00,Zone_06,134.0,134,21.0,0,4,19,high,0
2024-04-26 20:00:00,Zone_08,23.0,20,4.9,0,4,20,low,0
2024-04-26 21:00:00,Zone_19,27.0,25,20.4,1,4,21,medium,0
2024-04-26 22:00:00,Zone_10,27.0,22,27.8,1,4,22,medium,0
2024-04-26 23:00:00,Zone_01,24.0,16,20.9,1,4,23,medium,0
2024-04-27 00:00:00,Zone_13,116.0,115,24.0,1,5,0,medium,1
2024-04-27 01:00:00,Zone_17,4.0,6,,0,5,1,medium,0
2024-04-27 02:00:00,Zone_03,16.0,14,19.3,0,5,2,low,0
2024-04-27 03:00:00,Zone_08,1.0,8,27.8,0,5,3,medium,0
2024-04-27 04:00:00,Zone_14,25.0,17,33.7,0,5,4,high,0
2024-04-27 05:00:00,Zone_03,19.0,15,9.8,0,5,5,medium,0
2024-04-27 06:00:00,Zone_16,21.0,15,19.2,0,5,6,low,0
2024-04-27 07:00:00,Zone_13,98.0,103,40.6,0,5,7,low,0
2024-04-27 08:00:00,Zone_20,54.0,52,23.4,0,5,8,low,0
2024-04-27 09:00:00,Zone_17,146.0,148,,0,5,9,low,1
2024-04-27 10:00:00,Zone_13,29.0,30,19.9,1,5,10,medium,0
2024-04-27 11:00:00,Zone_06,19.0,9,32.2,0,5,11,medium,0
2024-04-27 12:00:00,Zone_17,105.0,112,14.5,0,5,12,low,1
2024-04-27 13:00:00,Zone_14,20.0,15,29.4,0,5,13,medium,0
2024-04-27 14:00:00,Zone_17,35.0,41,19.8,0,5,14,high,0
2024-04-27 15:00:00,Zone_08,36.0,44,16.0,1,5,15,high,0
2024-04-27 16:00:00,Zone_11,37.0,46,20.2,0,5,16,high,0
2024-04-27 17:00:00,Zone_20,109.0,104,21.6,1,5,17,low,0
2024-04-27 18:00:00,Zone_01,89.0,83,18.0,0,5,18,low,0
2024-04-27 19:00:00,Zone_07,108.0,99,30.9,0,5,19,high,0
2024-04-27 20:00:00,Zone_17,25.0,24,16.1,0,5,20,low,0
2024-04-27 21:00:00,Zone_10,32.0,32,23.1,0,5,21,low,0
2024-04-27 22:00:00,Zone_11,55.0,46,26.3,1,5,22,medium,0
2024-04-27 23:00:00,Zone_09,55.0,62,23.0,1,5,23,low,0
2024-04-28 00:00:00,Zone_09,19.0,24,28.2,1,6,0,high,0
2024-04-28 01:00:00,Zone_05,15.0,7,18.5,0,6,1,high,0
2024-04-28 02:00:00,Zone_17,34.0,34,27.0,0,6,2,high,0
2024-04-28 03:00:00,Zone_09,23.0,15,27.2,0,6,3,high,0
2024-04-28 04:00:00,Zone_17,3.0,1,29.7,0,6,4,low,0
2024-04-28 05:00:00,Zone_19,7.0,1,6.9,0,6,5,medium,0
2024-04-28 06:00:00,Zone_07,94.0,93,26.1,0,6,6,medium,1
2024-04-28 07:00:00,Zone_09,75.0,84,29.2,1,6,7,medium,0
2024-04-28 08:00:00,Zone_07,92.0,92,18.7,0,6,8,low,0
2024-04-28 09:00:00,Zone_13,79.0,86,17.6,0,6,9,medium,0
2024-04-28 10:00:00,Zone_11,44.0,40,16.4,1,6,10,high,0
2024-04-28 11:00:00,Zone_14,23.0,28,13.7,0,6,11,low,0
2024-04-28 12:00:00,Zone_19,27.0,31,27.3,0,6,12,low,0
2024-04-28 13:00:00,Zone_11,13.0,10,40.3,1,6,13,low,0
2024-04-28 14:00:00,Zone_13,23.0,20,17.6,0,6,14,medium,0
2024-04-28 15:00:00,Zone_14,20.0,11,18.3,0,6,15,low,0
2024-04-28 16:00:00,Zone_13,163.0,167,22.1,0,6,16,high,1
2024-04-28 17:00:00,Zone_01,190.0,194,9.2,1,6,17,medium,1
2024-04-28 18:00:00,Zone_08,102.0,103,16.4,1,6,18,medium,0
2024-04-28 19:00:00,Zone_12,103.0,103,21.5,0,6,19,medium,0
2024-04-28 20:00:00,Zone_19,35.0,29,14.8,0,6,20,medium,0
2024-04-28 21:00:00,Zone_12,27.0,25,31.6,0,6,21,medium,0
2024-04-28 22:00:00,Zone_08,76.0,77,11.6,0,6,22,high,0
2024-04-28 23:00:00,Zone_08,75.0,66,29.2,0,6,23,high,0
2024-04-29 00:00:00,Zone_13,6.0,1,33.7,0,0,0,low,0
2024-04-29 01:00:00,Zone_12,1.0,1,25.1,1,0,1,low,0
2024-04-29 02:00:00,Zone_16,88.0,97,20.9,1,0,2,low,1
2024-04-29 03:00:00,Zone_01,12.0,20,24.0,0,0,3,medium,0
2024-04-29 04:00:00,Zone_13,1.0,1,18.5,0,0,4,low,0
2024-04-29 05:00:00,Zone_07,112.0,118,5.7,0,0,5,medium,1
2024-04-29 06:00:00,Zone_05,156.0,154,14.2,0,0,6,high,1
2024-04-29 07:00:00,Zone_08,158.0,148,21.9,0,0,7,low,1
2024-04-29 08:00:00,Zone_14,109.0,111,14.5,0,0,8,medium,0
2024-04-29 09:00:00,Zone_13,75.0,82,18.7,0,0,9,medium,0
2024-04-29 10:00:00,Zone_15,40.0,49,25.8,1,0,10,medium,0
2024-04-29 11:00:00,Zone_17,30.0,39,23.2,1,0,11,medium,0
2024-04-29 12:00:00,Zone_15,43.0,44,30.5,0,0,12,high,0
2024-04-29 13:00:00,Zone_20,35.0,36,24.4,0,0,13,low,0
2024-04-29 14:00:00,Zone_18,27.0,28,24.8,0,0,14,low,0
2024-04-29 15:00:00,Zone_18,31.0,30,16.3,0,0,15,medium,0
2024-04-29 16:00:00,Zone_02,30.0,27,11.4,0,0,16,medium,0
2024-04-29 17:00:00,Zone_04,,201,18.7,1,0,17,low,1
2024-04-29 18:00:00,Zone_01,85.0,90,16.2,1,0,18,low,0
2024-04-29 19:00:00,Zone_04,201.0,208,20.7,0,0,19,medium,1
2024-04-29 20:00:00,Zone_18,32.0,38,13.5,0,0,20,low,0
2024-04-29 21:00:00,Zone_05,52.0,52,28.7,0,0,21,high,0
2024-04-29 22:00:00,Zone_19,29.0,27,16.2,0,0,22,medium,0
2024-04-29 23:00:00,Zone_15,28.0,20,19.1,0,0,23,low,0
2024-04-30 00:00:00,Zone_08,8.0,1,21.8,0,1,0,medium,0
2024-04-30 01:00:00,Zone_20,1.0,7,31.0,1,1,1,low,0
2024-04-30 02:00:00,Zone_17,76.0,73,36.1,0,1,2,medium,1
2024-04-30 03:00:00,Zone_01,1.0,7,36.6,0,1,3,medium,0
2024-04-30 04:00:00,Zone_12,16.0,10,11.7,0,1,4,medium,0
2024-04-30 05:00:00,Zone_19,25.0,30,19.0,0,1,5,high,0
2024-04-30 06:00:00,Zone_15,,17,17.5,0,1,6,low,0
2024-04-30 07:00:00,Zone_09,92.0,89,25.0,0,1,7,high,0
2024-04-30 08:00:00,Zone_07,103.0,104,24.5,0,1,8,high,0
2024-04-30 09:00:00,Zone_02,69.0,73,17.3,0,1,9,low,0
2024-04-30 10:00:00,Zone_09,16.0,10,16.7,0,1,10,low,0
2024-04-30 11:00:00,Zone_10,32.0,31,14.0,0,1,11,low,0
2024-04-30 12:00:00,Zone_02,20.0,24,0.8,0,1,12,,0
2024-04-30 13:00:00,Zone_19,96.0,94,11.6,0,1,13,medium,1
2024-04-30 14:00:00,Zone_11,19.0,23,28.9,1,1,14,low,0
2024-04-30 15:00:00,Zone_13,48.0,52,33.7,0,1,15,high,0
2024-04-30 16:00:00,Zone_10,22.0,27,32.8,0,1,16,low,0
2024-04-30 17:00:00,Zone_14,80.0,77,29.3,1,1,17,low,0
2024-04-30 18:00:00,Zone_18,107.0,115,13.9,0,1,18,low,0
2024-04-30 19:00:00,Zone_19,104.0,106,12.6,1,1,19,low,0
2024-04-30 20:00:00,Zone_09,58.0,61,7.5,0,1,20,high,0
2024-04-30 21:00:00,Zone_07,32.0,24,17.3,0,1,21,medium,0
2024-04-30 22:00:00,Zone_03,26.0,20,22.7,0,1,22,low,0
2024-04-30 23:00:00,Zone_20,138.0,146,13.9,0,1,23,high,1
2024-05-01 00:00:00,Zone_06,25.0,17,25.4,1,2,0,high,0
2024-05-01 01:00:00,Zone_02,30.0,35,27.2,0,2,1,high,0
2024-05-01 02:00:00,Zone_06,139.0,136,18.2,0,2,2,high,1
2024-05-01 03:00:00,Zone_03,16.0,9,11.3,0,2,3,medium,0
2024-05-01 04:00:00,Zone_16,5.0,6,33.0,0,2,4,medium,0
2024-05-01 05:00:00,Zone_08,14.0,19,22.3,0,2,5,medium,0
2024-05-01 06:00:00,Zone_02,12.0,18,37.5,0,2,6,low,0
2024-05-01 07:00:00,Zone_17,107.0,101,22.7,0,2,7,medium,0
2024-05-01 08:00:00,Zone_09,82.0,86,23.3,0,2,8,high,0
2024-05-01 09:00:00,Zone_12,161.0,155,14.3,0,2,9,medium,1
2024-05-01 10:00:00,Zone_03,110.0,119,18.6,0,2,10,high,1
2024-05-01 11:00:00,Zone_11,25.0,30,9.5,0,2,11,medium,0
2024-05-01 12:00:00,Zone_01,39.0,34,11.3,0,2,12,medium,0
2024-05-01 13:00:00,Zone_13,23.0,16,27.9,0,2,13,medium,0
2024-05-01 14:00:00,Zone_15,30.0,27,19.7,0,2,14,medium,0
2024-05-01 15:00:00,Zone_05,44.0,44,18.6,0,2,15,medium,0
2024-05-01 16:00:00,Zone_17,19.0,19,,0,2,16,low,0
2024-05-01 17:00:00,Zone_06,80.0,80,18.9,1,2,17,low,0
2024-05-01 18:00:00,Zone_11,116.0,122,31.1,1,2,18,high,0
2024-05-01 19:00:00,Zone_18,82.0,83,23.2,1,2,19,low,0
2024-05-01 20:00:00,Zone_04,32.0,35,12.6,0,2,20,medium,0
2024-05-01 21:00:00,Zone_03,22.0,19,30.2,0,2,21,medium,0
2024-05-01 22:00:00,Zone_13,128.0,137,35.8,0,2,22,medium,1
2024-05-01 23:00:00,Zone_09,121.0,128,26.0,1,2,23,high,1
2024-05-02 00:00:00,Zone_06,1.0,1,29.1,0,3,0,medium,0
2024-05-02 01:00:00,Zone_12,121.0,113,31.8,1,3,1,high,1
2024-05-02 02:00:00,Zone_02,20.0,20,8.7,1,3,2,medium,0
2024-05-02 03:00:00,Zone_03,97.0,106,36.9,0,3,3,medium,1
2024-05-02 04:00:00,Zone_03,,26,30.8,0,3,4,high,0
2024-05-02 05:00:00,Zone_12,147.0,144,25.9,0,3,5,high,1
2024-05-02 06:00:00,Zone_15,118.0,114,21.0,0,3,6,high,1
2024-05-02 07:00:00,Zone_09,136.0,133,11.3,0,3,7,medium,1
2024-05-02 08:00:00,Zone_08,146.0,154,19.3,0,3,8,low,1
2024-05-02 09:00:00,Zone_11,75.0,75,25.6,1,3,9,low,0
2024-05-02 10:00:00,Zone_16,40.0,47,,0,3,10,high,0
2024-05-02 11:00:00,Zone_04,162.0,167,21.4,0,3,11,high,1
2024-05-02 12:00:00,Zone_01,36.0,44,12.5,0,3,12,medium,0
2024-05-02 13:00:00,Zone_07,23.0,27,18.9,1,3,13,low,0
2024-05-02 14:00:00,Zone_02,35.0,39,11.2,0,3,14,medium,0
2024-05-02 15:00:00,Zone_05,29.0,35,10.3,0,3,15,low,0
2024-05-02 16:00:00,Zone_07,31.0,35,24.7,0,3,16,medium,0
2024-05-02 17:00:00,Zone_04,97.0,94,17.4,0,3,17,medium,0
2024-05-02 18:00:00,Zone_05,209.0,209,18.1,0,3,18,high,1
2024-05-02 19:00:00,Zone_01,94.0,86,16.9,0,3,19,low,0
2024-05-02 20:00:00,Zone_01,14.0,16,43.8,1,3,20,medium,0
2024-05-02 21:00:00,Zone_15,22.0,17,26.9,0,3,21,medium,0
2024-05-02 22:00:00,Zone_20,26.0,24,,1,3,22,medium,0
2024-05-02 23:00:00,Zone_19,92.0,101,15.8,0,3,23,medium,1
2024-05-03 00:00:00,Zone_10,133.0,138,26.0,0,4,0,high,1
2024-05-03 01:00:00,Zone_18,8.0,9,20.2,0,4,1,low,0
2024-05-03 02:00:00,Zone_03,71.0,77,15.7,0,4,2,low,1
2024-05-03 03:00:00,Zone_11,13.0,4,37.4,0,4,3,high,0
2024-05-03 04:00:00,Zone_15,20.0,10,26.6,0,4,4,medium,0
2024-05-03 05:00:00,Zone_11,4.0,9,26.2,0,4,5,low,0
2024-05-03 06:00:00,Zone_17,25.0,19,14.2,0,4,6,medium,0
2024-05-03 07:00:00,Zone_17,,108,11.8,0,4,7,medium,0
2024-05-03 08:00:00,Zone_06,87.0,93,21.5,1,4,8,low,0
2024-05-03 09:00:00,Zone_05,88.0,85,17.4,0,4,9,low,0
2024-05-03 10:00:00,Zone_08,44.0,48,26.9,0,4,10,high,0
2024-05-03 11:00:00,Zone_02,24.0,25,27.4,0,4,11,medium,0
2024-05-03 12:00:00,Zone_16,23.0,29,22.5,0,4,12,low,0
2024-05-03 13:00:00,Zone_20,16.0,15,28.6,0,4,13,low,0
2024-05-03 14:00:00,Zone_12,40.0,41,23.5,0,4,14,medium,0
2024-05-03 15:00:00,Zone_06,19.0,28,15.0,0,4,15,low,0
2024-05-03 16:00:00,Zone_01,38.0,44,20.4,0,4,16,high,0
2024-05-03 17:00:00,Zone_04,203.0,212,23.1,0,4,17,medium,1
2024-05-03 18:00:00,Zone_17,190.0,191,29.4,0,4,18,medium,1
2024-05-03 19:00:00,Zone_13,113.0,110,23.8,0,4,19,high,0
2024-05-03 20:00:00,Zone_18,24.0,31,17.4,0,4,20,medium,0
2024-05-03 21:00:00,Zone_05,32.0,36,29.7,0,4,21,low,0
2024-05-03 22:00:00,Zone_03,32.0,30,25.0,0,4,22,medium,0
2024-05-03 23:00:00,Zone_11,36.0,39,34.4,0,4,23,medium,0
2024-05-04 00:00:00,Zone_13,108.0,105,,0,5,0,low,1
2024-05-04 01:00:00,Zone_04,7.0,10,13.7,0,5,1,low,0
2024-05-04 02:00:00,Zone_14,13.0,13,31.4,0,5,2,medium,0
2024-05-04 03:00:00,Zone_11,6.0,8,17.4,0,5,3,low,0
2024-05-04 04:00:00,Zone_10,1.0,1,24.4,1,5,4,medium,0
2024-05-04 05:00:00,Zone_19,12.0,12,23.5,1,5,5,medium,0
2024-05-04 06:00:00,Zone_18,124.0,125,22.4,0,5,6,medium,1
2024-05-04 07:00:00,Zone_06,78.0,78,20.6,0,5,7,medium,0
2024-05-04 08:00:00,Zone_15,83.0,78,8.8,0,5,8,medium,0
2024-05-04 09:00:00,Zone_10,93.0,91,14.0,0,5,9,low,0
2024-05-04 10:00:00,Zone_05,97.0,97,31.0,0,5,10,low,1
2024-05-04 11:00:00,Zone_05,29.0,19,25.4,0,5,11,low,0
2024-05-04 12:00:00,Zone_10,124.0,132,37.3,0,5,12,low,1
2024-05-04 13:00:00,Zone_05,31.0,36,13.7,0,5,13,medium,0
2024-05-04 14:00:00,Zone_03,150.0,156,21.8,0,5,14,high,1
2024-05-04 15:00:00,Zone_06,32.0,41,31.3,0,5,15,medium,0
2024-05-04 16:00:00,Zone_04,40.0,36,17.5,1,5,16,high,0
2024-05-04 17:00:00,Zone_18,215.0,205,18.1,0,5,17,high,1
2024-05-04 18:00:00,Zone_09,99.0,101,19.7,0,5,18,high,0
2024-05-04 19:00:00,Zone_17,113.0,117,18.4,0,5,19,high,0
2024-05-04 20:00:00,Zone_13,35.0,27,26.3,0,5,20,medium,0
2024-05-04 21:00:00,Zone_15,115.0,108,7.8,0,5,21,medium,1
2024-05-04 22:00:00,Zone_20,46.0,38,35.1,1,5,22,low,0
2024-05-04 23:00:00,Zone_17,46.0,44,14.3,0,5,23,medium,0
2024-05-05 00:00:00,Zone_13,1.0,5,,1,6,0,medium,0
2024-05-05 01:00:00,Zone_16,83.0,78,21.9,0,6,1,medium,1
2024-05-05 02:00:00,Zone_04,14.0,9,19.0,1,6,2,medium,0
2024-05-05 03:00:00,Zone_05,6.0,3,20.6,1,6,3,medium,0
2024-05-05 04:00:00,Zone_05,,15,24.5,0,6,4,medium,0
2024-05-05 05:00:00,Zone_09,13.0,14,27.2,0,6,5,medium,0
2024-05-05 06:00:00,Zone_17,27.0,29,35.5,0,6,6,medium,0
2024-05-05 07:00:00,Zone_13,113.0,122,16.5,0,6,7,high,0
2024-05-05 08:00:00,Zone_02,98.0,92,28.2,0,6,8,high,0
2024-05-05 09:00:00,Zone_13,193.0,188,27.7,0,6,9,high,1
2024-05-05 10:00:00,Zone_19,12.0,8,0.9,0,6,10,low,0
2024-05-05 11:00:00,Zone_03,150.0,144,15.3,1,6,11,high,1
2024-05-05 12:00:00,Zone_10,28.0,22,11.7,1,6,12,low,0
2024-05-05 13:00:00,Zone_02,55.0,54,25.6,0,6,13,high,0
2024-05-05 14:00:00,Zone_13,12.0,6,24.7,0,6,14,low,0
2024-05-05 15:00:00,Zone_19,37.0,33,24.9,0,6,15,medium,0
2024-05-05 16:00:00,Zone_17,98.0,101,19.6,0,6,16,medium,1
2024-05-05 17:00:00,Zone_14,97.0,101,20.4,0,6,17,medium,0
2024-05-05 18:00:00,Zone_12,86.0,94,21.8,0,6,18,medium,0
2024-05-05 19:00:00,Zone_12,104.0,103,18.8,0,6,19,medium,0
2024-05-05 20:00:00,Zone_11,29.0,28,28.2,1,6,20,medium,0
2024-05-05 21:00:00,Zone_07,31.0,40,13.4,0,6,21,low,0
2024-05-05 22:00:00,Zone_04,73.0,76,15.7,0,6,22,medium,0
2024-05-05 23:00:00,Zone_19,67.0,60,23.0,0,6,23,low,0
2024-05-06 00:00:00,Zone_01,3.0,6,19.1,0,0,0,medium,0
2024-05-06 01:00:00,Zone_03,12.0,7,13.1,0,0,1,low,0
2024-05-06 02:00:00,Zone_13,8.0,12,26.3,0,0,2,medium,0
2024-05-06 03:00:00,Zone_15,101.0,99,17.4,1,0,3,medium,1
2024-05-06 04:00:00,Zone_02,1.0,1,15.2,0,0,4,low,0
2024-05-06 05:00:00,Zone_11,9.0,16,20.6,0,0,5,medium,0
2024-05-06 06:00:00,Zone_04,32.0,36,14.9,0,0,6,medium,0
2024-05-06 07:00:00,Zone_19,120.0,124,21.7,0,0,7,high,0
2024-05-06 08:00:00,Zone_17,102.0,97,19.1,0,0,8,high,0
2024-05-06 09:00:00,Zone_03,93.0,97,17.9,0,0,9,medium,0
2024-05-06 10:00:00,Zone_18,37.0,33,17.9,0,0,10,medium,0
2024-05-06 11:00:00,Zone_08,20.0,23,30.0,1,0,11,medium,0
2024-05-06 12:00:00,Zone_19,110.0,109,25.0,1,0,12,low,1
2024-05-06 13:00:00,Zone_05,31.0,32,8.3,0,0,13,medium,0
2024-05-06 14:00:00,Zone_07,38.0,32,29.1,0,0,14,high,0
2024-05-06 15:00:00,Zone_08,27.0,22,26.1,0,0,15,medium,0
2024-05-06 16:00:00,Zone_05,106.0,99,25.7,0,0,16,medium,1
2024-05-06 17:00:00,Zone_17,190.0,193,29.1,0,0,17,low,1
2024-05-06 18:00:00,Zone_05,100.0,99,22.1,0,0,18,low,0
2024-05-06 19:00:00,Zone_04,96.0,92,,0,0,19,low,0
2024-05-06 20:00:00,Zone_19,142.0,140,18.3,0,0,20,medium,1
2024-05-06 21:00:00,Zone_02,33.0,38,28.8,0,0,21,,0
2024-05-06 22:00:00,Zone_11,,40,23.7,0,0,22,medium,0
2024-05-06 23:00:00,Zone_13,21.0,12,11.0,0,0,23,medium,0
2024-05-07 00:00:00,Zone_15,115.0,114,30.3,0,1,0,high,1
2024-05-07 01:00:00,Zone_12,21.0,20,21.0,0,1,1,high,0
2024-05-07 02:00:00,Zone_11,23.0,18,19.9,0,1,2,high,0
2024-05-07 03:00:00,Zone_07,19.0,11,18.5,0,1,3,medium,0
2024-05-07 04:00:00,Zone_05,9.0,1,19.0,1,1,4,medium,0
2024-05-07 05:00:00,Zone_17,135.0,134,,0,1,5,high,1
2024-05-07 06:00:00,Zone_20,107.0,102,14.1,1,1,6,low,1
2024-05-07 07:00:00,Zone_09,95.0,104,9.5,0,1,7,low,0
2024-05-07 08:00:00,Zone_14,88.0,79,13.5,0,1,8,medium,0
2024-05-07 09:00:00,Zone_12,111.0,104,25.1,0,1,9,medium,0
2024-05-07 10:00:00,Zone_06,148.0,138,20.7,0,1,10,low,1
2024-05-07 11:00:00,Zone_17,113.0,114,30.9,0,1,11,medium,1
2024-05-07 12:00:00,Zone_19,39.0,38,21.5,0,1,12,medium,0
2024-05-07 13:00:00,Zone_19,39.0,32,28.7,0,1,13,medium,0
2024-05-07 14:00:00,Zone_16,21.0,22,16.5,0,1,14,,0
2024-05-07 15:00:00,Zone_12,17.0,16,18.5,0,1,15,medium,0
2024-05-07 16:00:00,Zone_12,25.0,33,,0,1,16,low,0
2024-05-07 17:00:00,Zone_20,93.0,85,20.8,1,1,17,low,0
2024-05-07 18:00:00,Zone_06,203.0,206,20.1,1,1,18,low,1
2024-05-07 19:00:00,Zone_04,103.0,107,15.0,0,1,19,medium,0
2024-05-07 20:00:00,Zone_06,34.0,25,9.3,0,1,20,medium,0
2024-05-07 21:00:00,Zone_11,34.0,39,27.0,0,1,21,medium,0
2024-05-07 22:00:00,Zone_01,28.0,21,26.2,0,1,22,medium,0
2024-05-07 23:00:00,Zone_15,105.0,99,17.1,0,1,23,medium,1
2024-05-08 00:00:00,Zone_11,6.0,9,25.0,0,2,0,low,0
2024-05-08 01:00:00,Zone_19,1.0,1,20.7,0,2,1,low,0
2024-05-08 02:00:00,Zone_18,21.0,24,30.8,0,2,2,high,0
2024-05-08 03:00:00,Zone_17,14.0,8,11.5,0,2,3,medium,0
2024-05-08 04:00:00,Zone_19,114.0,116,21.0,0,2,4,medium,1
2024-05-08 05:00:00,Zone_14,102.0,111,20.3,1,2,5,medium,1
2024-05-08 06:00:00,Zone_18,50.0,58,23.3,0,2,6,high,0
2024-05-08 07:00:00,Zone_19,157.0,152,34.3,0,2,7,medium,1
2024-05-08 08:00:00,Zone_15,77.0,75,21.0,0,2,8,low,0
2024-05-08 09:00:00,Zone_15,125.0,122,27.9,0,2,9,high,0
2024-05-08 10:00:00,Zone_04,22.0,12,20.8,0,2,10,low,0
2024-05-08 11:00:00,Zone_07,23.0,19,30.6,0,2,11,low,0
2024-05-08 12:00:00,Zone_13,120.0,121,28.0,0,2,12,low,1
2024-05-08 13:00:00,Zone_03,136.0,132,19.3,0,2,13,medium,1
2024-05-08 14:00:00,Zone_16,31.0,37,18.8,1,2,14,medium,0
2024-05-08 15:00:00,Zone_09,42.0,49,25.9,0,2,15,medium,0
2024-05-08 16:00:00,Zone_08,37.0,42,16.8,0,2,16,high,0
2024-05-08 17:00:00,Zone_20,103.0,96,23.5,1,2,17,low,0
2024-05-08 18:00:00,Zone_13,109.0,103,19.2,0,2,18,medium,0
2024-05-08 19:00:00,Zone_17,103.0,101,24.9,0,2,19,medium,0
2024-05-08 20:00:00,Zone_17,52.0,50,20.7,0,2,20,high,0
2024-05-08 21:00:00,Zone_17,25.0,26,16.5,1,2,21,,0
2024-05-08 22:00:00,Zone_01,43.0,34,30.8,0,2,22,high,0
2024-05-08 23:00:00,Zone_08,30.0,22,23.9,1,2,23,low,0
2024-05-09 00:00:00,Zone_19,20.0,17,21.6,0,3,0,high,0
2024-05-09 01:00:00,Zone_06,17.0,15,25.4,0,3,1,medium,0
2024-05-09 02:00:00,Zone_03,27.0,27,8.6,0,3,2,,0
2024-05-09 03:00:00,Zone_05,1.0,3,38.7,0,3,3,low,0
2024-05-09 04:00:00,Zone_13,15.0,24,22.2,0,3,4,low,0
2024-05-09 05:00:00,Zone_15,1.0,8,6.3,0,3,5,low,0
2024-05-09 06:00:00,Zone_14,24.0,27,31.6,0,3,6,medium,0
2024-05-09 07:00:00,Zone_16,87.0,87,16.0,1,3,7,medium,0
2024-05-09 08:00:00,Zone_18,105.0,96,30.3,0,3,8,high,0
2024-05-09 09:00:00,Zone_11,89.0,93,23.0,0,3,9,medium,0
2024-05-09 10:00:00,Zone_03,,119,9.4,0,3,10,low,1
2024-05-09 11:00:00,Zone_10,33.0,35,24.1,0,3,11,low,0
2024-05-09 12:00:00,Zone_10,25.0,25,23.5,0,3,12,low,0
2024-05-09 13:00:00,Zone_16,41.0,45,31.2,0,3,13,high,0
2024-05-09 14:00:00,Zone_12,42.0,37,26.2,0,3,14,,0
2024-05-09 15:00:00,Zone_02,37.0,41,12.1,0,3,15,high,0
2024-05-09 16:00:00,Zone_09,34.0,39,30.0,1,3,16,medium,0
2024-05-09 17:00:00,Zone_03,101.0,91,18.7,0,3,17,low,0
2024-05-09 18:00:00,Zone_15,104.0,101,35.8,0,3,18,low,0
2024-05-09 19:00:00,Zone_03,99.0,108,19.2,0,3,19,medium,0
2024-05-09 20:00:00,Zone_19,144.0,141,20.3,0,3,20,high,1
2024-05-09 21:00:00,Zone_18,29.0,28,15.4,1,3,21,low,0
2024-05-09 22:00:00,Zone_08,124.0,114,18.0,1,3,22,low,1
2024-05-09 23:00:00,Zone_17,36.0,36,15.9,0,3,23,medium,0
2024-05-10 00:00:00,Zone_08,17.0,14,31.4,1,4,0,medium,0
2024-05-10 01:00:00,Zone_07,10.0,14,11.3,1,4,1,low,0
2024-05-10 02:00:00,Zone_07,124.0,132,28.4,0,4,2,high,1
2024-05-10 03:00:00,Zone_03,5.0,8,28.6,0,4,3,low,0
2024-05-10 04:00:00,Zone_01,23.0,16,33.0,1,4,4,high,0
2024-05-10 05:00:00,Zone_04,15.0,12,22.4,0,4,5,low,0
2024-05-10 06:00:00,Zone_05,30.0,31,13.8,1,4,6,low,0
2024-05-10 07:00:00,Zone_01,91.0,98,20.6,0,4,7,low,0
2024-05-10 08:00:00,Zone_15,81.0,79,26.8,1,4,8,low,0
2024-05-10 09:00:00,Zone_05,90.0,83,22.7,0,4,9,medium,0
2024-05-10 10:00:00,Zone_13,26.0,21,24.9,0,4,10,medium,0
2024-05-10 11:00:00,Zone_08,125.0,128,32.9,0,4,11,medium,1
2024-05-10 12:00:00,Zone_08,29.0,31,26.7,1,4,12,medium,0
2024-05-10 13:00:00,Zone_05,24.0,21,23.6,0,4,13,medium,0
2024-05-10 14:00:00,Zone_09,148.0,157,7.2,0,4,14,low,1
2024-05-10 15:00:00,Zone_01,47.0,43,15.7,0,4,15,high,0
2024-05-10 16:00:00,Zone_04,35.0,38,18.8,0,4,16,,0
2024-05-10 17:00:00,Zone_03,160.0,157,6.2,0,4,17,low,1
2024-05-10 18:00:00,Zone_02,181.0,182,13.1,1,4,18,medium,1
2024-05-10 19:00:00,Zone_08,110.0,119,19.9,0,4,19,medium,0
2024-05-10 20:00:00,Zone_09,35.0,26,21.2,1,4,20,low,0
2024-05-10 21:00:00,Zone_02,23.0,16,26.0,0,4,21,medium,0
2024-05-10 22:00:00,Zone_14,25.0,18,20.4,0,4,22,medium,0
2024-05-10 23:00:00,Zone_14,30.0,30,24.0,0,4,23,low,0
2024-05-11 00:00:00,Zone_04,5.0,4,18.7,0,5,0,low,0
2024-05-11 01:00:00,Zone_06,25.0,19,22.3,0,5,1,high,0
2024-05-11 02:00:00,Zone_11,9.0,7,25.6,1,5,2,low,0
2024-05-11 03:00:00,Zone_03,111.0,107,33.8,0,5,3,low,1
2024-05-11 04:00:00,Zone_08,93.0,94,17.9,0,5,4,medium,1
2024-05-11 05:00:00,Zone_03,100.0,94,,0,5,5,medium,1
2024-05-11 06:00:00,Zone_14,86.0,78,29.0,1,5,6,low,1
2024-05-11 07:00:00,Zone_13,91.0,88,10.5,0,5,7,high,0
2024-05-11 08:00:00,Zone_13,183.0,192,38.0,0,5,8,,1
2024-05-11 09:00:00,Zone_02,81.0,73,31.4,1,5,9,low,0
2024-05-11 10:00:00,Zone_13,32.0,25,8.3,0,5,10,medium,0
2024-05-11 11:00:00,Zone_19,27.0,28,25.0,0,5,11,medium,0
2024-05-11 12:00:00,Zone_06,119.0,109,17.5,0,5,12,low,1
2024-05-11 13:00:00,Zone_16,28.0,25,18.8,0,5,13,medium,0
2024-05-11 14:00:00,Zone_02,128.0,126,24.8,0,5,14,medium,1
2024-05-11 15:00:00,Zone_08,24.0,16,30.4,0,5,15,medium,0
2024-05-11 16:00:00,Zone_17,121.0,116,18.3,1,5,16,medium,1
2024-05-11 17:00:00,Zone_02,119.0,128,18.4,0,5,17,medium,0
2024-05-11 18:00:00,Zone_10,143.0,141,25.0,0,5,18,low,1
2024-05-11 19:00:00,Zone_16,180.0,171,26.6,0,5,19,medium,1
2024-05-11 20:00:00,Zone_06,125.0,117,13.9,1,5,20,medium,1
2024-05-11 21:00:00,Zone_02,122.0,125,35.8,0,5,21,high,1
2024-05-11 22:00:00,Zone_02,64.0,66,16.9,0,5,22,medium,0
2024-05-11 23:00:00,Zone_13,69.0,72,29.7,0,5,23,medium,0
2024-05-12 00:00:00,Zone_15,28.0,31,25.6,0,6,0,high,0
2024-05-12 01:00:00,Zone_02,1.0,7,26.9,1,6,1,low,0
2024-05-12 02:00:00,Zone_07,1.0,5,17.0,1,6,2,low,0
2024-05-12 03:00:00,Zone_03,3.0,4,8.2,0,6,3,low,0
2024-05-12 04:00:00,Zone_08,,1,21.8,1,6,4,low,0
2024-05-12 05:00:00,Zone_14,10.0,8,21.9,0,6,5,medium,0
2024-05-12 06:00:00,Zone_07,16.0,17,14.3,0,6,6,low,0
2024-05-12 07:00:00,Zone_07,81.0,87,29.3,0,6,7,low,0
2024-05-12 08:00:00,Zone_01,80.0,88,21.6,1,6,8,low,0
2024-05-12 09:00:00,Zone_17,105.0,101,15.5,1,6,9,medium,0
2024-05-12 10:00:00,Zone_09,50.0,55,26.7,0,6,10,high,0
2024-05-12 11:00:00,Zone_13,53.0,45,26.9,0,6,11,high,0
2024-05-12 12:00:00,Zone_19,24.0,32,16.3,1,6,12,low,0
2024-05-12 13:00:00,Zone_19,30.0,38,31.9,0,6,13,medium,0
2024-05-12 14:00:00,Zone_17,18.0,27,39.9,0,6,14,low,0
2024-05-12 15:00:00,Zone_10,24.0,33,13.3,0,6,15,low,0
2024-05-12 16:00:00,Zone_10,106.0,103,20.5,0,6,16,high,1
2024-05-12 17:00:00,Zone_04,208.0,202,24.7,0,6,17,medium,1
2024-05-12 18:00:00,Zone_08,86.0,89,40.2,0,6,18,low,0
2024-05-12 19:00:00,Zone_20,121.0,129,16.1,0,6,19,medium,0
2024-05-12 20:00:00,Zone_20,25.0,26,14.5,0,6,20,low,0
2024-05-12 21:00:00,Zone_18,30.0,28,14.4,0,6,21,medium,0
2024-05-12 22:00:00,Zone_14,56.0,51,31.8,0,6,22,medium,0
2024-05-12 23:00:00,Zone_18,,64,16.3,0,6,23,,0
2024-05-13 00:00:00,Zone_14,23.0,13,15.2,1,0,0,high,0
2024-05-13 01:00:00,Zone_20,5.0,1,23.8,0,0,1,medium,0
2024-05-13 02:00:00,Zone_15,34.0,32,24.5,0,0,2,high,0
2024-05-13 03:00:00,Zone_04,20.0,16,30.6,0,0,3,high,0
2024-05-13 04:00:00,Zone_13,1.0,8,22.7,0,0,4,medium,0
2024-05-13 05:00:00,Zone_08,7.0,1,24.0,0,0,5,medium,0
2024-05-13 06:00:00,Zone_18,12.0,9,21.2,0,0,6,low,0
2024-05-13 07:00:00,Zone_12,187.0,181,,0,0,7,medium,1
2024-05-13 08:00:00,Zone_14,148.0,142,20.4,0,0,8,medium,1
2024-05-13 09:00:00,Zone_02,70.0,66,22.5,1,0,9,low,0
2024-05-13 10:00:00,Zone_18,39.0,40,18.4,1,0,10,medium,0
2024-05-13 11:00:00,Zone_02,27.0,29,9.5,0,0,11,medium,0
2024-05-13 12:00:00,Zone_11,58.0,51,12.9,0,0,12,high,0
2024-05-13 13:00:00,Zone_09,26.0,24,21.7,0,0,13,medium,0
2024-05-13 14:00:00,Zone_12,38.0,35,29.5,0,0,14,medium,0
2024-05-13 15:00:00,Zone_17,39.0,42,35.5,0,0,15,high,0
2024-05-13 16:00:00,Zone_15,90.0,85,20.5,0,0,16,low,1
2024-05-13 17:00:00,Zone_17,74.0,64,16.3,0,0,17,low,0
2024-05-13 18:00:00,Zone_18,104.0,99,19.0,0,0,18,low,0
2024-05-13 19:00:00,Zone_06,134.0,139,13.6,0,0,19,high,0
2024-05-13 20:00:00,Zone_17,18.0,24,28.3,0,0,20,low,0
2024-05-13 21:00:00,Zone_18,18.0,12,39.1,0,0,21,low,0
2024-05-13 22:00:00,Zone_08,27.0,29,16.5,0,0,22,medium,0
2024-05-13 23:00:00,Zone_09,134.0,141,12.5,1,0,23,high,1
2024-05-14 00:00:00,Zone_06,19.0,27,30.1,0,1,0,high,0
2024-05-14 01:00:00,Zone_05,13.0,13,24.5,1,1,1,medium,0
2024-05-14 02:00:00,Zone_12,30.0,31,24.7,0,1,2,high,0
2024-05-14 03:00:00,Zone_11,97.0,94,34.7,0,1,3,low,1
2024-05-14 04:00:00,Zone_01,1.0,3,,0,1,4,low,0
2024-05-14 05:00:00,Zone_11,27.0,31,10.8,0,1,5,high,0
2024-05-14 06:00:00,Zone_19,25.0,25,20.7,1,1,6,medium,0
2024-05-14 07:00:00,Zone_09,90.0,85,22.5,1,1,7,low,0
2024-05-14 08:00:00,Zone_02,95.0,102,19.2,1,1,8,medium,0
2024-05-14 09:00:00,Zone_12,93.0,98,41.7,0,1,9,high,0
2024-05-14 10:00:00,Zone_04,134.0,129,19.5,0,1,10,high,1
2024-05-14 11:00:00,Zone_04,34.0,28,17.6,0,1,11,high,0
2024-05-14 12:00:00,Zone_18,28.0,31,23.0,0,1,12,medium,0
2024-05-14 13:00:00,Zone_15,49.0,48,29.8,1,1,13,high,0
2024-05-14 14:00:00,Zone_19,17.0,10,16.2,0,1,14,medium,0
2024-05-14 15:00:00,Zone_13,40.0,38,20.8,0,1,15,medium,0
2024-05-14 16:00:00,Zone_19,116.0,107,30.0,0,1,16,high,1
2024-05-14 17:00:00,Zone_17,170.0,174,30.4,0,1,17,medium,1
2024-05-14 18:00:00,Zone_06,82.0,84,23.7,0,1,18,low,0
2024-05-14 19:00:00,Zone_16,76.0,84,41.3,1,1,19,medium,0
2024-05-14 20:00:00,Zone_12,115.0,108,37.8,0,1,20,medium,1
2024-05-14 21:00:00,Zone_19,27.0,29,10.8,1,1,21,low,0
2024-05-14 22:00:00,Zone_05,23.0,19,8.5,0,1,22,low,0
2024-05-14 23:00:00,Zone_17,27.0,29,28.4,0,1,23,low,0
2024-05-15 00:00:00,Zone_01,66.0,56,32.9,0,2,0,low,1
2024-05-15 01:00:00,Zone_10,13.0,11,20.2,0,2,1,medium,0
2024-05-15 02:00:00,Zone_15,4.0,9,18.0,1,2,2,low,0
2024-05-15 03:00:00,Zone_11,11.0,17,15.4,0,2,3,low,0
2024-05-15 04:00:00,Zone_13,4.0,12,12.7,0,2,4,medium,0
2024-05-15 05:00:00,Zone_05,23.0,28,31.1,0,2,5,high,0
2024-05-15 06:00:00,Zone_01,102.0,106,18.9,1,2,6,low,1
2024-05-15 07:00:00,Zone_12,101.0,91,24.4,0,2,7,low,0
2024-05-15 08:00:00,Zone_11,89.0,92,7.4,0,2,8,high,0
2024-05-15 09:00:00,Zone_17,176.0,176,30.0,1,2,9,medium,1
2024-05-15 10:00:00,Zone_04,47.0,51,26.7,0,2,10,high,0
2024-05-15 11:00:00,Zone_15,24.0,33,11.2,0,2,11,low,0
2024-05-15 12:00:00,Zone_09,127.0,134,24.1,0,2,12,low,1
2024-05-15 13:00:00,Zone_20,25.0,18,22.0,0,2,13,low,0
2024-05-15 14:00:00,Zone_19,16.0,9,18.4,0,2,14,low,0
2024-05-15 15:00:00,Zone_19,33.0,41,0.0,0,2,15,high,0
2024-05-15 16:00:00,Zone_12,40.0,34,16.7,0,2,16,high,0
2024-05-15 17:00:00,Zone_05,128.0,119,24.4,1,2,17,high,0
2024-05-15 18:00:00,Zone_10,110.0,109,17.6,1,2,18,high,0
2024-05-15 19:00:00,Zone_17,117.0,123,20.2,0,2,19,high,0
2024-05-15 20:00:00,Zone_05,20.0,20,34.0,0,2,20,medium,0
2024-05-15 21:00:00,Zone_16,144.0,144,21.4,0,2,21,high,1
2024-05-15 22:00:00,Zone_07,103.0,103,5.2,0,2,22,low,1
2024-05-15 23:00:00,Zone_09,138.0,146,20.5,0,2,23,medium,1
2024-05-16 00:00:00,Zone_03,76.0,76,22.8,1,3,0,medium,1
2024-05-16 01:00:00,Zone_15,24.0,21,15.4,0,3,1,high,0
2024-05-16 02:00:00,Zone_16,13.0,5,27.9,1,3,2,medium,0
2024-05-16 03:00:00,Zone_18,24.0,22,10.3,0,3,3,high,0
2024-05-16 04:00:00,Zone_14,15.0,12,20.9,0,3,4,medium,0
2024-05-16 05:00:00,Zone_03,9.0,16,10.2,0,3,5,medium,0
2024-05-16 06:00:00,Zone_12,105.0,112,19.6,1,3,6,high,1
2024-05-16 07:00:00,Zone_09,115.0,115,27.7,0,3,7,low,0
2024-05-16 08:00:00,Zone_07,180.0,171,20.7,0,3,8,high,1
2024-05-16 09:00:00,Zone_09,81.0,79,20.2,0,3,9,medium,0
2024-05-16 10:00:00,Zone_13,24.0,32,22.2,0,3,10,medium,0
2024-05-16 11:00:00,Zone_18,52.0,56,22.6,0,3,11,high,0
2024-05-16 12:00:00,Zone_05,34.0,31,27.6,0,3,12,medium,0
2024-05-16 13:00:00,Zone_13,42.0,50,27.6,1,3,13,medium,0
2024-05-16 14:00:00,Zone_04,34.0,32,33.4,1,3,14,medium,0
2024-05-16 15:00:00,Zone_02,25.0,19,23.3,0,3,15,low,0
2024-05-16 16:00:00,Zone_16,31.0,28,8.7,1,3,16,medium,0
2024-05-16 17:00:00,Zone_09,101.0,91,28.9,1,3,17,low,0
2024-05-16 18:00:00,Zone_09,118.0,124,32.8,0,3,18,high,0
2024-05-16 19:00:00,Zone_06,77.0,81,41.7,0,3,19,low,0
2024-05-16 20:00:00,Zone_11,38.0,42,33.6,1,3,20,,0
2024-05-16 21:00:00,Zone_01,44.0,42,18.1,0,3,21,high,0
2024-05-16 22:00:00,Zone_04,,53,23.5,0,3,22,high,0
2024-05-16 23:00:00,Zone_13,33.0,36,19.8,1,3,23,medium,0
2024-05-17 00:00:00,Zone_13,9.0,1,18.7,0,4,0,medium,0
2024-05-17 01:00:00,Zone_13,93.0,101,21.1,0,4,1,low,1
2024-05-17 02:00:00,Zone_02,92.0,90,32.3,0,4,2,medium,1
2024-05-17 03:00:00,Zone_09,8.0,16,9.3,0,4,3,low,0
2024-05-17 04:00:00,Zone_08,15.0,17,14.0,0,4,4,high,0
2024-05-17 05:00:00,Zone_07,9.0,3,31.8,0,4,5,low,0
2024-05-17 06:00:00,Zone_04,28.0,31,,0,4,6,medium,0
2024-05-17 07:00:00,Zone_18,162.0,169,16.7,1,4,7,medium,1
2024-05-17 08:00:00,Zone_03,67.0,61,35.2,0,4,8,medium,0
2024-05-17 09:00:00,Zone_06,84.0,78,29.8,0,4,9,medium,0
2024-05-17 10:00:00,Zone_12,50.0,59,19.9,0,4,10,high,0
2024-05-17 11:00:00,Zone_12,11.0,4,2.5,0,4,11,low,0
2024-05-17 12:00:00,Zone_08,45.0,39,8.7,0,4,12,medium,0
2024-05-17 13:00:00,Zone_01,32.0,23,16.7,1,4,13,low,0
2024-05-17 14:00:00,Zone_04,126.0,129,28.1,0,4,14,low,1
2024-05-17 15:00:00,Zone_11,32.0,36,28.1,0,4,15,medium,0
2024-05-17 16:00:00,Zone_03,16.0,11,18.3,1,4,16,low,0
2024-05-17 17:00:00,Zone_13,98.0,89,20.1,0,4,17,low,0
2024-05-17 18:00:00,Zone_17,93.0,91,21.7,0,4,18,high,0
2024-05-17 19:00:00,Zone_10,97.0,97,20.3,0,4,19,medium,0
2024-05-17 20:00:00,Zone_12,107.0,101,23.3,1,4,20,low,1
2024-05-17 21:00:00,Zone_15,30.0,30,21.8,1,4,21,low,0
2024-05-17 22:00:00,Zone_10,24.0,16,8.6,0,4,22,low,0
2024-05-17 23:00:00,Zone_14,134.0,137,20.3,0,4,23,medium,1
2024-05-18 00:00:00,Zone_13,4.0,2,21.8,0,5,0,,0
2024-05-18 01:00:00,Zone_05,7.0,15,29.9,1,5,1,medium,0
2024-05-18 02:00:00,Zone_06,12.0,18,15.3,0,5,2,low,0
2024-05-18 03:00:00,Zone_02,9.0,15,23.6,0,5,3,medium,0
2024-05-18 04:00:00,Zone_17,2.0,5,26.5,0,5,4,medium,0
2024-05-18 05:00:00,Zone_04,19.0,22,20.8,0,5,5,medium,0
2024-05-18 06:00:00,Zone_14,43.0,42,8.0,0,5,6,high,0
2024-05-18 07:00:00,Zone_10,92.0,88,30.1,0,5,7,low,0
2024-05-18 08:00:00,Zone_03,86.0,88,28.0,1,5,8,low,0
2024-05-18 09:00:00,Zone_03,179.0,171,23.8,0,5,9,high,1
2024-05-18 10:00:00,Zone_15,22.0,17,22.3,1,5,10,,0
2024-05-18 11:00:00,Zone_06,29.0,28,7.7,1,5,11,low,0
2024-05-18 12:00:00,Zone_17,86.0,80,28.2,0,5,12,medium,1
2024-05-18 13:00:00,Zone_12,123.0,118,33.9,0,5,13,medium,1
2024-05-18 14:00:00,Zone_20,45.0,42,13.1,0,5,14,high,0
2024-05-18 15:00:00,Zone_11,27.0,21,32.8,0,5,15,low,0
2024-05-18 16:00:00,Zone_04,31.0,30,31.1,0,5,16,medium,0
2024-05-18 17:00:00,Zone_06,169.0,159,12.9,0,5,17,low,1
2024-05-18 18:00:00,Zone_01,82.0,84,18.8,0,5,18,medium,0
2024-05-18 19:00:00,Zone_20,103.0,97,10.8,1,5,19,low,0
2024-05-18 20:00:00,Zone_16,35.0,43,21.5,0,5,20,medium,0
2024-05-18 21:00:00,Zone_15,19.0,24,25.6,0,5,21,low,0
2024-05-18 22:00:00,Zone_17,71.0,78,11.4,0,5,22,low,0
2024-05-18 23:00:00,Zone_08,57.0,65,25.1,0,5,23,medium,0
2024-05-19 00:00:00,Zone_12,104.0,103,27.1,0,6,0,high,1
2024-05-19 01:00:00,Zone_10,126.0,117,27.2,0,6,1,high,1
2024-05-19 02:00:00,Zone_15,94.0,92,25.6,0,6,2,high,1
2024-05-19 03:00:00,Zone_09,18.0,26,12.2,0,6,3,medium,0
2024-05-19 04:00:00,Zone_02,87.0,88,21.0,0,6,4,low,1
2024-05-19 05:00:00,Zone_05,124.0,125,24.8,0,6,5,low,1
2024-05-19 06:00:00,Zone_06,29.0,21,33.7,0,6,6,medium,0
2024-05-19 07:00:00,Zone_07,83.0,85,,1,6,7,low,0
2024-05-19 08:00:00,Zone_01,149.0,142,25.4,0,6,8,low,1
2024-05-19 09:00:00,Zone_07,125.0,115,14.5,1,6,9,,1
2024-05-19 10:00:00,Zone_20,38.0,28,12.8,0,6,10,medium,0
2024-05-19 11:00:00,Zone_12,20.0,13,11.7,1,6,11,low,0
2024-05-19 12:00:00,Zone_16,17.0,8,18.6,1,6,12,low,0
2024-05-19 13:00:00,Zone_16,19.0,16,38.5,0,6,13,medium,0
2024-05-19 14:00:00,Zone_11,41.0,46,18.8,0,6,14,medium,0
2024-05-19 15:00:00,Zone_04,26.0,25,24.9,0,6,15,medium,0
2024-05-19 16:00:00,Zone_13,29.0,27,26.5,0,6,16,medium,0
2024-05-19 17:00:00,Zone_07,74.0,70,13.3,0,6,17,low,0
2024-05-19 18:00:00,Zone_04,123.0,120,18.5,1,6,18,high,0
2024-05-19 19:00:00,Zone_15,80.0,86,27.0,0,6,19,low,0
2024-05-19 20:00:00,Zone_19,22.0,22,25.4,0,6,20,medium,0
2024-05-19 21:00:00,Zone_09,33.0,33,6.0,0,6,21,medium,0
2024-05-19 22:00:00,Zone_11,90.0,94,26.8,0,6,22,high,0
2024-05-19 23:00:00,Zone_08,68.0,64,17.6,0,6,23,medium,0
2024-05-20 00:00:00,Zone_01,2.0,1,17.8,0,0,0,low,0
2024-05-20 01:00:00,Zone_08,10.0,15,25.2,0,0,1,medium,0
2024-05-20 02:00:00,Zone_13,4.0,9,34.2,0,0,2,medium,0
2024-05-20 03:00:00,Zone_04,137.0,140,20.4,0,0,3,medium,1
2024-05-20 04:00:00,Zone_08,6.0,15,31.4,0,0,4,low,0
2024-05-20 05:00:00,Zone_03,13.0,20,10.5,0,0,5,medium,0
2024-05-20 06:00:00,Zone_09,16.0,25,23.0,1,0,6,low,0
2024-05-20 07:00:00,Zone_02,95.0,94,17.7,1,0,7,medium,0
2024-05-20 08:00:00,Zone_02,86.0,79,24.3,0,0,8,medium,0
2024-05-20 09:00:00,Zone_13,87.0,90,19.6,1,0,9,low,0
2024-05-20 10:00:00,Zone_15,40.0,34,11.3,0,0,10,high,0
2024-05-20 11:00:00,Zone_12,35.0,30,14.9,1,0,11,medium,0
2024-05-20 12:00:00,Zone_04,31.0,24,8.9,0,0,12,low,0
2024-05-20 13:00:00,Zone_08,33.0,33,11.5,1,0,13,low,0
2024-05-20 14:00:00,Zone_09,97.0,98,25.8,0,0,14,medium,1
2024-05-20 15:00:00,Zone_05,25.0,34,20.0,0,0,15,medium,0
2024-05-20 16:00:00,Zone_20,46.0,46,23.8,0,0,16,high,0
2024-05-20 17:00:00,Zone_18,75.0,71,36.5,0,0,17,low,0
2024-05-20 18:00:00,Zone_11,,99,19.6,0,0,18,low,0
2024-05-20 19:00:00,Zone_15,95.0,91,27.1,0,0,19,high,0
2024-05-20 20:00:00,Zone_09,40.0,31,22.2,0,0,20,high,0
2024-05-20 21:00:00,Zone_17,10.0,1,44.1,0,0,21,low,0
2024-05-20 22:00:00,Zone_12,17.0,15,0.0,1,0,22,medium,0
2024-05-20 23:00:00,Zone_07,25.0,28,16.3,0,0,23,low,0
2024-05-21 00:00:00,Zone_10,10.0,19,27.2,1,1,0,medium,0
2024-05-21 01:00:00,Zone_10,31.0,24,16.0,0,1,1,high,0
2024-05-21 02:00:00,Zone_13,4.0,3,26.5,1,1,2,low,0
2024-05-21 03:00:00,Zone_19,12.0,20,21.5,1,1,3,low,0
2024-05-21 04:00:00,Zone_11,106.0,114,28.9,0,1,4,low,1
2024-05-21 05:00:00,Zone_13,8.0,17,12.9,0,1,5,low,0
2024-05-21 06:00:00,Zone_08,23.0,15,,1,1,6,low,0
2024-05-21 07:00:00,Zone_08,105.0,102,25.7,0,1,7,high,0
2024-05-21 08:00:00,Zone_04,74.0,78,23.1,1,1,8,low,0
2024-05-21 09:00:00,Zone_15,76.0,71,23.2,1,1,9,medium,0
2024-05-21 10:00:00,Zone_11,46.0,44,31.6,0,1,10,,0
2024-05-21 11:00:00,Zone_11,32.0,25,8.6,0,1,11,medium,0
2024-05-21 12:00:00,Zone_01,29.0,36,23.0,0,1,12,medium,0
2024-05-21 13:00:00,Zone_17,30.0,35,12.3,0,1,13,low,0
2024-05-21 14:00:00,Zone_15,118.0,111,28.1,0,1,14,medium,1
2024-05-21 15:00:00,Zone_20,29.0,20,15.3,1,1,15,low,0
2024-05-21 16:00:00,Zone_06,24.0,29,2.2,0,1,16,high,0
2024-05-21 17:00:00,Zone_15,113.0,108,28.3,0,1,17,low,0
2024-05-21 18:00:00,Zone_09,127.0,133,19.9,0,1,18,medium,0
2024-05-21 19:00:00,Zone_14,90.0,82,24.9,0,1,19,medium,0
2024-05-21 20:00:00,Zone_18,36.0,38,33.4,0,1,20,medium,0
2024-05-21 21:00:00,Zone_17,26.0,17,25.0,0,1,21,low,0
2024-05-21 22:00:00,Zone_18,114.0,107,23.4,0,1,22,low,1
2024-05-21 23:00:00,Zone_05,39.0,37,21.6,0,1,23,high,0
2024-05-22 00:00:00,Zone_20,1.0,7,12.8,1,2,0,low,0
2024-05-22 01:00:00,Zone_20,13.0,15,20.3,0,2,1,low,0
2024-05-22 02:00:00,Zone_09,1.0,1,37.8,0,2,2,medium,0
2024-05-22 03:00:00,Zone_11,22.0,25,19.0,1,2,3,high,0
2024-05-22 04:00:00,Zone_01,20.0,10,20.8,0,2,4,medium,0
2024-05-22 05:00:00,Zone_18,113.0,111,32.1,0,2,5,medium,1
2024-05-22 06:00:00,Zone_06,38.0,40,,1,2,6,medium,0
2024-05-22 07:00:00,Zone_02,150.0,148,27.0,1,2,7,low,1
2024-05-22 08:00:00,Zone_15,205.0,197,9.3,0,2,8,medium,1
2024-05-22 09:00:00,Zone_14,212.0,219,25.2,0,2,9,high,1
2024-05-22 10:00:00,Zone_05,45.0,47,21.8,0,2,10,high,0
2024-05-22 11:00:00,Zone_06,101.0,106,26.9,0,2,11,low,1
2024-05-22 12:00:00,Zone_06,33.0,37,13.9,0,2,12,medium,0
2024-05-22 13:00:00,Zone_18,33.0,41,17.7,1,2,13,medium,0
2024-05-22 14:00:00,Zone_14,25.0,24,27.3,0,2,14,low,0
2024-05-22 15:00:00,Zone_10,22.0,20,17.9,0,2,15,medium,0
2024-05-22 16:00:00,Zone_14,16.0,17,28.0,0,2,16,low,0
2024-05-22 17:00:00,Zone_13,207.0,204,23.7,0,2,17,medium,1
2024-05-22 18:00:00,Zone_03,76.0,75,18.4,0,2,18,low,0
2024-05-22 19:00:00,Zone_06,223.0,214,19.5,1,2,19,medium,1
2024-05-22 20:00:00,Zone_08,126.0,130,22.0,0,2,20,medium,1
2024-05-22 21:00:00,Zone_12,32.0,41,20.2,0,2,21,medium,0
2024-05-22 22:00:00,Zone_13,31.0,36,27.8,0,2,22,medium,0
2024-05-22 23:00:00,Zone_11,29.0,28,19.0,1,2,23,low,0
2024-05-23 00:00:00,Zone_12,2.0,4,17.4,0,3,0,medium,0
2024-05-23 01:00:00,Zone_01,13.0,13,29.3,0,3,1,high,0
2024-05-23 02:00:00,Zone_17,84.0,89,18.6,0,3,2,,1
2024-05-23 03:00:00,Zone_16,17.0,20,17.7,0,3,3,medium,0
2024-05-23 04:00:00,Zone_11,12.0,9,2.1,0,3,4,medium,0
2024-05-23 05:00:00,Zone_13,139.0,147,13.7,0,3,5,medium,1
2024-05-23 06:00:00,Zone_18,35.0,26,15.3,0,3,6,medium,0
2024-05-23 07:00:00,Zone_11,83.0,76,17.7,1,3,7,medium,0
2024-05-23 08:00:00,Zone_12,97.0,104,16.2,1,3,8,low,0
2024-05-23 09:00:00,Zone_06,78.0,83,29.9,0,3,9,medium,0
2024-05-23 10:00:00,Zone_09,30.0,26,15.8,0,3,10,medium,0
2024-05-23 11:00:00,Zone_16,27.0,26,16.4,1,3,11,low,0
2024-05-23 12:00:00,Zone_04,24.0,19,23.2,0,3,12,medium,0
2024-05-23 13:00:00,Zone_03,98.0,88,13.2,0,3,13,medium,1
2024-05-23 14:00:00,Zone_16,39.0,46,34.5,0,3,14,high,0
2024-05-23 15:00:00,Zone_12,20.0,23,28.4,0,3,15,low,0
2024-05-23 16:00:00,Zone_11,41.0,40,12.7,0,3,16,high,0
2024-05-23 17:00:00,Zone_05,193.0,195,30.1,1,3,17,medium,1
2024-05-23 18:00:00,Zone_18,71.0,66,31.8,1,3,18,medium,0
2024-05-23 19:00:00,Zone_19,80.0,79,12.9,0,3,19,low,0
2024-05-23 20:00:00,Zone_06,22.0,13,12.7,0,3,20,medium,0
2024-05-23 21:00:00,Zone_18,35.0,25,17.1,0,3,21,high,0
2024-05-23 22:00:00,Zone_06,25.0,20,10.7,1,3,22,medium,0
2024-05-23 23:00:00,Zone_04,28.0,36,15.8,1,3,23,medium,0
2024-05-24 00:00:00,Zone_12,11.0,17,18.8,0,4,0,medium,0
2024-05-24 01:00:00,Zone_19,13.0,3,26.0,0,4,1,medium,0
2024-05-24 02:00:00,Zone_02,80.0,84,22.6,0,4,2,low,1
2024-05-24 03:00:00,Zone_17,4.0,7,20.8,0,4,3,medium,0
2024-05-24 04:00:00,Zone_11,19.0,11,18.1,1,4,4,medium,0
2024-05-24 05:00:00,Zone_11,8.0,7,11.5,0,4,5,low,0
2024-05-24 06:00:00,Zone_16,32.0,28,26.7,0,4,6,medium,0
2024-05-24 07:00:00,Zone_02,,168,26.6,0,4,7,high,1
2024-05-24 08:00:00,Zone_02,112.0,105,17.1,0,4,8,medium,0
2024-05-24 09:00:00,Zone_08,86.0,95,13.2,0,4,9,low,0
2024-05-24 10:00:00,Zone_13,165.0,166,34.4,0,4,10,high,1
2024-05-24 11:00:00,Zone_10,24.0,20,24.0,1,4,11,low,0
2024-05-24 12:00:00,Zone_08,21.0,24,25.2,1,4,12,low,0
2024-05-24 13:00:00,Zone_04,20.0,11,25.5,0,4,13,low,0
2024-05-24 14:00:00,Zone_15,127.0,133,12.4,0,4,14,low,1
2024-05-24 15:00:00,Zone_01,11.0,6,34.0,1,4,15,low,0
2024-05-24 16:00:00,Zone_11,15.0,23,18.8,0,4,16,medium,0
2024-05-24 17:00:00,Zone_07,,151,28.6,0,4,17,medium,1
2024-05-24 18:00:00,Zone_17,215.0,206,33.7,0,4,18,medium,1
2024-05-24 19:00:00,Zone_20,111.0,113,22.7,0,4,19,medium,0
2024-05-24 20:00:00,Zone_18,42.0,46,12.5,0,4,20,high,0
2024-05-24 21:00:00,Zone_12,93.0,92,2.1,0,4,21,low,1
2024-05-24 22:00:00,Zone_09,34.0,31,21.7,0,4,22,medium,0
2024-05-24 23:00:00,Zone_05,40.0,34,24.0,1,4,23,medium,0
2024-05-25 00:00:00,Zone_10,25.0,28,17.4,0,5,0,high,0
2024-05-25 01:00:00,Zone_04,8.0,3,,0,5,1,low,0
2024-05-25 02:00:00,Zone_05,4.0,5,25.4,0,5,2,low,0
2024-05-25 03:00:00,Zone_10,18.0,10,30.0,0,5,3,medium,0
2024-05-25 04:00:00,Zone_11,1.0,5,20.2,0,5,4,medium,0
2024-05-25 05:00:00,Zone_10,13.0,20,21.6,1,5,5,low,0
2024-05-25 06:00:00,Zone_08,24.0,14,20.6,0,5,6,medium,0
2024-05-25 07:00:00,Zone_02,71.0,75,22.3,1,5,7,low,0
2024-05-25 08:00:00,Zone_08,196.0,202,17.9,1,5,8,high,1
2024-05-25 09:00:00,Zone_16,98.0,95,17.9,1,5,9,low,0
2024-05-25 10:00:00,Zone_05,26.0,28,18.4,0,5,10,low,0
2024-05-25 11:00:00,Zone_03,20.0,15,23.3,1,5,11,low,0
2024-05-25 12:00:00,Zone_12,27.0,30,15.2,0,5,12,medium,0
2024-05-25 13:00:00,Zone_13,28.0,36,18.4,0,5,13,low,0
2024-05-25 14:00:00,Zone_13,129.0,127,36.5,1,5,14,medium,1
2024-05-25 15:00:00,Zone_10,139.0,129,29.2,0,5,15,high,1
2024-05-25 16:00:00,Zone_04,40.0,30,14.3,1,5,16,low,0
2024-05-25 17:00:00,Zone_09,115.0,117,28.9,1,5,17,medium,0
2024-05-25 18:00:00,Zone_02,175.0,171,27.0,0,5,18,low,1
2024-05-25 19:00:00,Zone_19,178.0,168,21.2,0,5,19,medium,1
2024-05-25 20:00:00,Zone_01,31.0,24,16.3,0,5,20,low,0
2024-05-25 21:00:00,Zone_07,18.0,25,15.4,1,5,21,low,0
2024-05-25 22:00:00,Zone_17,70.0,62,23.8,0,5,22,medium,0
2024-05-25 23:00:00,Zone_03,140.0,136,15.2,0,5,23,low,1
2024-05-26 00:00:00,Zone_20,,25,30.8,0,6,0,high,0
2024-05-26 01:00:00,Zone_20,2.0,1,33.0,1,6,1,medium,0
2024-05-26 02:00:00,Zone_03,3.0,10,21.7,0,6,2,medium,0
2024-05-26 03:00:00,Zone_03,26.0,24,31.1,0,6,3,high,0
2024-05-26 04:00:00,Zone_17,18.0,15,18.7,0,6,4,high,0
2024-05-26 05:00:00,Zone_07,11.0,17,16.3,1,6,5,medium,0
2024-05-26 06:00:00,Zone_14,32.0,23,30.8,0,6,6,medium,0
2024-05-26 07:00:00,Zone_17,74.0,67,34.6,0,6,7,low,0
2024-05-26 08:00:00,Zone_18,76.0,80,37.7,0,6,8,medium,0
2024-05-26 09:00:00,Zone_13,99.0,96,24.7,1,6,9,medium,0
2024-05-26 10:00:00,Zone_20,50.0,54,28.9,0,6,10,high,0
2024-05-26 11:00:00,Zone_20,22.0,18,24.5,1,6,11,low,0
2024-05-26 12:00:00,Zone_18,17.0,15,33.2,0,6,12,low,0
2024-05-26 13:00:00,Zone_04,91.0,100,25.5,1,6,13,low,1
2024-05-26 14:00:00,Zone_01,44.0,45,28.4,1,6,14,high,0
2024-05-26 15:00:00,Zone_18,38.0,31,12.9,0,6,15,low,0
2024-05-26 16:00:00,Zone_01,22.0,25,20.2,0,6,16,medium,0
2024-05-26 17:00:00,Zone_13,229.0,229,,0,6,17,medium,1
2024-05-26 18:00:00,Zone_20,92.0,100,27.8,0,6,18,low,0
2024-05-26 19:00:00,Zone_20,115.0,118,29.2,0,6,19,medium,0
2024-05-26 20:00:00,Zone_10,38.0,38,23.0,1,6,20,medium,0
2024-05-26 21:00:00,Zone_11,26.0,35,16.8,0,6,21,low,0
2024-05-26 22:00:00,Zone_09,60.0,62,21.5,0,6,22,medium,0
2024-05-26 23:00:00,Zone_09,93.0,96,22.4,0,6,23,high,0
2024-05-27 00:00:00,Zone_05,20.0,22,23.9,0,0,0,high,0
2024-05-27 01:00:00,Zone_01,14.0,20,14.3,1,0,1,medium,0
2024-05-27 02:00:00,Zone_17,1.0,6,19.9,0,0,2,medium,0
2024-05-27 03:00:00,Zone_02,7.0,4,21.3,0,0,3,low,0
2024-05-27 04:00:00,Zone_13,10.0,16,4.1,0,0,4,high,0
2024-05-27 05:00:00,Zone_09,12.0,13,28.7,0,0,5,low,0
2024-05-27 06:00:00,Zone_04,23.0,31,23.3,0,0,6,medium,0
2024-05-27 07:00:00,Zone_05,85.0,83,24.1,0,0,7,low,0
2024-05-27 08:00:00,Zone_11,77.0,77,17.9,0,0,8,low,0
2024-05-27 09:00:00,Zone_19,80.0,70,26.7,0,0,9,low,0
2024-05-27 10:00:00,Zone_03,124.0,130,15.3,0,0,10,medium,1
2024-05-27 11:00:00,Zone_12,129.0,137,16.6,0,0,11,medium,1
2024-05-27 12:00:00,Zone_19,95.0,97,27.0,0,0,12,medium,1
2024-05-27 13:00:00,Zone_19,29.0,30,24.9,0,0,13,low,0
2024-05-27 14:00:00,Zone_13,37.0,38,11.8,1,0,14,high,0
2024-05-27 15:00:00,Zone_07,20.0,22,34.6,0,0,15,low,0
2024-05-27 16:00:00,Zone_15,34.0,29,15.9,0,0,16,low,0
2024-05-27 17:00:00,Zone_07,97.0,99,20.9,0,0,17,medium,0
2024-05-27 18:00:00,Zone_08,100.0,100,36.0,0,0,18,high,0
2024-05-27 19:00:00,Zone_05,85.0,94,5.5,0,0,19,low,0
2024-05-27 20:00:00,Zone_14,,104,8.3,0,0,20,medium,1
2024-05-27 21:00:00,Zone_04,40.0,41,25.5,0,0,21,,0
2024-05-27 22:00:00,Zone_10,141.0,145,2.2,0,0,22,high,1
2024-05-27 23:00:00,Zone_20,25.0,23,5.7,0,0,23,low,0
2024-05-28 00:00:00,Zone_15,12.0,15,31.4,0,1,0,medium,0
2024-05-28 01:00:00,Zone_18,5.0,1,18.7,0,1,1,,0
2024-05-28 02:00:00,Zone_20,1.0,1,39.6,0,1,2,low,0
2024-05-28 03:00:00,Zone_13,2.0,1,13.7,0,1,3,low,0
2024-05-28 04:00:00,Zone_08,21.0,13,19.5,1,1,4,high,0
2024-05-28 05:00:00,Zone_09,1.0,1,26.3,1,1,5,low,0
2024-05-28 06:00:00,Zone_16,46.0,52,25.8,0,1,6,high,0
2024-05-28 07:00:00,Zone_19,131.0,135,20.0,0,1,7,,1
2024-05-28 08:00:00,Zone_16,196.0,199,16.8,1,1,8,high,1
2024-05-28 09:00:00,Zone_07,96.0,96,23.9,0,1,9,medium,0
2024-05-28 10:00:00,Zone_14,16.0,23,33.0,0,1,10,low,0
2024-05-28 11:00:00,Zone_14,109.0,113,28.1,0,1,11,medium,1
2024-05-28 12:00:00,Zone_04,14.0,22,16.9,0,1,12,low,0
2024-05-28 13:00:00,Zone_15,24.0,21,14.1,1,1,13,medium,0
2024-05-28 14:00:00,Zone_03,138.0,138,16.5,0,1,14,medium,1
2024-05-28 15:00:00,Zone_05,29.0,19,11.8,0,1,15,medium,0
2024-05-28 16:00:00,Zone_01,30.0,22,23.2,0,1,16,medium,0
2024-05-28 17:00:00,Zone_03,94.0,102,28.5,1,1,17,high,0
2024-05-28 18:00:00,Zone_15,,167,21.4,0,1,18,low,1
2024-05-28 19:00:00,Zone_08,118.0,126,35.8,1,1,19,high,0
2024-05-28 20:00:00,Zone_04,34.0,41,36.2,0,1,20,high,0
2024-05-28 21:00:00,Zone_02,19.0,22,24.5,0,1,21,low,0
2024-05-28 22:00:00,Zone_10,31.0,34,27.6,1,1,22,low,0
2024-05-28 23:00:00,Zone_04,28.0,30,14.8,0,1,23,medium,0
2024-05-29 00:00:00,Zone_03,120.0,128,19.1,0,2,0,medium,1
2024-05-29 01:00:00,Zone_02,5.0,6,32.2,0,2,1,low,0
2024-05-29 02:00:00,Zone_17,1.0,9,17.4,1,2,2,low,0
2024-05-29 03:00:00,Zone_20,12.0,12,33.9,1,2,3,medium,0
2024-05-29 04:00:00,Zone_13,103.0,93,30.9,1,2,4,,1
2024-05-29 05:00:00,Zone_05,3.0,1,28.0,0,2,5,low,0
2024-05-29 06:00:00,Zone_09,135.0,134,12.6,0,2,6,high,1
2024-05-29 07:00:00,Zone_06,111.0,109,19.5,0,2,7,medium,0
2024-05-29 08:00:00,Zone_05,208.0,203,27.2,1,2,8,medium,1
2024-05-29 09:00:00,Zone_10,194.0,196,14.1,0,2,9,medium,1
2024-05-29 10:00:00,Zone_08,19.0,14,20.5,0,2,10,low,0
2024-05-29 11:00:00,Zone_07,29.0,38,28.0,0,2,11,medium,0
2024-05-29 12:00:00,Zone_07,104.0,110,17.5,0,2,12,low,1
2024-05-29 13:00:00,Zone_06,23.0,14,15.2,0,2,13,low,0
2024-05-29 14:00:00,Zone_20,,15,7.6,0,2,14,low,0
2024-05-29 15:00:00,Zone_03,27.0,26,18.9,1,2,15,low,0
2024-05-29 16:00:00,Zone_19,32.0,22,28.2,0,2,16,medium,0
2024-05-29 17:00:00,Zone_15,92.0,83,15.0,0,2,17,medium,0
2024-05-29 18:00:00,Zone_04,90.0,94,22.1,0,2,18,low,0
2024-05-29 19:00:00,Zone_12,105.0,98,20.2,0,2,19,low,0
2024-05-29 20:00:00,Zone_06,51.0,48,16.7,0,2,20,high,0
2024-05-29 21:00:00,Zone_19,27.0,35,28.7,0,2,21,,0
2024-05-29 22:00:00,Zone_04,9.0,18,35.1,0,2,22,low,0
2024-05-29 23:00:00,Zone_15,38.0,44,30.0,1,2,23,medium,0
2024-05-30 00:00:00,Zone_09,19.0,15,16.4,0,3,0,high,0
2024-05-30 01:00:00,Zone_05,,7,37.9,0,3,1,high,0
2024-05-30 02:00:00,Zone_13,15.0,5,30.0,1,3,2,medium,0
2024-05-30 03:00:00,Zone_18,2.0,9,18.3,0,3,3,low,0
2024-05-30 04:00:00,Zone_05,73.0,67,15.8,0,3,4,medium,1
2024-05-30 05:00:00,Zone_16,4.0,1,31.0,0,3,5,,0
2024-05-30 06:00:00,Zone_19,32.0,35,23.4,0,3,6,low,0
2024-05-30 07:00:00,Zone_14,92.0,88,15.2,0,3,7,medium,0
2024-05-30 08:00:00,Zone_16,170.0,176,20.8,1,3,8,medium,1
2024-05-30 09:00:00,Zone_15,80.0,82,18.7,1,3,9,low,0
2024-05-30 10:00:00,Zone_04,33.0,26,15.4,1,3,10,low,0
2024-05-30 11:00:00,Zone_07,48.0,49,30.1,0,3,11,high,0
2024-05-30 12:00:00,Zone_16,38.0,45,28.3,1,3,12,high,0
2024-05-30 13:00:00,Zone_08,38.0,39,28.7,0,3,13,medium,0
2024-05-30 14:00:00,Zone_17,30.0,23,,0,3,14,medium,0
2024-05-30 15:00:00,Zone_16,44.0,49,14.7,0,3,15,high,0
2024-05-30 16:00:00,Zone_10,23.0,26,17.2,0,3,16,medium,0
2024-05-30 17:00:00,Zone_10,82.0,79,33.7,1,3,17,medium,0
2024-05-30 18:00:00,Zone_02,177.0,183,22.9,0,3,18,low,1
2024-05-30 19:00:00,Zone_09,79.0,73,10.2,0,3,19,low,0
2024-05-30 20:00:00,Zone_17,33.0,24,23.7,0,3,20,,0
2024-05-30 21:00:00,Zone_11,30.0,39,27.2,0,3,21,low,0
2024-05-30 22:00:00,Zone_10,93.0,84,26.2,1,3,22,low,1
2024-05-30 23:00:00,Zone_17,29.0,30,14.5,1,3,23,medium,0
2024-05-31 00:00:00,Zone_04,1.0,7,37.1,0,4,0,low,0
2024-05-31 01:00:00,Zone_16,26.0,32,10.0,0,4,1,high,0
2024-05-31 02:00:00,Zone_20,8.0,5,22.9,0,4,2,low,0
2024-05-31 03:00:00,Zone_15,64.0,60,35.9,0,4,3,medium,1
2024-05-31 04:00:00,Zone_05,6.0,13,26.7,0,4,4,medium,0
2024-05-31 05:00:00,Zone_06,74.0,71,28.7,0,4,5,medium,1
2024-05-31 06:00:00,Zone_17,125.0,129,13.6,0,4,6,medium,1
2024-05-31 07:00:00,Zone_01,118.0,121,24.8,0,4,7,medium,0
2024-05-31 08:00:00,Zone_19,113.0,118,21.7,0,4,8,high,0
2024-05-31 09:00:00,Zone_04,155.0,150,13.0,0,4,9,high,1
2024-05-31 10:00:00,Zone_17,24.0,28,28.9,0,4,10,medium,0
2024-05-31 11:00:00,Zone_09,42.0,35,15.4,0,4,11,high,0
2024-05-31 12:00:00,Zone_02,21.0,13,16.4,0,4,12,low,0
2024-05-31 13:00:00,Zone_08,46.0,48,25.5,0,4,13,high,0
2024-05-31 14:00:00,Zone_15,33.0,34,20.9,1,4,14,high,0
2024-05-31 15:00:00,Zone_07,23.0,21,23.4,0,4,15,medium,0
2024-05-31 16:00:00,Zone_06,57.0,51,20.4,1,4,16,high,0
2024-05-31 17:00:00,Zone_01,106.0,107,33.3,0,4,17,,0
2024-05-31 18:00:00,Zone_15,84.0,74,14.6,0,4,18,low,0
2024-05-31 19:00:00,Zone_07,117.0,107,18.3,0,4,19,high,0
2024-05-31 20:00:00,Zone_17,97.0,88,25.8,1,4,20,medium,1
2024-05-31 21:00:00,Zone_02,33.0,30,14.1,0,4,21,medium,0
2024-05-31 22:00:00,Zone_09,37.0,38,13.7,0,4,22,medium,0
2024-05-31 23:00:00,Zone_09,33.0,39,23.1,0,4,23,high,0
2024-06-01 00:00:00,Zone_13,13.0,11,28.9,0,5,0,medium,0
2024-06-01 01:00:00,Zone_06,1.0,2,30.0,0,5,1,low,0
2024-06-01 02:00:00,Zone_06,9.0,4,22.7,1,5,2,medium,0
2024-06-01 03:00:00,Zone_20,31.0,23,16.6,0,5,3,high,0
2024-06-01 04:00:00,Zone_20,10.0,3,24.2,1,5,4,medium,0
2024-06-01 05:00:00,Zone_03,31.0,29,26.5,0,5,5,,0
2024-06-01 06:00:00,Zone_17,43.0,45,24.1,0,5,6,high,0
2024-06-01 07:00:00,Zone_17,79.0,70,31.9,0,5,7,medium,0
2024-06-01 08:00:00,Zone_12,85.0,77,13.9,0,5,8,low,0
2024-06-01 09:00:00,Zone_16,76.0,80,16.4,0,5,9,low,0
2024-06-01 10:00:00,Zone_15,32.0,39,30.8,1,5,10,medium,0
2024-06-01 11:00:00,Zone_13,31.0,28,10.2,0,5,11,medium,0
2024-06-01 12:00:00,Zone_01,134.0,131,17.7,0,5,12,high,1
2024-06-01 13:00:00,Zone_17,36.0,40,16.1,1,5,13,high,0
2024-06-01 14:00:00,Zone_03,106.0,100,9.5,0,5,14,low,1
2024-06-01 15:00:00,Zone_15,86.0,83,20.5,0,5,15,medium,1
2024-06-01 16:00:00,Zone_04,23.0,26,28.0,1,5,16,medium,0
2024-06-01 17:00:00,Zone_04,76.0,72,23.3,0,5,17,low,0
2024-06-01 18:00:00,Zone_18,116.0,119,28.4,1,5,18,medium,0
2024-06-01 19:00:00,Zone_17,127.0,124,31.5,1,5,19,high,0
2024-06-01 20:00:00,Zone_19,37.0,43,18.9,0,5,20,medium,0
2024-06-01 21:00:00,Zone_11,8.0,4,43.2,1,5,21,low,0
2024-06-01 22:00:00,Zone_20,55.0,62,19.2,0,5,22,medium,0
2024-06-01 23:00:00,Zone_03,61.0,63,20.3,1,5,23,low,0
2024-06-02 00:00:00,Zone_08,74.0,75,16.3,0,6,0,medium,1
2024-06-02 01:00:00,Zone_14,6.0,10,26.4,0,6,1,low,0
2024-06-02 02:00:00,Zone_01,25.0,27,19.7,0,6,2,high,0
2024-06-02 03:00:00,Zone_14,3.0,8,21.4,0,6,3,low,0
2024-06-02 04:00:00,Zone_02,122.0,126,20.4,1,6,4,medium,1
2024-06-02 05:00:00,Zone_04,5.0,1,20.2,0,6,5,low,0
2024-06-02 06:00:00,Zone_19,33.0,30,23.3,0,6,6,high,0
2024-06-02 07:00:00,Zone_06,95.0,98,18.4,1,6,7,medium,0
2024-06-02 08:00:00,Zone_01,198.0,202,,0,6,8,high,1
2024-06-02 09:00:00,Zone_17,86.0,81,30.6,0,6,9,high,0
2024-06-02 10:00:00,Zone_08,26.0,22,19.7,0,6,10,medium,0
2024-06-02 11:00:00,Zone_19,37.0,45,25.1,0,6,11,high,0
2024-06-02 12:00:00,Zone_01,26.0,17,14.9,1,6,12,low,0
2024-06-02 13:00:00,Zone_05,31.0,24,18.4,1,6,13,medium,0
2024-06-02 14:00:00,Zone_16,31.0,40,12.1,0,6,14,low,0
2024-06-02 15:00:00,Zone_06,34.0,35,36.8,0,6,15,high,0
2024-06-02 16:00:00,Zone_08,125.0,127,33.0,1,6,16,high,1
2024-06-02 17:00:00,Zone_13,120.0,121,26.8,0,6,17,high,0
2024-06-02 18:00:00,Zone_16,86.0,88,,0,6,18,low,0
2024-06-02 19:00:00,Zone_03,100.0,104,28.2,0,6,19,medium,0
2024-06-02 20:00:00,Zone_19,32.0,36,20.6,0,6,20,medium,0
2024-06-02 21:00:00,Zone_12,25.0,28,25.0,0,6,21,low,0
2024-06-02 22:00:00,Zone_16,140.0,132,32.9,1,6,22,low,1
2024-06-02 23:00:00,Zone_11,66.0,63,15.0,1,6,23,medium,0
2024-06-03 00:00:00,Zone_10,27.0,28,12.6,0,0,0,high,0
2024-06-03 01:00:00,Zone_20,7.0,14,25.2,0,0,1,medium,0
2024-06-03 02:00:00,Zone_04,8.0,17,17.3,0,0,2,medium,0
2024-06-03 03:00:00,Zone_12,79.0,69,3.9,1,0,3,medium,1
2024-06-03 04:00:00,Zone_02,6.0,2,12.1,0,0,4,medium,0
2024-06-03 05:00:00,Zone_19,22.0,25,19.5,0,0,5,high,0
2024-06-03 06:00:00,Zone_05,29.0,37,22.4,0,0,6,medium,0
2024-06-03 07:00:00,Zone_08,99.0,107,22.6,0,0,7,low,0
2024-06-03 08:00:00,Zone_07,65.0,66,38.0,0,0,8,medium,0
2024-06-03 09:00:00,Zone_14,87.0,83,20.3,0,0,9,high,0
2024-06-03 10:00:00,Zone_03,32.0,29,24.2,0,0,10,medium,0
2024-06-03 11:00:00,Zone_18,37.0,37,9.0,0,0,11,medium,0
2024-06-03 12:00:00,Zone_16,18.0,15,21.8,1,0,12,low,0
2024-06-03 13:00:00,Zone_19,34.0,39,24.7,0,0,13,low,0
2024-06-03 14:00:00,Zone_19,40.0,38,11.0,0,0,14,high,0
2024-06-03 15:00:00,Zone_18,23.0,21,14.5,0,0,15,low,0
2024-06-03 16:00:00,Zone_20,22.0,15,25.9,0,0,16,low,0
2024-06-03 17:00:00,Zone_16,100.0,100,17.6,0,0,17,medium,0
2024-06-03 18:00:00,Zone_08,126.0,125,21.2,0,0,18,high,0
2024-06-03 19:00:00,Zone_01,102.0,100,26.3,0,0,19,low,0
2024-06-03 20:00:00,Zone_17,36.0,30,38.3,0,0,20,high,0
2024-06-03 21:00:00,Zone_12,21.0,13,20.2,1,0,21,low,0
2024-06-03 22:00:00,Zone_11,27.0,29,36.2,0,0,22,high,0
2024-06-03 23:00:00,Zone_05,39.0,44,6.3,0,0,23,high,0
2024-06-04 00:00:00,Zone_12,12.0,10,23.2,1,1,0,low,0
2024-06-04 01:00:00,Zone_17,4.0,1,19.3,0,1,1,low,0
2024-06-04 02:00:00,Zone_06,3.0,1,17.7,0,1,2,low,0
2024-06-04 03:00:00,Zone_01,31.0,22,27.3,1,1,3,high,0
2024-06-04 04:00:00,Zone_05,9.0,4,20.3,1,1,4,low,0
2024-06-04 05:00:00,Zone_14,4.0,12,5.8,0,1,5,low,0
2024-06-04 06:00:00,Zone_05,,95,9.3,0,1,6,low,1
2024-06-04 07:00:00,Zone_01,77.0,72,27.8,0,1,7,medium,0
2024-06-04 08:00:00,Zone_18,97.0,93,8.9,0,1,8,low,0
2024-06-04 09:00:00,Zone_16,110.0,119,28.0,0,1,9,high,0
2024-06-04 10:00:00,Zone_09,45.0,36,23.0,0,1,10,high,0
2024-06-04 11:00:00,Zone_19,124.0,117,20.6,1,1,11,medium,1
2024-06-04 12:00:00,Zone_05,33.0,38,21.3,0,1,12,medium,0
2024-06-04 13:00:00,Zone_02,30.0,22,26.1,0,1,13,medium,0
2024-06-04 14:00:00,Zone_15,30.0,26,12.6,0,1,14,medium,0
2024-06-04 15:00:00,Zone_07,26.0,18,22.3,0,1,15,medium,0
2024-06-04 16:00:00,Zone_04,26.0,22,12.9,1,1,16,medium,0
2024-06-04 17:00:00,Zone_01,111.0,111,23.3,0,1,17,medium,0
2024-06-04 18:00:00,Zone_13,117.0,122,27.2,0,1,18,medium,0
2024-06-04 19:00:00,Zone_20,97.0,102,23.3,0,1,19,low,0
2024-06-04 20:00:00,Zone_07,15.0,18,26.9,0,1,20,low,0
2024-06-04 21:00:00,Zone_15,14.0,19,16.4,0,1,21,low,0
2024-06-04 22:00:00,Zone_14,133.0,142,21.5,0,1,22,medium,1
2024-06-04 23:00:00,Zone_19,34.0,30,20.1,0,1,23,medium,0
2024-06-05 00:00:00,Zone_20,7.0,1,19.6,0,2,0,medium,0
2024-06-05 01:00:00,Zone_18,1.0,1,15.6,1,2,1,medium,0
2024-06-05 02:00:00,Zone_10,30.0,24,18.5,1,2,2,high,0
2024-06-05 03:00:00,Zone_09,1.0,1,13.1,0,2,3,low,0
2024-06-05 04:00:00,Zone_08,17.0,17,8.4,0,2,4,medium,0
2024-06-05 05:00:00,Zone_10,8.0,15,16.4,0,2,5,medium,0
2024-06-05 06:00:00,Zone_17,27.0,26,27.0,0,2,6,medium,0
2024-06-05 07:00:00,Zone_02,70.0,73,23.9,0,2,7,medium,0
2024-06-05 08:00:00,Zone_06,189.0,187,11.9,1,2,8,high,1
2024-06-05 09:00:00,Zone_05,99.0,90,18.8,1,2,9,low,0
2024-06-05 10:00:00,Zone_09,38.0,36,27.5,0,2,10,high,0
2024-06-05 11:00:00,Zone_05,43.0,49,18.4,0,2,11,high,0
2024-06-05 12:00:00,Zone_18,26.0,20,10.7,0,2,12,medium,0
2024-06-05 13:00:00,Zone_20,26.0,29,40.1,1,2,13,high,0
2024-06-05 14:00:00,Zone_09,35.0,42,20.7,1,2,14,medium,0
2024-06-05 15:00:00,Zone_17,38.0,46,12.7,0,2,15,medium,0
2024-06-05 16:00:00,Zone_17,43.0,41,23.4,0,2,16,high,0
2024-06-05 17:00:00,Zone_12,98.0,90,21.3,0,2,17,low,0
2024-06-05 18:00:00,Zone_07,97.0,103,9.7,1,2,18,low,0
2024-06-05 19:00:00,Zone_03,110.0,103,22.7,0,2,19,low,0
2024-06-05 20:00:00,Zone_10,33.0,29,29.9,0,2,20,medium,0
2024-06-05 21:00:00,Zone_02,19.0,11,20.1,0,2,21,low,0
2024-06-05 22:00:00,Zone_03,43.0,41,5.5,1,2,22,high,0
2024-06-05 23:00:00,Zone_16,38.0,41,24.7,0,2,23,medium,0
2024-06-06 00:00:00,Zone_02,104.0,105,26.8,1,3,0,high,1
2024-06-06 01:00:00,Zone_10,16.0,11,17.3,0,3,1,low,0
2024-06-06 02:00:00,Zone_06,68.0,67,17.4,0,3,2,low,1
2024-06-06 03:00:00,Zone_11,1.0,4,40.1,0,3,3,low,0
2024-06-06 04:00:00,Zone_07,5.0,12,16.7,1,3,4,low,0
2024-06-06 05:00:00,Zone_15,14.0,6,13.0,0,3,5,medium,0
2024-06-06 06:00:00,Zone_06,41.0,46,22.2,0,3,6,high,0
2024-06-06 07:00:00,Zone_20,84.0,84,26.6,0,3,7,medium,0
2024-06-06 08:00:00,Zone_09,88.0,90,26.3,1,3,8,medium,0
2024-06-06 09:00:00,Zone_20,57.0,55,2.3,0,3,9,medium,0
2024-06-06 10:00:00,Zone_12,18.0,21,16.7,0,3,10,low,0
2024-06-06 11:00:00,Zone_19,18.0,22,31.2,0,3,11,medium,0
2024-06-06 12:00:00,Zone_20,105.0,113,24.6,0,3,12,,1
2024-06-06 13:00:00,Zone_03,46.0,37,12.1,1,3,13,high,0
2024-06-06 14:00:00,Zone_15,39.0,41,31.9,0,3,14,high,0
2024-06-06 15:00:00,Zone_02,37.0,44,29.7,0,3,15,medium,0
2024-06-06 16:00:00,Zone_02,125.0,116,19.6,1,3,16,medium,1
2024-06-06 17:00:00,Zone_03,110.0,102,29.0,0,3,17,,0
2024-06-06 18:00:00,Zone_06,81.0,84,38.0,0,3,18,medium,0
2024-06-06 19:00:00,Zone_15,203.0,193,13.6,0,3,19,high,1
2024-06-06 20:00:00,Zone_10,45.0,46,26.4,0,3,20,high,0
2024-06-06 21:00:00,Zone_09,19.0,13,37.9,1,3,21,low,0
2024-06-06 22:00:00,Zone_01,33.0,41,27.2,1,3,22,low,0
2024-06-06 23:00:00,Zone_16,28.0,37,16.0,1,3,23,medium,0
2024-06-07 00:00:00,Zone_06,22.0,20,23.9,1,4,0,high,0
2024-06-07 01:00:00,Zone_09,96.0,92,33.0,0,4,1,high,1
2024-06-07 02:00:00,Zone_04,92.0,84,13.9,0,4,2,medium,1
2024-06-07 03:00:00,Zone_02,30.0,26,21.8,0,4,3,high,0
2024-06-07 04:00:00,Zone_04,11.0,15,20.1,1,4,4,high,0
2024-06-07 05:00:00,Zone_01,94.0,94,16.9,1,4,5,low,1
2024-06-07 06:00:00,Zone_19,45.0,44,23.9,0,4,6,high,0
2024-06-07 07:00:00,Zone_10,78.0,68,21.2,0,4,7,low,0
2024-06-07 08:00:00,Zone_15,111.0,109,27.1,0,4,8,low,0
2024-06-07 09:00:00,Zone_19,103.0,95,31.1,0,4,9,low,0
2024-06-07 10:00:00,Zone_16,26.0,21,11.8,0,4,10,medium,0
2024-06-07 11:00:00,Zone_04,109.0,116,22.5,0,4,11,,1
2024-06-07 12:00:00,Zone_02,29.0,22,21.6,1,4,12,medium,0
2024-06-07 13:00:00,Zone_13,117.0,125,23.6,0,4,13,low,1
2024-06-07 14:00:00,Zone_01,32.0,27,21.9,1,4,14,low,0
2024-06-07 15:00:00,Zone_17,37.0,27,14.2,0,4,15,medium,0
2024-06-07 16:00:00,Zone_13,26.0,19,33.6,0,4,16,medium,0
2024-06-07 17:00:00,Zone_04,95.0,85,37.0,0,4,17,medium,0
2024-06-07 18:00:00,Zone_07,97.0,103,26.4,0,4,18,low,0
2024-06-07 19:00:00,Zone_17,234.0,227,26.8,0,4,19,high,1
2024-06-07 20:00:00,Zone_09,37.0,33,23.0,0,4,20,high,0
2024-06-07 21:00:00,Zone_04,26.0,23,,1,4,21,medium,0
2024-06-07 22:00:00,Zone_19,7.0,1,2.5,0,4,22,medium,0
2024-06-07 23:00:00,Zone_01,57.0,58,22.0,0,4,23,high,0
2024-06-08 00:00:00,Zone_10,128.0,136,17.4,1,5,0,medium,1
2024-06-08 01:00:00,Zone_04,11.0,10,23.2,0,5,1,medium,0
2024-06-08 02:00:00,Zone_09,124.0,133,30.7,0,5,2,medium,1
2024-06-08 03:00:00,Zone_13,3.0,1,22.2,0,5,3,low,0
2024-06-08 04:00:00,Zone_14,9.0,16,19.1,1,5,4,medium,0
2024-06-08 05:00:00,Zone_10,94.0,89,10.8,1,5,5,high,1
2024-06-08 06:00:00,Zone_06,134.0,141,21.1,1,5,6,low,1
2024-06-08 07:00:00,Zone_16,166.0,160,,1,5,7,high,1
2024-06-08 08:00:00,Zone_06,98.0,98,15.3,1,5,8,medium,0
2024-06-08 09:00:00,Zone_17,160.0,156,6.0,0,5,9,medium,1
2024-06-08 10:00:00,Zone_10,19.0,17,40.2,0,5,10,medium,0
2024-06-08 11:00:00,Zone_18,23.0,15,24.7,0,5,11,medium,0
2024-06-08 12:00:00,Zone_18,49.0,57,20.2,0,5,12,high,0
2024-06-08 13:00:00,Zone_03,25.0,26,33.1,0,5,13,medium,0
2024-06-08 14:00:00,Zone_20,33.0,40,23.1,0,5,14,high,0
2024-06-08 15:00:00,Zone_15,27.0,31,32.7,0,5,15,medium,0
2024-06-08 16:00:00,Zone_15,128.0,137,32.0,0,5,16,medium,1
2024-06-08 17:00:00,Zone_04,198.0,192,11.8,0,5,17,high,1
2024-06-08 18:00:00,Zone_09,173.0,170,25.7,1,5,18,low,1
2024-06-08 19:00:00,Zone_19,84.0,85,35.8,1,5,19,medium,0
2024-06-08 20:00:00,Zone_17,24.0,30,14.0,1,5,20,low,0
2024-06-08 21:00:00,Zone_11,48.0,56,14.1,0,5,21,high,0
2024-06-08 22:00:00,Zone_09,51.0,54,15.5,0,5,22,medium,0
2024-06-08 23:00:00,Zone_10,147.0,152,29.1,0,5,23,high,1
2024-06-09 00:00:00,Zone_18,20.0,24,24.3,1,6,0,high,0
2024-06-09 01:00:00,Zone_20,4.0,1,6.5,0,6,1,low,0
2024-06-09 02:00:00,Zone_13,71.0,78,24.7,0,6,2,low,1
2024-06-09 03:00:00,Zone_08,7.0,4,20.0,0,6,3,medium,0
2024-06-09 04:00:00,Zone_07,85.0,79,21.1,1,6,4,medium,1
2024-06-09 05:00:00,Zone_17,18.0,24,15.3,1,6,5,low,0
2024-06-09 06:00:00,Zone_15,20.0,17,24.8,1,6,6,low,0
2024-06-09 07:00:00,Zone_20,211.0,213,30.4,0,6,7,medium,1
2024-06-09 08:00:00,Zone_15,167.0,165,16.9,0,6,8,low,1
2024-06-09 09:00:00,Zone_01,116.0,119,8.5,1,6,9,high,0
2024-06-09 10:00:00,Zone_14,50.0,56,19.6,0,6,10,high,0
2024-06-09 11:00:00,Zone_05,44.0,39,28.1,1,6,11,high,0
2024-06-09 12:00:00,Zone_11,18.0,14,18.6,0,6,12,low,0
2024-06-09 13:00:00,Zone_16,14.0,4,10.0,1,6,13,low,0
2024-06-09 14:00:00,Zone_02,38.0,31,28.1,0,6,14,medium,0
2024-06-09 15:00:00,Zone_08,42.0,51,33.3,1,6,15,high,0
2024-06-09 16:00:00,Zone_11,11.0,11,22.2,0,6,16,low,0
2024-06-09 17:00:00,Zone_18,154.0,153,,0,6,17,low,1
2024-06-09 18:00:00,Zone_03,95.0,97,19.5,0,6,18,low,0
2024-06-09 19:00:00,Zone_01,116.0,125,23.2,0,6,19,medium,0
2024-06-09 20:00:00,Zone_11,25.0,27,15.5,0,6,20,medium,0
2024-06-09 21:00:00,Zone_16,23.0,18,26.7,0,6,21,low,0
2024-06-09 22:00:00,Zone_18,45.0,52,14.7,1,6,22,medium,0
2024-06-09 23:00:00,Zone_16,149.0,150,22.2,1,6,23,medium,1
2024-06-10 00:00:00,Zone_10,5.0,1,20.2,0,0,0,medium,0
2024-06-10 01:00:00,Zone_18,12.0,7,26.9,0,0,1,medium,0
2024-06-10 02:00:00,Zone_06,17.0,13,21.9,1,0,2,,0
2024-06-10 03:00:00,Zone_19,9.0,1,20.4,1,0,3,medium,0
2024-06-10 04:00:00,Zone_04,8.0,8,15.6,1,0,4,medium,0
2024-06-10 05:00:00,Zone_13,26.0,24,22.3,0,0,5,high,0
2024-06-10 06:00:00,Zone_14,47.0,50,19.9,0,0,6,high,0
2024-06-10 07:00:00,Zone_03,73.0,73,15.0,1,0,7,medium,0
2024-06-10 08:00:00,Zone_10,107.0,102,23.3,0,0,8,low,0
2024-06-10 09:00:00,Zone_06,96.0,104,24.9,0,0,9,high,0
2024-06-10 10:00:00,Zone_01,26.0,30,19.3,0,0,10,low,0
2024-06-10 11:00:00,Zone_14,134.0,137,29.5,0,0,11,high,1
2024-06-10 12:00:00,Zone_08,19.0,20,24.1,1,0,12,low,0
2024-06-10 13:00:00,Zone_19,141.0,143,11.7,0,0,13,high,1
2024-06-10 14:00:00,Zone_14,122.0,116,32.7,0,0,14,medium,1
2024-06-10 15:00:00,Zone_10,46.0,47,28.1,0,0,15,high,0
2024-06-10 16:00:00,Zone_17,114.0,120,30.0,0,0,16,medium,1
2024-06-10 17:00:00,Zone_09,131.0,139,25.2,1,0,17,high,0
2024-06-10 18:00:00,Zone_06,76.0,68,3.3,0,0,18,low,0
2024-06-10 19:00:00,Zone_11,70.0,77,30.7,0,0,19,low,0
2024-06-10 20:00:00,Zone_07,25.0,32,22.5,0,0,20,low,0
2024-06-10 21:00:00,Zone_17,45.0,43,24.8,0,0,21,high,0
2024-06-10 22:00:00,Zone_01,29.0,21,26.3,0,0,22,medium,0
2024-06-10 23:00:00,Zone_05,27.0,27,37.5,0,0,23,medium,0
2024-06-11 00:00:00,Zone_09,20.0,29,17.6,0,1,0,medium,0
2024-06-11 01:00:00,Zone_18,18.0,23,17.8,0,1,1,high,0
2024-06-11 02:00:00,Zone_02,136.0,140,15.2,1,1,2,medium,1
2024-06-11 03:00:00,Zone_11,9.0,4,13.4,0,1,3,medium,0
2024-06-11 04:00:00,Zone_06,1.0,1,13.6,0,1,4,medium,0
2024-06-11 05:00:00,Zone_08,22.0,12,7.2,0,1,5,high,0
2024-06-11 06:00:00,Zone_04,26.0,29,25.4,1,1,6,low,0
2024-06-11 07:00:00,Zone_18,64.0,72,37.9,1,1,7,low,0
2024-06-11 08:00:00,Zone_11,69.0,61,38.4,0,1,8,low,0
2024-06-11 09:00:00,Zone_05,143.0,141,15.2,0,1,9,medium,1
2024-06-11 10:00:00,Zone_15,133.0,131,19.8,0,1,10,medium,1
2024-06-11 11:00:00,Zone_18,25.0,19,31.9,0,1,11,medium,0
2024-06-11 12:00:00,Zone_02,46.0,41,25.5,0,1,12,high,0
2024-06-11 13:00:00,Zone_11,21.0,22,23.1,0,1,13,low,0
2024-06-11 14:00:00,Zone_13,40.0,36,19.9,0,1,14,high,0
2024-06-11 15:00:00,Zone_04,35.0,31,31.4,0,1,15,medium,0
2024-06-11 16:00:00,Zone_07,29.0,38,13.4,0,1,16,low,0
2024-06-11 17:00:00,Zone_11,96.0,95,25.8,0,1,17,medium,0
2024-06-11 18:00:00,Zone_04,184.0,189,24.8,0,1,18,high,1
2024-06-11 19:00:00,Zone_15,124.0,130,22.3,0,1,19,low,0
2024-06-11 20:00:00,Zone_01,30.0,32,28.3,0,1,20,medium,0
2024-06-11 21:00:00,Zone_03,31.0,25,22.3,0,1,21,low,0
2024-06-11 22:00:00,Zone_14,11.0,14,17.7,1,1,22,low,0
2024-06-11 23:00:00,Zone_06,110.0,108,22.7,0,1,23,medium,1
2024-06-12 00:00:00,Zone_18,114.0,117,9.3,0,2,0,high,1
2024-06-12 01:00:00,Zone_01,3.0,1,26.9,0,2,1,medium,0
2024-06-12 02:00:00,Zone_06,13.0,22,28.9,1,2,2,medium,0
2024-06-12 03:00:00,Zone_06,22.0,21,16.7,1,2,3,high,0
2024-06-12 04:00:00,Zone_16,8.0,6,14.8,0,2,4,low,0
2024-06-12 05:00:00,Zone_05,136.0,132,17.0,0,2,5,high,1
2024-06-12 06:00:00,Zone_17,17.0,16,21.5,0,2,6,medium,0
2024-06-12 07:00:00,Zone_10,176.0,175,23.7,0,2,7,high,1
2024-06-12 08:00:00,Zone_18,206.0,203,,0,2,8,high,1
2024-06-12 09:00:00,Zone_07,143.0,149,33.9,0,2,9,high,0
2024-06-12 10:00:00,Zone_03,,25,28.7,0,2,10,low,0
2024-06-12 11:00:00,Zone_13,27.0,22,23.0,0,2,11,medium,0
2024-06-12 12:00:00,Zone_15,42.0,51,14.6,0,2,12,medium,0
2024-06-12 13:00:00,Zone_20,105.0,113,35.4,1,2,13,medium,1
2024-06-12 14:00:00,Zone_19,104.0,106,20.0,0,2,14,medium,1
2024-06-12 15:00:00,Zone_03,27.0,21,24.3,0,2,15,low,0
2024-06-12 16:00:00,Zone_04,26.0,19,27.0,0,2,16,low,0
2024-06-12 17:00:00,Zone_05,210.0,211,22.5,0,2,17,low,1
2024-06-12 18:00:00,Zone_01,120.0,124,31.2,0,2,18,high,0
2024-06-12 19:00:00,Zone_04,113.0,104,25.6,1,2,19,high,0
2024-06-12 20:00:00,Zone_12,108.0,112,29.9,1,2,20,low,1
2024-06-12 21:00:00,Zone_10,51.0,59,25.6,0,2,21,high,0
2024-06-12 22:00:00,Zone_20,20.0,17,21.7,0,2,22,low,0
2024-06-12 23:00:00,Zone_13,133.0,137,22.6,0,2,23,medium,1
2024-06-13 00:00:00,Zone_14,1.0,1,21.5,0,3,0,low,0
2024-06-13 01:00:00,Zone_05,148.0,150,11.7,0,3,1,high,1
2024-06-13 02:00:00,Zone_04,113.0,121,,0,3,2,medium,1
2024-06-13 03:00:00,Zone_14,109.0,99,27.9,0,3,3,medium,1
2024-06-13 04:00:00,Zone_10,11.0,11,11.9,0,3,4,medium,0
2024-06-13 05:00:00,Zone_17,85.0,92,18.8,0,3,5,,1
2024-06-13 06:00:00,Zone_10,,144,13.6,1,3,6,medium,1
2024-06-13 07:00:00,Zone_07,104.0,111,18.3,0,3,7,medium,0
2024-06-13 08:00:00,Zone_16,159.0,167,20.8,1,3,8,low,1
2024-06-13 09:00:00,Zone_01,119.0,115,18.8,0,3,9,high,0
2024-06-13 10:00:00,Zone_17,25.0,19,10.6,0,3,10,medium,0
2024-06-13 11:00:00,Zone_09,131.0,134,20.5,0,3,11,low,1
2024-06-13 12:00:00,Zone_06,11.0,11,14.3,0,3,12,low,0
2024-06-13 13:00:00,Zone_19,126.0,126,16.9,0,3,13,,1
2024-06-13 14:00:00,Zone_13,76.0,67,27.9,0,3,14,low,1
2024-06-13 15:00:00,Zone_03,38.0,36,29.6,1,3,15,medium,0
2024-06-13 16:00:00,Zone_07,29.0,19,11.5,0,3,16,low,0
2024-06-13 17:00:00,Zone_09,116.0,120,34.5,0,3,17,medium,0
2024-06-13 18:00:00,Zone_05,108.0,105,17.9,1,3,18,medium,0
2024-06-13 19:00:00,Zone_10,110.0,101,17.2,1,3,19,low,0
2024-06-13 20:00:00,Zone_17,48.0,43,14.9,0,3,20,high,0
2024-06-13 21:00:00,Zone_12,143.0,134,22.4,1,3,21,low,1
2024-06-13 22:00:00,Zone_16,16.0,22,37.9,0,3,22,medium,0
2024-06-13 23:00:00,Zone_03,32.0,28,9.7,0,3,23,medium,0
2024-06-14 00:00:00,Zone_09,8.0,1,5.5,0,4,0,low,0
2024-06-14 01:00:00,Zone_15,127.0,135,24.1,0,4,1,low,1
2024-06-14 02:00:00,Zone_05,7.0,8,26.6,0,4,2,low,0
2024-06-14 03:00:00,Zone_13,24.0,31,22.4,0,4,3,high,0
2024-06-14 04:00:00,Zone_14,13.0,10,26.8,0,4,4,high,0
2024-06-14 05:00:00,Zone_20,13.0,14,12.9,0,4,5,medium,0
2024-06-14 06:00:00,Zone_15,29.0,19,14.4,1,4,6,medium,0
2024-06-14 07:00:00,Zone_16,88.0,78,23.0,0,4,7,medium,0
2024-06-14 08:00:00,Zone_13,,57,36.1,0,4,8,low,0
2024-06-14 09:00:00,Zone_17,179.0,171,26.5,0,4,9,low,1
2024-06-14 10:00:00,Zone_08,26.0,25,26.9,0,4,10,low,0
2024-06-14 11:00:00,Zone_02,125.0,118,13.4,0,4,11,medium,1
2024-06-14 12:00:00,Zone_05,19.0,20,25.4,0,4,12,low,0
2024-06-14 13:00:00,Zone_06,95.0,98,12.5,0,4,13,low,1
2024-06-14 14:00:00,Zone_12,28.0,25,36.1,0,4,14,low,0
2024-06-14 15:00:00,Zone_18,26.0,22,13.9,0,4,15,medium,0
2024-06-14 16:00:00,Zone_01,26.0,16,15.6,0,4,16,medium,0
2024-06-14 17:00:00,Zone_17,113.0,119,10.2,1,4,17,low,0
2024-06-14 18:00:00,Zone_11,77.0,81,22.7,0,4,18,low,0
2024-06-14 19:00:00,Zone_10,181.0,185,22.4,0,4,19,low,1
2024-06-14 20:00:00,Zone_19,15.0,9,34.1,1,4,20,low,0
2024-06-14 21:00:00,Zone_14,13.0,3,28.2,1,4,21,low,0
2024-06-14 22:00:00,Zone_10,23.0,31,15.7,0,4,22,low,0
2024-06-14 23:00:00,Zone_15,28.0,18,29.0,0,4,23,medium,0
2024-06-15 00:00:00,Zone_19,10.0,1,12.1,1,5,0,medium,0
2024-06-15 01:00:00,Zone_04,65.0,65,16.3,0,5,1,low,1
2024-06-15 02:00:00,Zone_02,13.0,14,22.9,0,5,2,low,0
2024-06-15 03:00:00,Zone_09,14.0,14,12.9,0,5,3,low,0
2024-06-15 04:00:00,Zone_10,6.0,3,30.5,0,5,4,low,0
2024-06-15 05:00:00,Zone_11,16.0,25,40.2,0,5,5,high,0
2024-06-15 06:00:00,Zone_14,49.0,42,19.6,0,5,6,high,0
2024-06-15 07:00:00,Zone_07,76.0,67,16.8,0,5,7,low,0
2024-06-15 08:00:00,Zone_15,176.0,174,,0,5,8,medium,1
2024-06-15 09:00:00,Zone_19,67.0,69,17.5,1,5,9,low,0
2024-06-15 10:00:00,Zone_15,22.0,21,24.1,1,5,10,low,0
2024-06-15 11:00:00,Zone_08,27.0,25,11.4,1,5,11,,0
2024-06-15 12:00:00,Zone_11,14.0,16,24.5,1,5,12,low,0
2024-06-15 13:00:00,Zone_09,139.0,131,37.3,0,5,13,medium,1
2024-06-15 14:00:00,Zone_15,31.0,37,6.0,1,5,14,medium,0
2024-06-15 15:00:00,Zone_01,31.0,38,12.7,0,5,15,medium,0
2024-06-15 16:00:00,Zone_01,41.0,38,18.4,0,5,16,high,0
2024-06-15 17:00:00,Zone_19,112.0,114,26.3,0,5,17,high,0
2024-06-15 18:00:00,Zone_03,113.0,120,29.1,0,5,18,high,0
2024-06-15 19:00:00,Zone_10,178.0,183,28.5,0,5,19,medium,1
2024-06-15 20:00:00,Zone_08,28.0,31,8.5,0,5,20,low,0
2024-06-15 21:00:00,Zone_15,29.0,31,16.6,0,5,21,medium,0
2024-06-15 22:00:00,Zone_10,207.0,200,14.8,1,5,22,high,1
2024-06-15 23:00:00,Zone_01,56.0,46,21.5,0,5,23,medium,0
2024-06-16 00:00:00,Zone_18,21.0,11,22.1,0,6,0,high,0
2024-06-16 01:00:00,Zone_02,9.0,4,11.0,1,6,1,low,0
2024-06-16 02:00:00,Zone_19,1.0,5,18.5,0,6,2,low,0
2024-06-16 03:00:00,Zone_13,111.0,115,26.6,0,6,3,low,1
2024-06-16 04:00:00,Zone_01,6.0,2,17.0,0,6,4,medium,0
2024-06-16 05:00:00,Zone_02,28.0,26,20.4,0,6,5,high,0
2024-06-16 06:00:00,Zone_16,15.0,17,35.6,0,6,6,low,0
2024-06-16 07:00:00,Zone_15,199.0,194,37.9,1,6,7,high,1
2024-06-16 08:00:00,Zone_13,88.0,87,4.7,0,6,8,medium,0
2024-06-16 09:00:00,Zone_16,72.0,73,22.9,0,6,9,medium,0
2024-06-16 10:00:00,Zone_17,38.0,30,45.0,0,6,10,high,0
2024-06-16 11:00:00,Zone_07,19.0,23,25.8,0,6,11,low,0
2024-06-16 12:00:00,Zone_17,52.0,61,22.1,0,6,12,high,0
2024-06-16 13:00:00,Zone_07,125.0,125,32.5,0,6,13,low,1
2024-06-16 14:00:00,Zone_13,20.0,28,23.7,0,6,14,low,0
2024-06-16 15:00:00,Zone_05,23.0,22,27.7,1,6,15,medium,0
2024-06-16 16:00:00,Zone_17,41.0,39,20.3,0,6,16,high,0
2024-06-16 17:00:00,Zone_03,,102,23.6,0,6,17,medium,0
2024-06-16 18:00:00,Zone_07,113.0,118,25.4,0,6,18,medium,0
2024-06-16 19:00:00,Zone_17,120.0,124,28.9,0,6,19,high,0
2024-06-16 20:00:00,Zone_07,143.0,149,18.5,0,6,20,low,1
2024-06-16 21:00:00,Zone_01,129.0,138,18.3,0,6,21,high,1
2024-06-16 22:00:00,Zone_17,38.0,44,6.6,1,6,22,medium,0
2024-06-16 23:00:00,Zone_17,57.0,50,18.9,0,6,23,low,0
2024-06-17 00:00:00,Zone_11,14.0,4,29.6,0,0,0,medium,0
2024-06-17 01:00:00,Zone_03,6.0,9,25.7,0,0,1,low,0
2024-06-17 02:00:00,Zone_15,104.0,107,14.0,0,0,2,low,1
2024-06-17 03:00:00,Zone_11,5.0,9,6.8,1,0,3,low,0
2024-06-17 04:00:00,Zone_16,88.0,82,20.9,0,0,4,low,1
2024-06-17 05:00:00,Zone_09,12.0,16,29.4,0,0,5,medium,0
2024-06-17 06:00:00,Zone_01,13.0,22,18.2,0,0,6,medium,0
2024-06-17 07:00:00,Zone_16,160.0,161,10.4,0,0,7,medium,1
2024-06-17 08:00:00,Zone_09,65.0,69,17.3,1,0,8,low,0
2024-06-17 09:00:00,Zone_19,102.0,93,24.6,0,0,9,high,0
2024-06-17 10:00:00,Zone_12,26.0,31,31.9,1,0,10,low,0
2024-06-17 11:00:00,Zone_19,37.0,33,19.9,0,0,11,medium,0
2024-06-17 12:00:00,Zone_09,25.0,15,30.4,1,0,12,low,0
2024-06-17 13:00:00,Zone_07,28.0,36,29.6,0,0,13,medium,0
2024-06-17 14:00:00,Zone_14,23.0,19,12.6,0,0,14,low,0
2024-06-17 15:00:00,Zone_19,41.0,40,32.0,0,0,15,high,0
2024-06-17 16:00:00,Zone_19,43.0,50,24.4,0,0,16,high,0
2024-06-17 17:00:00,Zone_02,110.0,107,12.3,0,0,17,medium,0
2024-06-17 18:00:00,Zone_09,101.0,96,36.1,0,0,18,low,0
2024-06-17 19:00:00,Zone_13,105.0,95,21.0,0,0,19,low,0
2024-06-17 20:00:00,Zone_15,48.0,50,6.5,0,0,20,high,0
2024-06-17 21:00:00,Zone_03,132.0,129,16.3,0,0,21,medium,1
2024-06-17 22:00:00,Zone_11,51.0,44,14.4,0,0,22,high,0
2024-06-17 23:00:00,Zone_14,26.0,20,16.5,0,0,23,medium,0
2024-06-18 00:00:00,Zone_08,86.0,90,18.4,1,1,0,high,1
2024-06-18 01:00:00,Zone_18,25.0,19,,0,1,1,high,0
2024-06-18 02:00:00,Zone_19,14.0,14,19.6,1,1,2,medium,0
2024-06-18 03:00:00,Zone_16,4.0,3,21.2,0,1,3,low,0
2024-06-18 04:00:00,Zone_02,11.0,9,26.7,0,1,4,medium,0
2024-06-18 05:00:00,Zone_08,35.0,32,16.0,0,1,5,high,0
2024-06-18 06:00:00,Zone_06,49.0,40,31.4,1,1,6,high,0
2024-06-18 07:00:00,Zone_12,81.0,86,12.2,1,1,7,low,0
2024-06-18 08:00:00,Zone_15,102.0,94,26.9,1,1,8,medium,0
2024-06-18 09:00:00,Zone_08,80.0,87,35.1,0,1,9,high,0
2024-06-18 10:00:00,Zone_04,38.0,45,20.6,0,1,10,medium,0
2024-06-18 11:00:00,Zone_15,35.0,34,23.5,1,1,11,high,0
2024-06-18 12:00:00,Zone_20,50.0,57,14.3,0,1,12,high,0
2024-06-18 13:00:00,Zone_17,51.0,43,,0,1,13,high,0
2024-06-18 14:00:00,Zone_13,20.0,29,34.5,0,1,14,low,0
2024-06-18 15:00:00,Zone_18,28.0,18,28.0,0,1,15,low,0
2024-06-18 16:00:00,Zone_02,27.0,26,25.3,0,1,16,low,0
2024-06-18 17:00:00,Zone_13,104.0,101,6.5,1,1,17,high,0
2024-06-18 18:00:00,Zone_13,88.0,85,16.3,1,1,18,medium,0
2024-06-18 19:00:00,Zone_15,71.0,80,35.9,0,1,19,low,0
2024-06-18 20:00:00,Zone_20,39.0,45,,0,1,20,low,0
2024-06-18 21:00:00,Zone_10,126.0,130,26.3,0,1,21,medium,1
2024-06-18 22:00:00,Zone_03,140.0,140,23.4,0,1,22,high,1
2024-06-18 23:00:00,Zone_19,26.0,31,17.1,0,1,23,medium,0
2024-06-19 00:00:00,Zone_03,9.0,14,24.7,0,2,0,medium,0
2024-06-19 01:00:00,Zone_14,1.0,1,9.8,0,2,1,low,0
2024-06-19 02:00:00,Zone_08,23.0,32,9.2,1,2,2,high,0
2024-06-19 03:00:00,Zone_04,103.0,93,16.1,0,2,3,low,1
2024-06-19 04:00:00,Zone_20,5.0,8,23.5,0,2,4,medium,0
2024-06-19 05:00:00,Zone_11,1.0,4,9.4,0,2,5,low,0
2024-06-19 06:00:00,Zone_11,36.0,29,23.0,0,2,6,low,0
2024-06-19 07:00:00,Zone_11,89.0,86,14.0,1,2,7,low,0
2024-06-19 08:00:00,Zone_02,98.0,103,15.1,0,2,8,medium,0
2024-06-19 09:00:00,Zone_17,75.0,72,32.4,0,2,9,medium,0
2024-06-19 10:00:00,Zone_09,79.0,83,22.3,1,2,10,low,1
2024-06-19 11:00:00,Zone_02,14.0,21,14.8,0,2,11,low,0
2024-06-19 12:00:00,Zone_15,44.0,46,23.5,0,2,12,high,0
2024-06-19 13:00:00,Zone_16,18.0,17,10.2,0,2,13,low,0
2024-06-19 14:00:00,Zone_04,11.0,6,25.1,0,2,14,low,0
2024-06-19 15:00:00,Zone_08,154.0,162,30.9,0,2,15,medium,1
2024-06-19 16:00:00,Zone_09,50.0,40,27.3,1,2,16,high,0
2024-06-19 17:00:00,Zone_05,200.0,191,39.3,0,2,17,low,1
2024-06-19 18:00:00,Zone_16,112.0,108,6.5,0,2,18,high,0
2024-06-19 19:00:00,Zone_13,195.0,196,23.0,0,2,19,medium,1
2024-06-19 20:00:00,Zone_07,119.0,116,,1,2,20,medium,1
2024-06-19 21:00:00,Zone_20,79.0,81,20.6,1,2,21,low,1
2024-06-19 22:00:00,Zone_17,32.0,22,22.0,0,2,22,medium,0
2024-06-19 23:00:00,Zone_03,32.0,39,40.2,0,2,23,low,0
2024-06-20 00:00:00,Zone_05,9.0,6,21.5,0,3,0,medium,0
2024-06-20 01:00:00,Zone_19,5.0,6,21.4,0,3,1,low,0
2024-06-20 02:00:00,Zone_12,19.0,27,30.0,0,3,2,medium,0
2024-06-20 03:00:00,Zone_07,26.0,27,21.6,0,3,3,high,0
2024-06-20 04:00:00,Zone_09,75.0,66,36.6,0,3,4,medium,1
2024-06-20 05:00:00,Zone_06,6.0,10,27.4,0,3,5,low,0
2024-06-20 06:00:00,Zone_17,34.0,34,28.6,1,3,6,medium,0
2024-06-20 07:00:00,Zone_16,76.0,84,7.1,0,3,7,medium,0
2024-06-20 08:00:00,Zone_03,63.0,53,37.9,0,3,8,low,0
2024-06-20 09:00:00,Zone_04,217.0,209,16.7,1,3,9,medium,1
2024-06-20 10:00:00,Zone_10,130.0,120,21.9,0,3,10,low,1
2024-06-20 11:00:00,Zone_05,32.0,30,16.8,0,3,11,medium,0
2024-06-20 12:00:00,Zone_10,169.0,172,13.8,0,3,12,high,1
2024-06-20 13:00:00,Zone_12,33.0,38,12.4,0,3,13,low,0
2024-06-20 14:00:00,Zone_10,29.0,21,22.8,0,3,14,low,0
2024-06-20 15:00:00,Zone_13,38.0,36,6.2,0,3,15,low,0
2024-06-20 16:00:00,Zone_11,166.0,172,20.1,1,3,16,high,1
2024-06-20 17:00:00,Zone_16,71.0,77,30.5,0,3,17,medium,0
2024-06-20 18:00:00,Zone_08,84.0,77,27.1,0,3,18,low,0
2024-06-20 19:00:00,Zone_08,84.0,85,25.5,0,3,19,medium,0
2024-06-20 20:00:00,Zone_08,35.0,38,14.8,1,3,20,low,0
2024-06-20 21:00:00,Zone_13,25.0,28,9.3,0,3,21,medium,0
2024-06-20 22:00:00,Zone_02,138.0,141,30.3,0,3,22,medium,1
2024-06-20 23:00:00,Zone_12,48.0,53,18.4,1,3,23,high,0
2024-06-21 00:00:00,Zone_10,114.0,112,21.3,1,4,0,low,1
2024-06-21 01:00:00,Zone_12,16.0,7,20.4,0,4,1,medium,0
2024-06-21 02:00:00,Zone_11,11.0,5,27.4,1,4,2,medium,0
2024-06-21 03:00:00,Zone_15,24.0,18,36.7,1,4,3,high,0
2024-06-21 04:00:00,Zone_16,8.0,15,33.7,1,4,4,medium,0
2024-06-21 05:00:00,Zone_17,1.0,1,3.3,1,4,5,medium,0
2024-06-21 06:00:00,Zone_02,117.0,115,19.5,1,4,6,low,1
2024-06-21 07:00:00,Zone_18,71.0,69,11.2,1,4,7,medium,0
2024-06-21 08:00:00,Zone_12,124.0,125,29.5,1,4,8,high,0
2024-06-21 09:00:00,Zone_19,199.0,192,22.0,0,4,9,high,1
2024-06-21 10:00:00,Zone_18,31.0,23,26.8,1,4,10,medium,0
2024-06-21 11:00:00,Zone_17,34.0,28,18.8,0,4,11,medium,0
2024-06-21 12:00:00,Zone_06,50.0,46,13.7,0,4,12,high,0
2024-06-21 13:00:00,Zone_15,19.0,22,15.1,1,4,13,low,0
2024-06-21 14:00:00,Zone_03,33.0,27,9.7,0,4,14,low,0
2024-06-21 15:00:00,Zone_06,19.0,9,11.9,0,4,15,medium,0
2024-06-21 16:00:00,Zone_03,42.0,47,10.2,0,4,16,low,0
2024-06-21 17:00:00,Zone_01,131.0,139,13.7,0,4,17,high,0
2024-06-21 18:00:00,Zone_13,93.0,84,13.3,0,4,18,medium,0
2024-06-21 19:00:00,Zone_14,102.0,109,25.2,0,4,19,medium,0
2024-06-21 20:00:00,Zone_13,22.0,16,24.8,0,4,20,medium,0
2024-06-21 21:00:00,Zone_04,54.0,54,25.1,0,4,21,high,0
2024-06-21 22:00:00,Zone_07,26.0,31,31.4,0,4,22,medium,0
2024-06-21 23:00:00,Zone_10,27.0,25,21.4,0,4,23,low,0
2024-06-22 00:00:00,Zone_07,142.0,147,15.8,0,5,0,high,1
2024-06-22 01:00:00,Zone_15,1.0,1,39.7,1,5,1,low,0
2024-06-22 02:00:00,Zone_15,2.0,1,29.2,0,5,2,low,0
2024-06-22 03:00:00,Zone_04,,18,23.2,0,5,3,medium,0
2024-06-22 04:00:00,Zone_06,1.0,1,22.7,0,5,4,low,0
2024-06-22 05:00:00,Zone_20,32.0,34,24.3,0,5,5,high,0
2024-06-22 06:00:00,Zone_05,27.0,22,20.4,1,5,6,medium,0
2024-06-22 07:00:00,Zone_20,115.0,118,23.0,1,5,7,high,0
2024-06-22 08:00:00,Zone_12,88.0,86,26.0,0,5,8,low,0
2024-06-22 09:00:00,Zone_01,91.0,98,16.2,1,5,9,high,0
2024-06-22 10:00:00,Zone_08,24.0,16,8.9,0,5,10,low,0
2024-06-22 11:00:00,Zone_01,28.0,29,5.4,0,5,11,low,0
2024-06-22 12:00:00,Zone_05,120.0,128,29.1,0,5,12,low,1
2024-06-22 13:00:00,Zone_06,149.0,143,9.3,1,5,13,medium,1
2024-06-22 14:00:00,Zone_03,25.0,28,25.7,0,5,14,low,0
2024-06-22 15:00:00,Zone_15,33.0,30,12.8,0,5,15,medium,0
2024-06-22 16:00:00,Zone_05,31.0,33,12.9,0,5,16,low,0
2024-06-22 17:00:00,Zone_14,112.0,109,16.3,0,5,17,low,0
2024-06-22 18:00:00,Zone_18,105.0,98,23.6,0,5,18,medium,0
2024-06-22 19:00:00,Zone_16,94.0,99,11.7,0,5,19,low,0
2024-06-22 20:00:00,Zone_06,49.0,41,17.1,0,5,20,high,0
2024-06-22 21:00:00,Zone_14,45.0,39,21.8,0,5,21,medium,0
2024-06-22 22:00:00,Zone_08,84.0,87,12.3,0,5,22,high,0
2024-06-22 23:00:00,Zone_07,115.0,119,33.4,0,5,23,,1
2024-06-23 00:00:00,Zone_08,16.0,12,8.2,0,6,0,high,0
2024-06-23 01:00:00,Zone_13,12.0,2,20.3,1,6,1,medium,0
2024-06-23 02:00:00,Zone_06,24.0,23,32.2,0,6,2,high,0
2024-06-23 03:00:00,Zone_18,1.0,1,11.4,1,6,3,low,0
2024-06-23 04:00:00,Zone_02,9.0,6,21.1,1,6,4,medium,0
2024-06-23 05:00:00,Zone_08,86.0,84,23.1,0,6,5,high,1
2024-06-23 06:00:00,Zone_11,18.0,13,15.5,0,6,6,low,0
2024-06-23 07:00:00,Zone_01,76.0,80,21.4,0,6,7,,0
2024-06-23 08:00:00,Zone_06,167.0,169,26.5,0,6,8,high,1
2024-06-23 09:00:00,Zone_16,227.0,225,18.3,0,6,9,medium,1
2024-06-23 10:00:00,Zone_20,14.0,21,28.1,0,6,10,low,0
2024-06-23 11:00:00,Zone_12,18.0,27,25.1,1,6,11,medium,0
2024-06-23 12:00:00,Zone_11,94.0,87,17.3,0,6,12,low,1
2024-06-23 13:00:00,Zone_10,49.0,58,31.0,0,6,13,high,0
2024-06-23 14:00:00,Zone_03,30.0,36,16.1,1,6,14,low,0
2024-06-23 15:00:00,Zone_13,,121,28.8,0,6,15,low,1
2024-06-23 16:00:00,Zone_03,28.0,35,16.2,1,6,16,low,0
2024-06-23 17:00:00,Zone_15,93.0,90,19.5,0,6,17,medium,0
2024-06-23 18:00:00,Zone_16,103.0,102,20.7,0,6,18,high,0
2024-06-23 19:00:00,Zone_13,113.0,119,24.7,0,6,19,low,0
2024-06-23 20:00:00,Zone_17,17.0,14,2.7,0,6,20,low,0
2024-06-23 21:00:00,Zone_03,32.0,40,25.7,1,6,21,medium,0
2024-06-23 22:00:00,Zone_20,209.0,218,21.2,0,6,22,high,1
2024-06-23 23:00:00,Zone_11,50.0,51,24.3,0,6,23,medium,0
2024-06-24 00:00:00,Zone_19,1.0,1,26.0,1,0,0,low,0
2024-06-24 01:00:00,Zone_11,9.0,17,25.2,1,0,1,medium,0
2024-06-24 02:00:00,Zone_16,108.0,117,5.9,0,0,2,low,1
2024-06-24 03:00:00,Zone_03,6.0,1,13.5,0,0,3,medium,0
2024-06-24 04:00:00,Zone_06,,1,24.7,0,0,4,low,0
2024-06-24 05:00:00,Zone_14,,123,23.6,0,0,5,high,1
2024-06-24 06:00:00,Zone_18,50.0,51,15.7,0,0,6,high,0
2024-06-24 07:00:00,Zone_17,121.0,125,27.9,1,0,7,high,0
2024-06-24 08:00:00,Zone_04,164.0,154,19.9,1,0,8,medium,1
2024-06-24 09:00:00,Zone_15,106.0,109,29.1,0,0,9,medium,0
2024-06-24 10:00:00,Zone_11,27.0,17,31.7,1,0,10,low,0
2024-06-24 11:00:00,Zone_03,30.0,28,24.2,0,0,11,medium,0
2024-06-24 12:00:00,Zone_03,161.0,163,26.4,0,0,12,medium,1
2024-06-24 13:00:00,Zone_16,34.0,24,17.1,0,0,13,high,0
2024-06-24 14:00:00,Zone_05,118.0,113,29.1,0,0,14,low,1
2024-06-24 15:00:00,Zone_10,47.0,50,23.7,0,0,15,high,0
2024-06-24 16:00:00,Zone_19,115.0,111,19.6,0,0,16,,1
2024-06-24 17:00:00,Zone_04,109.0,109,,0,0,17,low,0
2024-06-24 18:00:00,Zone_19,85.0,81,18.1,0,0,18,medium,0
2024-06-24 19:00:00,Zone_11,108.0,114,13.1,0,0,19,high,0
2024-06-24 20:00:00,Zone_02,38.0,47,28.1,0,0,20,high,0
2024-06-24 21:00:00,Zone_10,26.0,22,31.8,1,0,21,medium,0
2024-06-24 22:00:00,Zone_11,24.0,31,29.3,0,0,22,low,0
2024-06-24 23:00:00,Zone_20,37.0,42,41.9,0,0,23,high,0
2024-06-25 00:00:00,Zone_16,12.0,7,18.3,0,1,0,medium,0
2024-06-25 01:00:00,Zone_19,91.0,82,26.8,0,1,1,low,1
2024-06-25 02:00:00,Zone_11,1.0,10,12.5,0,1,2,low,0
2024-06-25 03:00:00,Zone_14,8.0,1,20.4,0,1,3,low,0
2024-06-25 04:00:00,Zone_02,129.0,133,10.2,0,1,4,low,1
2024-06-25 05:00:00,Zone_05,31.0,26,26.5,0,1,5,high,0
2024-06-25 06:00:00,Zone_05,24.0,24,19.2,0,1,6,low,0
2024-06-25 07:00:00,Zone_19,99.0,96,5.6,1,1,7,low,0
2024-06-25 08:00:00,Zone_12,189.0,187,16.5,0,1,8,medium,1
2024-06-25 09:00:00,Zone_18,66.0,64,36.3,0,1,9,medium,0
2024-06-25 10:00:00,Zone_04,42.0,45,25.3,0,1,10,low,0
2024-06-25 11:00:00,Zone_17,117.0,119,28.2,1,1,11,low,1
2024-06-25 12:00:00,Zone_10,35.0,39,23.0,0,1,12,low,0
2024-06-25 13:00:00,Zone_20,34.0,37,20.5,1,1,13,medium,0
2024-06-25 14:00:00,Zone_06,98.0,103,22.1,1,1,14,low,1
2024-06-25 15:00:00,Zone_14,88.0,93,24.0,1,1,15,medium,1
2024-06-25 16:00:00,Zone_11,109.0,117,,0,1,16,low,1
2024-06-25 17:00:00,Zone_11,114.0,116,28.1,0,1,17,low,0
2024-06-25 18:00:00,Zone_18,96.0,97,31.0,1,1,18,medium,0
2024-06-25 19:00:00,Zone_18,82.0,80,,0,1,19,low,0
2024-06-25 20:00:00,Zone_11,18.0,11,17.8,0,1,20,low,0
2024-06-25 21:00:00,Zone_12,14.0,11,16.1,0,1,21,low,0
2024-06-25 22:00:00,Zone_05,90.0,91,36.1,0,1,22,low,1
2024-06-25 23:00:00,Zone_09,,22,18.4,0,1,23,medium,0
2024-06-26 00:00:00,Zone_09,3.0,4,27.2,0,2,0,low,0
2024-06-26 01:00:00,Zone_10,142.0,139,20.5,1,2,1,high,1
2024-06-26 02:00:00,Zone_19,31.0,24,20.1,0,2,2,high,0
2024-06-26 03:00:00,Zone_01,25.0,24,15.9,0,2,3,high,0
2024-06-26 04:00:00,Zone_07,6.0,1,14.2,0,2,4,low,0
2024-06-26 05:00:00,Zone_04,21.0,30,27.9,0,2,5,high,0
2024-06-26 06:00:00,Zone_01,18.0,10,14.1,1,2,6,low,0
2024-06-26 07:00:00,Zone_15,67.0,71,25.7,1,2,7,low,0
2024-06-26 08:00:00,Zone_08,177.0,168,22.7,0,2,8,low,1
2024-06-26 09:00:00,Zone_12,92.0,91,28.0,0,2,9,high,0
2024-06-26 10:00:00,Zone_18,75.0,72,17.1,1,2,10,low,1
2024-06-26 11:00:00,Zone_15,44.0,47,30.6,0,2,11,high,0
2024-06-26 12:00:00,Zone_17,18.0,20,20.9,1,2,12,low,0
2024-06-26 13:00:00,Zone_14,44.0,46,42.7,1,2,13,high,0
2024-06-26 14:00:00,Zone_14,39.0,36,9.1,0,2,14,high,0
2024-06-26 15:00:00,Zone_18,25.0,19,41.4,1,2,15,high,0
2024-06-26 16:00:00,Zone_20,24.0,15,21.0,0,2,16,medium,0
2024-06-26 17:00:00,Zone_18,119.0,114,23.8,1,2,17,high,0
2024-06-26 18:00:00,Zone_16,117.0,114,17.2,0,2,18,high,0
2024-06-26 19:00:00,Zone_01,106.0,107,9.4,0,2,19,low,0
2024-06-26 20:00:00,Zone_11,32.0,31,17.8,0,2,20,medium,0
2024-06-26 21:00:00,Zone_15,28.0,35,19.1,0,2,21,medium,0
2024-06-26 22:00:00,Zone_12,25.0,21,23.5,0,2,22,low,0
2024-06-26 23:00:00,Zone_08,53.0,51,31.0,0,2,23,high,0
2024-06-27 00:00:00,Zone_20,1.0,1,23.5,0,3,0,low,0
2024-06-27 01:00:00,Zone_06,18.0,27,23.7,0,3,1,medium,0
2024-06-27 02:00:00,Zone_03,2.0,1,25.1,0,3,2,low,0
2024-06-27 03:00:00,Zone_13,70.0,66,8.0,1,3,3,low,1
2024-06-27 04:00:00,Zone_13,4.0,5,8.7,0,3,4,low,0
2024-06-27 05:00:00,Zone_02,32.0,28,10.0,0,3,5,high,0
2024-06-27 06:00:00,Zone_05,21.0,23,19.0,0,3,6,low,0
2024-06-27 07:00:00,Zone_17,128.0,135,7.0,0,3,7,high,0
2024-06-27 08:00:00,Zone_06,82.0,76,16.5,0,3,8,high,0
2024-06-27 09:00:00,Zone_02,73.0,79,11.1,0,3,9,medium,0
2024-06-27 10:00:00,Zone_04,147.0,151,25.9,0,3,10,low,1
2024-06-27 11:00:00,Zone_11,114.0,105,25.5,0,3,11,low,1
2024-06-27 12:00:00,Zone_08,150.0,144,19.6,0,3,12,medium,1
2024-06-27 13:00:00,Zone_12,141.0,146,6.8,0,3,13,low,1
2024-06-27 14:00:00,Zone_08,25.0,15,20.1,1,3,14,medium,0
2024-06-27 15:00:00,Zone_11,46.0,44,24.6,0,3,15,high,0
2024-06-27 16:00:00,Zone_20,138.0,131,28.5,0,3,16,low,1
2024-06-27 17:00:00,Zone_08,83.0,73,36.0,0,3,17,medium,0
2024-06-27 18:00:00,Zone_08,174.0,174,30.9,0,3,18,high,1
2024-06-27 19:00:00,Zone_17,111.0,105,23.3,0,3,19,high,0
2024-06-27 20:00:00,Zone_20,39.0,38,19.7,0,3,20,high,0
2024-06-27 21:00:00,Zone_20,42.0,40,16.1,0,3,21,high,0
2024-06-27 22:00:00,Zone_16,139.0,135,32.8,0,3,22,low,1
2024-06-27 23:00:00,Zone_14,49.0,57,23.3,0,3,23,high,0
2024-06-28 00:00:00,Zone_11,21.0,22,27.0,0,4,0,high,0
2024-06-28 01:00:00,Zone_07,101.0,108,17.3,1,4,1,medium,1
2024-06-28 02:00:00,Zone_16,1.0,1,12.1,0,4,2,medium,0
2024-06-28 03:00:00,Zone_13,6.0,7,18.8,0,4,3,medium,0
2024-06-28 04:00:00,Zone_15,6.0,1,19.6,1,4,4,low,0
2024-06-28 05:00:00,Zone_16,10.0,2,23.5,0,4,5,low,0
2024-06-28 06:00:00,Zone_09,117.0,123,16.1,0,4,6,medium,1
2024-06-28 07:00:00,Zone_03,76.0,83,22.2,0,4,7,medium,0
2024-06-28 08:00:00,Zone_19,82.0,80,,1,4,8,medium,0
2024-06-28 09:00:00,Zone_20,72.0,75,8.6,0,4,9,low,0
2024-06-28 10:00:00,Zone_05,39.0,41,5.1,0,4,10,high,0
2024-06-28 11:00:00,Zone_10,31.0,25,32.0,0,4,11,low,0
2024-06-28 12:00:00,Zone_17,138.0,142,10.3,1,4,12,low,1
2024-06-28 13:00:00,Zone_15,30.0,24,19.0,0,4,13,medium,0
2024-06-28 14:00:00,Zone_08,39.0,40,26.9,1,4,14,medium,0
2024-06-28 15:00:00,Zone_15,22.0,21,21.5,0,4,15,low,0
2024-06-28 16:00:00,Zone_14,116.0,106,21.4,0,4,16,medium,1
2024-06-28 17:00:00,Zone_20,191.0,183,22.6,0,4,17,high,1
2024-06-28 18:00:00,Zone_07,98.0,106,42.1,0,4,18,medium,0
2024-06-28 19:00:00,Zone_12,73.0,64,36.2,0,4,19,medium,0
2024-06-28 20:00:00,Zone_17,26.0,20,16.5,0,4,20,,0
2024-06-28 21:00:00,Zone_17,20.0,10,30.4,0,4,21,medium,0
2024-06-28 22:00:00,Zone_10,53.0,57,26.0,0,4,22,high,0
2024-06-28 23:00:00,Zone_19,33.0,23,21.8,1,4,23,medium,0
2024-06-29 00:00:00,Zone_14,27.0,36,14.7,0,5,0,high,0
2024-06-29 01:00:00,Zone_11,4.0,2,25.6,0,5,1,medium,0
2024-06-29 02:00:00,Zone_02,113.0,105,19.6,1,5,2,medium,1
2024-06-29 03:00:00,Zone_18,20.0,25,19.0,1,5,3,high,0
2024-06-29 04:00:00,Zone_07,32.0,29,15.9,0,5,4,high,0
2024-06-29 05:00:00,Zone_12,19.0,16,30.0,0,5,5,high,0
2024-06-29 06:00:00,Zone_02,25.0,29,15.9,0,5,6,medium,0
2024-06-29 07:00:00,Zone_20,128.0,129,15.9,0,5,7,high,0
2024-06-29 08:00:00,Zone_18,96.0,102,28.2,0,5,8,medium,0
2024-06-29 09:00:00,Zone_06,116.0,116,20.8,1,5,9,high,0
2024-06-29 10:00:00,Zone_10,25.0,18,21.1,0,5,10,low,0
2024-06-29 11:00:00,Zone_20,27.0,33,30.3,0,5,11,,0
2024-06-29 12:00:00,Zone_15,141.0,141,32.5,0,5,12,high,1
2024-06-29 13:00:00,Zone_05,27.0,24,5.0,0,5,13,low,0
2024-06-29 14:00:00,Zone_20,28.0,36,21.0,0,5,14,medium,0
2024-06-29 15:00:00,Zone_03,150.0,159,10.7,0,5,15,high,1
2024-06-29 16:00:00,Zone_05,23.0,29,18.9,0,5,16,low,0
2024-06-29 17:00:00,Zone_08,103.0,100,21.9,0,5,17,medium,0
2024-06-29 18:00:00,Zone_08,87.0,84,19.2,0,5,18,medium,0
2024-06-29 19:00:00,Zone_08,102.0,98,13.8,1,5,19,medium,0
2024-06-29 20:00:00,Zone_12,28.0,36,13.4,0,5,20,low,0
2024-06-29 21:00:00,Zone_08,29.0,20,27.8,0,5,21,low,0
2024-06-29 22:00:00,Zone_11,66.0,68,34.3,0,5,22,low,0
2024-06-29 23:00:00,Zone_14,43.0,36,5.5,0,5,23,low,0
2024-06-30 00:00:00,Zone_08,1.0,8,19.4,0,6,0,low,0
2024-06-30 01:00:00,Zone_10,11.0,13,27.9,0,6,1,medium,0
2024-06-30 02:00:00,Zone_07,9.0,1,21.7,0,6,2,medium,0
2024-06-30 03:00:00,Zone_17,25.0,17,13.1,0,6,3,high,0
2024-06-30 04:00:00,Zone_04,6.0,1,18.2,0,6,4,,0
2024-06-30 05:00:00,Zone_13,18.0,23,24.4,0,6,5,medium,0
2024-06-30 06:00:00,Zone_04,21.0,11,19.5,1,6,6,low,0
2024-06-30 07:00:00,Zone_05,102.0,107,21.6,0,6,7,high,0
2024-06-30 08:00:00,Zone_04,74.0,80,21.8,0,6,8,medium,0
2024-06-30 09:00:00,Zone_18,93.0,85,17.8,1,6,9,high,0
2024-06-30 10:00:00,Zone_06,18.0,22,28.5,1,6,10,low,0
2024-06-30 11:00:00,Zone_02,35.0,38,18.2,0,6,11,medium,0
2024-06-30 12:00:00,Zone_11,18.0,18,14.0,1,6,12,medium,0
2024-06-30 13:00:00,Zone_14,100.0,102,39.8,0,6,13,high,1
2024-06-30 14:00:00,Zone_05,38.0,32,21.4,0,6,14,medium,0
2024-06-30 15:00:00,Zone_06,23.0,24,1.2,0,6,15,medium,0
2024-06-30 16:00:00,Zone_10,31.0,37,32.0,0,6,16,low,0
2024-06-30 17:00:00,Zone_08,194.0,189,32.0,1,6,17,medium,1
2024-06-30 18:00:00,Zone_14,105.0,111,25.7,1,6,18,low,0
2024-06-30 19:00:00,Zone_03,113.0,119,27.1,0,6,19,low,0
2024-06-30 20:00:00,Zone_12,100.0,99,39.3,0,6,20,low,1
2024-06-30 21:00:00,Zone_16,52.0,49,14.3,1,6,21,high,0
2024-06-30 22:00:00,Zone_17,71.0,78,23.1,1,6,22,low,0
2024-06-30 23:00:00,Zone_01,164.0,163,37.8,1,6,23,high,1
2024-07-01 00:00:00,Zone_10,17.0,7,39.5,1,0,0,high,0
2024-07-01 01:00:00,Zone_10,121.0,115,19.1,0,0,1,high,1
2024-07-01 02:00:00,Zone_02,14.0,21,38.1,1,0,2,high,0
2024-07-01 03:00:00,Zone_09,46.0,36,28.4,0,0,3,high,0
2024-07-01 04:00:00,Zone_13,1.0,1,34.0,0,0,4,low,0
2024-07-01 05:00:00,Zone_16,75.0,82,28.2,0,0,5,low,1
2024-07-01 06:00:00,Zone_18,130.0,124,24.4,1,0,6,medium,1
2024-07-01 07:00:00,Zone_19,81.0,80,39.7,0,0,7,medium,0
2024-07-01 08:00:00,Zone_12,66.0,69,17.8,0,0,8,low,0
2024-07-01 09:00:00,Zone_08,193.0,194,37.2,0,0,9,medium,1
2024-07-01 10:00:00,Zone_17,31.0,27,38.5,0,0,10,medium,0
2024-07-01 11:00:00,Zone_15,50.0,52,32.9,0,0,11,high,0
2024-07-01 12:00:00,Zone_10,28.0,21,21.4,0,0,12,medium,0
2024-07-01 13:00:00,Zone_15,32.0,40,24.0,0,0,13,,0
2024-07-01 14:00:00,Zone_15,35.0,42,11.8,0,0,14,medium,0
2024-07-01 15:00:00,Zone_07,26.0,30,18.4,0,0,15,medium,0
2024-07-01 16:00:00,Zone_13,44.0,48,27.0,1,0,16,high,0
2024-07-01 17:00:00,Zone_17,112.0,102,10.6,1,0,17,low,0
2024-07-01 18:00:00,Zone_09,189.0,194,19.6,1,0,18,medium,1
2024-07-01 19:00:00,Zone_08,101.0,94,37.6,0,0,19,medium,0
2024-07-01 20:00:00,Zone_20,29.0,37,20.8,0,0,20,medium,0
2024-07-01 21:00:00,Zone_18,19.0,11,30.3,0,0,21,low,0
2024-07-01 22:00:00,Zone_13,15.0,9,26.5,0,0,22,low,0
2024-07-01 23:00:00,Zone_16,21.0,12,19.5,1,0,23,low,0
2024-07-02 00:00:00,Zone_09,1.0,1,20.8,0,1,0,low,0
2024-07-02 01:00:00,Zone_12,136.0,134,23.3,0,1,1,high,1
2024-07-02 02:00:00,Zone_12,18.0,19,5.6,0,1,2,medium,0
2024-07-02 03:00:00,Zone_06,6.0,9,29.6,1,1,3,low,0
2024-07-02 04:00:00,Zone_19,1.0,5,21.1,0,1,4,medium,0
2024-07-02 05:00:00,Zone_07,14.0,4,29.9,0,1,5,low,0
2024-07-02 06:00:00,Zone_03,35.0,40,25.1,0,1,6,high,0
2024-07-02 07:00:00,Zone_16,81.0,76,20.7,0,1,7,medium,0
2024-07-02 08:00:00,Zone_18,94.0,88,23.6,0,1,8,high,0
2024-07-02 09:00:00,Zone_16,89.0,97,23.6,0,1,9,,0
2024-07-02 10:00:00,Zone_07,138.0,142,33.8,0,1,10,,1
2024-07-02 11:00:00,Zone_04,38.0,28,22.5,0,1,11,low,0
2024-07-02 12:00:00,Zone_08,15.0,21,24.3,1,1,12,low,0
2024-07-02 13:00:00,Zone_13,18.0,14,11.9,0,1,13,low,0
2024-07-02 14:00:00,Zone_13,23.0,20,21.6,1,1,14,medium,0
2024-07-02 15:00:00,Zone_17,28.0,20,33.6,0,1,15,low,0
2024-07-02 16:00:00,Zone_17,44.0,40,25.4,0,1,16,medium,0
2024-07-02 17:00:00,Zone_05,94.0,91,13.4,0,1,17,high,0
2024-07-02 18:00:00,Zone_06,72.0,80,14.2,0,1,18,low,0
2024-07-02 19:00:00,Zone_19,121.0,122,16.1,0,1,19,low,0
2024-07-02 20:00:00,Zone_13,45.0,44,30.0,0,1,20,high,0
2024-07-02 21:00:00,Zone_14,27.0,21,29.0,1,1,21,medium,0
2024-07-02 22:00:00,Zone_04,30.0,24,0.0,0,1,22,high,0
2024-07-02 23:00:00,Zone_07,32.0,33,21.3,1,1,23,medium,0
2024-07-03 00:00:00,Zone_08,26.0,28,23.2,1,2,0,medium,0
2024-07-03 01:00:00,Zone_13,1.0,1,14.3,0,2,1,low,0
2024-07-03 02:00:00,Zone_06,21.0,27,18.9,1,2,2,high,0
2024-07-03 03:00:00,Zone_06,,33,32.6,0,2,3,high,0
2024-07-03 04:00:00,Zone_03,30.0,21,25.3,0,2,4,high,0
2024-07-03 05:00:00,Zone_03,2.0,9,18.0,0,2,5,medium,0
2024-07-03 06:00:00,Zone_13,43.0,52,20.5,0,2,6,high,0
2024-07-03 07:00:00,Zone_02,152.0,152,20.2,0,2,7,medium,1
2024-07-03 08:00:00,Zone_16,87.0,90,24.3,0,2,8,medium,0
2024-07-03 09:00:00,Zone_06,106.0,110,10.6,0,2,9,high,0
2024-07-03 10:00:00,Zone_08,30.0,31,16.6,0,2,10,low,0
2024-07-03 11:00:00,Zone_08,23.0,18,30.3,1,2,11,low,0
2024-07-03 12:00:00,Zone_06,88.0,82,21.4,1,2,12,low,1
2024-07-03 13:00:00,Zone_14,46.0,49,15.2,0,2,13,high,0
2024-07-03 14:00:00,Zone_03,34.0,29,15.5,0,2,14,medium,0
2024-07-03 15:00:00,Zone_10,39.0,31,27.8,0,2,15,medium,0
2024-07-03 16:00:00,Zone_03,136.0,131,17.9,1,2,16,high,1
2024-07-03 17:00:00,Zone_12,97.0,100,26.1,1,2,17,medium,0
2024-07-03 18:00:00,Zone_17,108.0,117,17.0,0,2,18,low,0
2024-07-03 19:00:00,Zone_05,101.0,108,13.0,0,2,19,medium,0
2024-07-03 20:00:00,Zone_20,42.0,48,24.0,0,2,20,high,0
2024-07-03 21:00:00,Zone_09,24.0,22,21.2,0,2,21,low,0
2024-07-03 22:00:00,Zone_20,35.0,32,27.5,1,2,22,medium,0
2024-07-03 23:00:00,Zone_07,25.0,18,29.1,1,2,23,low,0
2024-07-04 00:00:00,Zone_04,4.0,3,19.1,1,3,0,medium,0
2024-07-04 01:00:00,Zone_13,1.0,7,24.8,0,3,1,low,0
2024-07-04 02:00:00,Zone_13,1.0,10,18.9,0,3,2,low,0
2024-07-04 03:00:00,Zone_10,9.0,3,27.1,1,3,3,medium,0
2024-07-04 04:00:00,Zone_18,35.0,41,23.9,0,3,4,high,0
2024-07-04 05:00:00,Zone_17,7.0,10,17.0,0,3,5,medium,0
2024-07-04 06:00:00,Zone_20,45.0,46,16.3,0,3,6,high,0
2024-07-04 07:00:00,Zone_20,95.0,91,24.1,0,3,7,medium,0
2024-07-04 08:00:00,Zone_13,95.0,99,,0,3,8,low,0
2024-07-04 09:00:00,Zone_17,103.0,107,29.2,0,3,9,low,0
2024-07-04 10:00:00,Zone_04,53.0,54,14.5,0,3,10,high,0
2024-07-04 11:00:00,Zone_01,126.0,116,15.3,0,3,11,medium,1
2024-07-04 12:00:00,Zone_01,38.0,35,16.5,1,3,12,high,0
2024-07-04 13:00:00,Zone_15,25.0,34,17.2,0,3,13,low,0
2024-07-04 14:00:00,Zone_13,23.0,18,7.5,1,3,14,low,0
2024-07-04 15:00:00,Zone_17,30.0,39,28.3,0,3,15,medium,0
2024-07-04 16:00:00,Zone_08,17.0,8,18.4,0,3,16,low,0
2024-07-04 17:00:00,Zone_18,82.0,89,25.7,0,3,17,low,0
2024-07-04 18:00:00,Zone_13,110.0,102,19.5,1,3,18,medium,0
2024-07-04 19:00:00,Zone_14,123.0,132,21.8,0,3,19,medium,0
2024-07-04 20:00:00,Zone_08,30.0,22,16.5,0,3,20,low,0
2024-07-04 21:00:00,Zone_08,31.0,39,21.8,1,3,21,low,0
2024-07-04 22:00:00,Zone_15,37.0,32,15.0,0,3,22,medium,0
2024-07-04 23:00:00,Zone_13,120.0,120,21.8,1,3,23,medium,1
2024-07-05 00:00:00,Zone_07,7.0,9,33.7,0,4,0,medium,0
2024-07-05 01:00:00,Zone_05,106.0,101,26.2,0,4,1,medium,1
2024-07-05 02:00:00,Zone_17,,119,24.3,1,4,2,high,1
2024-07-05 03:00:00,Zone_16,16.0,20,11.4,0,4,3,medium,0
2024-07-05 04:00:00,Zone_02,111.0,114,26.5,1,4,4,high,1
2024-07-05 05:00:00,Zone_18,10.0,13,27.3,0,4,5,medium,0
2024-07-05 06:00:00,Zone_17,24.0,14,24.1,1,4,6,low,0
2024-07-05 07:00:00,Zone_07,144.0,150,23.7,0,4,7,medium,1
2024-07-05 08:00:00,Zone_13,68.0,71,20.9,0,4,8,medium,0
2024-07-05 09:00:00,Zone_18,91.0,93,27.2,0,4,9,medium,0
2024-07-05 10:00:00,Zone_14,26.0,25,33.2,0,4,10,medium,0
2024-07-05 11:00:00,Zone_18,12.0,7,24.6,1,4,11,low,0
2024-07-05 12:00:00,Zone_13,33.0,23,14.2,0,4,12,medium,0
2024-07-05 13:00:00,Zone_11,41.0,35,14.8,0,4,13,high,0
2024-07-05 14:00:00,Zone_16,,37,27.8,0,4,14,medium,0
2024-07-05 15:00:00,Zone_17,31.0,40,14.3,0,4,15,medium,0
2024-07-05 16:00:00,Zone_08,35.0,40,23.6,1,4,16,high,0
2024-07-05 17:00:00,Zone_19,113.0,110,19.2,1,4,17,medium,0
2024-07-05 18:00:00,Zone_20,106.0,112,13.4,1,4,18,low,0
2024-07-05 19:00:00,Zone_15,180.0,187,28.7,0,4,19,high,1
2024-07-05 20:00:00,Zone_09,98.0,105,27.7,0,4,20,low,1
2024-07-05 21:00:00,Zone_20,32.0,30,11.2,1,4,21,medium,0
2024-07-05 22:00:00,Zone_10,92.0,87,25.9,0,4,22,low,1
2024-07-05 23:00:00,Zone_12,24.0,23,24.7,0,4,23,low,0
2024-07-06 00:00:00,Zone_20,84.0,82,28.7,0,5,0,low,1
2024-07-06 01:00:00,Zone_01,7.0,11,23.3,0,5,1,medium,0
2024-07-06 02:00:00,Zone_20,9.0,18,33.4,1,5,2,low,0
2024-07-06 03:00:00,Zone_09,70.0,73,21.0,1,5,3,low,1
2024-07-06 04:00:00,Zone_15,17.0,20,19.8,0,5,4,high,0
2024-07-06 05:00:00,Zone_01,134.0,132,14.2,0,5,5,high,1
2024-07-06 06:00:00,Zone_12,155.0,153,14.5,0,5,6,high,1
2024-07-06 07:00:00,Zone_03,86.0,76,13.8,0,5,7,high,0
2024-07-06 08:00:00,Zone_11,78.0,77,23.7,0,5,8,medium,0
2024-07-06 09:00:00,Zone_02,94.0,93,19.8,0,5,9,high,0
2024-07-06 10:00:00,Zone_16,38.0,34,24.6,0,5,10,medium,0
2024-07-06 11:00:00,Zone_09,30.0,24,12.3,1,5,11,medium,0
2024-07-06 12:00:00,Zone_15,29.0,36,15.2,1,5,12,medium,0
2024-07-06 13:00:00,Zone_12,25.0,15,15.0,0,5,13,low,0
2024-07-06 14:00:00,Zone_01,137.0,143,39.4,1,5,14,high,1
2024-07-06 15:00:00,Zone_13,30.0,37,20.7,1,5,15,medium,0
2024-07-06 16:00:00,Zone_14,114.0,123,21.5,1,5,16,low,1
2024-07-06 17:00:00,Zone_08,96.0,97,21.4,1,5,17,low,0
2024-07-06 18:00:00,Zone_08,88.0,86,34.4,0,5,18,low,0
2024-07-06 19:00:00,Zone_12,125.0,123,9.1,0,5,19,high,0
2024-07-06 20:00:00,Zone_01,52.0,58,21.5,1,5,20,high,0
2024-07-06 21:00:00,Zone_11,38.0,40,9.0,0,5,21,medium,0
2024-07-06 22:00:00,Zone_08,62.0,68,3.0,1,5,22,low,0
2024-07-06 23:00:00,Zone_10,68.0,59,16.1,0,5,23,low,0
2024-07-07 00:00:00,Zone_19,30.0,26,25.3,0,6,0,high,0
2024-07-07 01:00:00,Zone_11,72.0,77,15.6,0,6,1,low,1
2024-07-07 02:00:00,Zone_07,138.0,142,25.2,0,6,2,high,1
2024-07-07 03:00:00,Zone_11,132.0,134,22.9,0,6,3,medium,1
2024-07-07 04:00:00,Zone_17,14.0,16,20.9,0,6,4,high,0
2024-07-07 05:00:00,Zone_01,17.0,21,32.1,1,6,5,medium,0
2024-07-07 06:00:00,Zone_08,24.0,33,17.2,0,6,6,medium,0
2024-07-07 07:00:00,Zone_06,105.0,107,25.0,0,6,7,medium,0
2024-07-07 08:00:00,Zone_18,113.0,112,7.6,0,6,8,high,0
2024-07-07 09:00:00,Zone_06,99.0,105,22.8,1,6,9,,0
2024-07-07 10:00:00,Zone_05,25.0,23,19.9,0,6,10,medium,0
2024-07-07 11:00:00,Zone_13,22.0,21,12.5,1,6,11,medium,0
2024-07-07 12:00:00,Zone_19,42.0,46,25.2,0,6,12,high,0
2024-07-07 13:00:00,Zone_08,37.0,27,16.1,0,6,13,high,0
2024-07-07 14:00:00,Zone_09,21.0,14,35.9,1,6,14,medium,0
2024-07-07 15:00:00,Zone_17,18.0,23,2.5,0,6,15,low,0
2024-07-07 16:00:00,Zone_03,31.0,31,24.0,0,6,16,low,0
2024-07-07 17:00:00,Zone_19,102.0,97,22.3,0,6,17,high,0
2024-07-07 18:00:00,Zone_11,94.0,92,19.8,0,6,18,low,0
2024-07-07 19:00:00,Zone_17,,80,17.8,0,6,19,low,0
2024-07-07 20:00:00,Zone_19,18.0,11,22.5,0,6,20,low,0
2024-07-07 21:00:00,Zone_02,30.0,33,30.5,0,6,21,medium,0
2024-07-07 22:00:00,Zone_08,56.0,56,8.6,1,6,22,medium,0
2024-07-07 23:00:00,Zone_19,51.0,51,15.6,0,6,23,low,0
2024-07-08 00:00:00,Zone_07,8.0,1,13.6,1,0,0,low,0
2024-07-08 01:00:00,Zone_17,106.0,96,13.2,1,0,1,high,1
2024-07-08 02:00:00,Zone_06,30.0,31,24.7,0,0,2,high,0
2024-07-08 03:00:00,Zone_19,7.0,12,26.7,0,0,3,low,0
2024-07-08 04:00:00,Zone_06,1.0,1,30.5,0,0,4,low,0
2024-07-08 05:00:00,Zone_02,99.0,89,26.8,0,0,5,medium,1
2024-07-08 06:00:00,Zone_06,42.0,33,27.5,0,0,6,high,0
2024-07-08 07:00:00,Zone_05,110.0,111,10.7,0,0,7,high,0
2024-07-08 08:00:00,Zone_19,73.0,76,33.9,0,0,8,medium,0
2024-07-08 09:00:00,Zone_20,104.0,113,20.3,1,0,9,high,0
2024-07-08 10:00:00,Zone_04,33.0,39,30.3,0,0,10,low,0
2024-07-08 11:00:00,Zone_17,24.0,20,11.0,0,0,11,low,0
2024-07-08 12:00:00,Zone_11,34.0,25,20.1,0,0,12,medium,0
2024-07-08 13:00:00,Zone_04,45.0,47,29.5,0,0,13,high,0
2024-07-08 14:00:00,Zone_13,,38,22.2,0,0,14,medium,0
2024-07-08 15:00:00,Zone_20,134.0,129,16.0,1,0,15,high,1
2024-07-08 16:00:00,Zone_17,49.0,50,32.5,0,0,16,high,0
2024-07-08 17:00:00,Zone_09,109.0,114,12.6,0,0,17,medium,0
2024-07-08 18:00:00,Zone_04,92.0,84,21.8,0,0,18,low,0
2024-07-08 19:00:00,Zone_14,114.0,115,27.1,0,0,19,low,0
2024-07-08 20:00:00,Zone_19,28.0,33,38.8,1,0,20,high,0
2024-07-08 21:00:00,Zone_03,34.0,32,18.3,0,0,21,low,0
2024-07-08 22:00:00,Zone_14,13.0,15,19.8,1,0,22,low,0
2024-07-08 23:00:00,Zone_08,42.0,43,18.4,0,0,23,high,0
2024-07-09 00:00:00,Zone_01,139.0,143,23.9,0,1,0,high,1
2024-07-09 01:00:00,Zone_10,123.0,116,26.7,1,1,1,low,1
2024-07-09 02:00:00,Zone_18,26.0,32,30.7,1,1,2,,0
2024-07-09 03:00:00,Zone_16,13.0,12,28.0,0,1,3,low,0
2024-07-09 04:00:00,Zone_08,123.0,128,18.0,1,1,4,low,1
2024-07-09 05:00:00,Zone_01,8.0,9,28.5,0,1,5,medium,0
2024-07-09 06:00:00,Zone_12,41.0,36,22.7,0,1,6,high,0
2024-07-09 07:00:00,Zone_08,95.0,100,28.0,1,1,7,low,0
2024-07-09 08:00:00,Zone_16,97.0,98,28.4,0,1,8,low,0
2024-07-09 09:00:00,Zone_18,91.0,86,35.0,0,1,9,low,0
2024-07-09 10:00:00,Zone_04,36.0,40,19.2,0,1,10,high,0
2024-07-09 11:00:00,Zone_06,141.0,134,17.6,0,1,11,medium,1
2024-07-09 12:00:00,Zone_12,,25,25.6,1,1,12,medium,0
2024-07-09 13:00:00,Zone_09,16.0,22,31.5,0,1,13,low,0
2024-07-09 14:00:00,Zone_15,27.0,20,22.5,1,1,14,medium,0
2024-07-09 15:00:00,Zone_16,34.0,34,32.0,0,1,15,medium,0
2024-07-09 16:00:00,Zone_12,36.0,44,27.5,0,1,16,high,0
2024-07-09 17:00:00,Zone_14,97.0,100,20.4,0,1,17,low,0
2024-07-09 18:00:00,Zone_13,204.0,199,26.5,0,1,18,high,1
2024-07-09 19:00:00,Zone_02,190.0,189,18.5,0,1,19,medium,1
2024-07-09 20:00:00,Zone_03,30.0,29,23.9,1,1,20,low,0
2024-07-09 21:00:00,Zone_10,18.0,25,13.4,0,1,21,low,0
2024-07-09 22:00:00,Zone_09,136.0,142,21.5,0,1,22,medium,1
2024-07-09 23:00:00,Zone_20,149.0,140,30.0,0,1,23,high,1
2024-07-10 00:00:00,Zone_08,21.0,23,28.1,0,2,0,medium,0
2024-07-10 01:00:00,Zone_10,16.0,17,27.0,0,2,1,medium,0
2024-07-10 02:00:00,Zone_19,3.0,1,24.3,0,2,2,low,0
2024-07-10 03:00:00,Zone_03,68.0,65,23.3,1,2,3,low,1
2024-07-10 04:00:00,Zone_05,101.0,94,11.9,1,2,4,medium,1
2024-07-10 05:00:00,Zone_03,120.0,112,20.4,0,2,5,medium,1
2024-07-10 06:00:00,Zone_16,44.0,37,23.5,0,2,6,high,0
2024-07-10 07:00:00,Zone_17,88.0,86,13.0,0,2,7,low,0
2024-07-10 08:00:00,Zone_15,77.0,74,8.0,0,2,8,low,0
2024-07-10 09:00:00,Zone_03,95.0,95,31.0,1,2,9,medium,0
2024-07-10 10:00:00,Zone_12,130.0,134,22.4,0,2,10,high,1
2024-07-10 11:00:00,Zone_09,86.0,86,,0,2,11,medium,1
2024-07-10 12:00:00,Zone_12,16.0,21,26.4,0,2,12,low,0
2024-07-10 13:00:00,Zone_15,19.0,14,14.1,0,2,13,low,0
2024-07-10 14:00:00,Zone_02,29.0,33,18.8,0,2,14,low,0
2024-07-10 15:00:00,Zone_18,35.0,38,34.0,0,2,15,medium,0
2024-07-10 16:00:00,Zone_20,44.0,49,18.1,0,2,16,high,0
2024-07-10 17:00:00,Zone_12,122.0,125,19.9,0,2,17,high,0
2024-07-10 18:00:00,Zone_04,77.0,70,16.6,0,2,18,medium,0
2024-07-10 19:00:00,Zone_16,116.0,115,16.1,0,2,19,low,0
2024-07-10 20:00:00,Zone_16,19.0,23,30.8,0,2,20,medium,0
2024-07-10 21:00:00,Zone_01,30.0,28,2.2,0,2,21,high,0
2024-07-10 22:00:00,Zone_02,107.0,110,18.3,1,2,22,low,1
2024-07-10 23:00:00,Zone_03,49.0,57,23.8,0,2,23,high,0
2024-07-11 00:00:00,Zone_20,13.0,15,35.6,1,3,0,high,0
2024-07-11 01:00:00,Zone_17,9.0,17,12.9,1,3,1,medium,0
2024-07-11 02:00:00,Zone_20,4.0,1,11.6,1,3,2,medium,0
2024-07-11 03:00:00,Zone_01,67.0,63,15.1,1,3,3,medium,1
2024-07-11 04:00:00,Zone_20,85.0,94,27.6,1,3,4,medium,1
2024-07-11 05:00:00,Zone_06,1.0,1,23.0,0,3,5,low,0
2024-07-11 06:00:00,Zone_15,29.0,25,10.5,0,3,6,low,0
2024-07-11 07:00:00,Zone_14,165.0,168,22.8,0,3,7,,1
2024-07-11 08:00:00,Zone_20,91.0,85,,0,3,8,high,0
2024-07-11 09:00:00,Zone_15,199.0,204,24.1,0,3,9,medium,1
2024-07-11 10:00:00,Zone_14,37.0,46,23.3,0,3,10,medium,0
2024-07-11 11:00:00,Zone_05,31.0,21,23.8,0,3,11,high,0
2024-07-11 12:00:00,Zone_06,19.0,23,25.3,1,3,12,low,0
2024-07-11 13:00:00,Zone_17,26.0,27,11.9,0,3,13,medium,0
2024-07-11 14:00:00,Zone_11,32.0,35,20.1,0,3,14,medium,0
2024-07-11 15:00:00,Zone_16,30.0,35,20.6,0,3,15,medium,0
2024-07-11 16:00:00,Zone_12,87.0,92,18.1,0,3,16,low,1
2024-07-11 17:00:00,Zone_15,104.0,97,27.5,0,3,17,high,0
2024-07-11 18:00:00,Zone_04,92.0,83,16.9,0,3,18,high,0
2024-07-11 19:00:00,Zone_18,111.0,107,19.1,0,3,19,low,0
2024-07-11 20:00:00,Zone_03,49.0,43,11.9,0,3,20,high,0
2024-07-11 21:00:00,Zone_08,53.0,49,25.0,0,3,21,high,0
2024-07-11 22:00:00,Zone_03,34.0,25,29.5,0,3,22,low,0
2024-07-11 23:00:00,Zone_08,32.0,33,19.1,0,3,23,low,0
2024-07-12 00:00:00,Zone_18,109.0,99,28.5,0,4,0,low,1
2024-07-12 01:00:00,Zone_10,16.0,8,20.8,0,4,1,medium,0
2024-07-12 02:00:00,Zone_20,4.0,1,1.8,1,4,2,medium,0
2024-07-12 03:00:00,Zone_17,3.0,1,21.6,0,4,3,low,0
2024-07-12 04:00:00,Zone_08,10.0,15,20.6,0,4,4,medium,0
2024-07-12 05:00:00,Zone_11,78.0,86,22.8,0,4,5,low,1
2024-07-12 06:00:00,Zone_05,14.0,11,24.0,0,4,6,low,0
2024-07-12 07:00:00,Zone_13,99.0,107,16.5,0,4,7,medium,0
2024-07-12 08:00:00,Zone_05,161.0,155,33.8,1,4,8,low,1
2024-07-12 09:00:00,Zone_13,96.0,86,21.5,0,4,9,medium,0
2024-07-12 10:00:00,Zone_06,113.0,115,20.4,1,4,10,high,1
2024-07-12 11:00:00,Zone_05,29.0,23,28.0,0,4,11,low,0
2024-07-12 12:00:00,Zone_09,34.0,43,22.1,0,4,12,low,0
2024-07-12 13:00:00,Zone_16,2.0,10,42.5,0,4,13,low,0
2024-07-12 14:00:00,Zone_02,110.0,106,20.3,0,4,14,medium,1
2024-07-12 15:00:00,Zone_01,32.0,34,24.8,1,4,15,medium,0
2024-07-12 16:00:00,Zone_08,135.0,138,16.0,0,4,16,medium,1
2024-07-12 17:00:00,Zone_19,110.0,117,29.0,0,4,17,medium,0
2024-07-12 18:00:00,Zone_11,113.0,116,24.5,0,4,18,medium,0
2024-07-12 19:00:00,Zone_12,121.0,123,19.3,0,4,19,low,0
2024-07-12 20:00:00,Zone_12,,24,15.0,0,4,20,medium,0
2024-07-12 21:00:00,Zone_07,28.0,37,11.5,0,4,21,medium,0
2024-07-12 22:00:00,Zone_13,39.0,46,25.3,0,4,22,low,0
2024-07-12 23:00:00,Zone_08,131.0,134,10.9,0,4,23,high,1
2024-07-13 00:00:00,Zone_09,127.0,118,32.5,0,5,0,medium,1
2024-07-13 01:00:00,Zone_07,,1,11.9,0,5,1,low,0
2024-07-13 02:00:00,Zone_15,6.0,10,20.6,0,5,2,medium,0
2024-07-13 03:00:00,Zone_02,35.0,34,14.9,0,5,3,high,0
2024-07-13 04:00:00,Zone_20,114.0,120,22.3,0,5,4,low,1
2024-07-13 05:00:00,Zone_12,105.0,105,22.2,0,5,5,low,1
2024-07-13 06:00:00,Zone_01,28.0,25,25.6,0,5,6,medium,0
2024-07-13 07:00:00,Zone_08,64.0,55,9.8,0,5,7,medium,0
2024-07-13 08:00:00,Zone_05,185.0,177,15.9,0,5,8,low,1
2024-07-13 09:00:00,Zone_15,111.0,107,29.8,1,5,9,high,0
2024-07-13 10:00:00,Zone_01,144.0,147,27.3,0,5,10,medium,1
2024-07-13 11:00:00,Zone_01,132.0,133,2.0,0,5,11,high,1
2024-07-13 12:00:00,Zone_10,22.0,16,25.0,0,5,12,low,0
2024-07-13 13:00:00,Zone_10,40.0,34,13.7,0,5,13,high,0
2024-07-13 14:00:00,Zone_15,41.0,37,17.3,0,5,14,medium,0
2024-07-13 15:00:00,Zone_17,34.0,24,20.2,0,5,15,low,0
2024-07-13 16:00:00,Zone_06,40.0,46,34.5,0,5,16,high,0
2024-07-13 17:00:00,Zone_03,103.0,111,13.7,1,5,17,low,0
2024-07-13 18:00:00,Zone_13,103.0,100,10.8,1,5,18,high,0
2024-07-13 19:00:00,Zone_16,111.0,112,25.6,1,5,19,medium,0
2024-07-13 20:00:00,Zone_08,37.0,29,21.8,0,5,20,high,0
2024-07-13 21:00:00,Zone_15,94.0,95,31.7,1,5,21,medium,1
2024-07-13 22:00:00,Zone_17,74.0,71,19.2,1,5,22,,0
2024-07-13 23:00:00,Zone_17,56.0,49,31.7,1,5,23,low,0
2024-07-14 00:00:00,Zone_13,3.0,1,22.1,0,6,0,medium,0
2024-07-14 01:00:00,Zone_17,9.0,12,26.2,0,6,1,medium,0
2024-07-14 02:00:00,Zone_06,35.0,26,35.0,0,6,2,high,0
2024-07-14 03:00:00,Zone_17,69.0,63,20.7,1,6,3,low,1
2024-07-14 04:00:00,Zone_16,8.0,9,30.4,0,6,4,medium,0
2024-07-14 05:00:00,Zone_14,5.0,1,17.1,0,6,5,medium,0
2024-07-14 06:00:00,Zone_13,25.0,27,23.8,1,6,6,low,0
2024-07-14 07:00:00,Zone_06,87.0,78,10.4,0,6,7,medium,0
2024-07-14 08:00:00,Zone_03,92.0,91,18.0,0,6,8,high,0
2024-07-14 09:00:00,Zone_14,79.0,80,13.5,0,6,9,low,0
2024-07-14 10:00:00,Zone_14,35.0,40,31.8,0,6,10,medium,0
2024-07-14 11:00:00,Zone_15,38.0,44,35.9,0,6,11,high,0
2024-07-14 12:00:00,Zone_08,112.0,116,19.2,1,6,12,low,1
2024-07-14 13:00:00,Zone_15,28.0,18,15.8,0,6,13,medium,0
2024-07-14 14:00:00,Zone_13,23.0,15,11.5,0,6,14,medium,0
2024-07-14 15:00:00,Zone_17,58.0,59,24.1,1,6,15,high,0
2024-07-14 16:00:00,Zone_03,20.0,19,17.2,0,6,16,medium,0
2024-07-14 17:00:00,Zone_06,81.0,79,,0,6,17,medium,0
2024-07-14 18:00:00,Zone_05,110.0,103,35.0,0,6,18,low,0
2024-07-14 19:00:00,Zone_17,88.0,79,19.6,1,6,19,medium,0
2024-07-14 20:00:00,Zone_02,45.0,35,26.7,0,6,20,high,0
2024-07-14 21:00:00,Zone_15,32.0,31,22.4,0,6,21,low,0
2024-07-14 22:00:00,Zone_05,43.0,45,11.2,1,6,22,low,0
2024-07-14 23:00:00,Zone_20,81.0,77,7.2,0,6,23,high,0
2024-07-15 00:00:00,Zone_06,86.0,93,25.9,0,0,0,medium,1
2024-07-15 01:00:00,Zone_06,67.0,71,35.6,0,0,1,medium,1
2024-07-15 02:00:00,Zone_18,28.0,25,24.5,1,0,2,high,0
2024-07-15 03:00:00,Zone_18,26.0,33,27.0,0,0,3,high,0
2024-07-15 04:00:00,Zone_04,18.0,25,14.8,1,0,4,high,0
2024-07-15 05:00:00,Zone_17,120.0,122,30.1,0,0,5,high,1
2024-07-15 06:00:00,Zone_14,25.0,30,30.0,0,0,6,medium,0
2024-07-15 07:00:00,Zone_14,114.0,113,16.4,0,0,7,high,0
2024-07-15 08:00:00,Zone_13,158.0,159,26.4,0,0,8,medium,1
2024-07-15 09:00:00,Zone_07,108.0,105,7.9,0,0,9,high,0
2024-07-15 10:00:00,Zone_12,123.0,113,27.8,0,0,10,high,1
2024-07-15 11:00:00,Zone_15,37.0,35,17.4,0,0,11,low,0
2024-07-15 12:00:00,Zone_19,,36,12.2,0,0,12,low,0
2024-07-15 13:00:00,Zone_11,22.0,17,25.2,0,0,13,low,0
2024-07-15 14:00:00,Zone_15,38.0,45,7.8,0,0,14,high,0
2024-07-15 15:00:00,Zone_12,35.0,29,24.7,1,0,15,high,0
2024-07-15 16:00:00,Zone_03,18.0,24,12.9,0,0,16,medium,0
2024-07-15 17:00:00,Zone_17,77.0,78,11.2,1,0,17,medium,0
2024-07-15 18:00:00,Zone_03,109.0,103,22.5,0,0,18,high,0
2024-07-15 19:00:00,Zone_19,86.0,87,20.6,1,0,19,low,0
2024-07-15 20:00:00,Zone_20,122.0,116,33.7,0,0,20,low,1
2024-07-15 21:00:00,Zone_04,30.0,26,11.7,0,0,21,medium,0
2024-07-15 22:00:00,Zone_03,44.0,45,33.0,0,0,22,high,0
2024-07-15 23:00:00,Zone_16,43.0,33,12.9,0,0,23,high,0
2024-07-16 00:00:00,Zone_12,15.0,15,29.4,1,1,0,medium,0
2024-07-16 01:00:00,Zone_08,1.0,1,30.8,1,1,1,low,0
2024-07-16 02:00:00,Zone_17,12.0,16,24.6,1,1,2,medium,0
2024-07-16 03:00:00,Zone_07,100.0,91,15.7,0,1,3,high,1
2024-07-16 04:00:00,Zone_11,8.0,17,9.8,0,1,4,medium,0
2024-07-16 05:00:00,Zone_18,23.0,29,6.4,0,1,5,medium,0
2024-07-16 06:00:00,Zone_01,133.0,123,36.8,1,1,6,low,1
2024-07-16 07:00:00,Zone_03,104.0,113,19.6,0,1,7,high,0
2024-07-16 08:00:00,Zone_04,99.0,99,13.2,1,1,8,low,0
2024-07-16 09:00:00,Zone_13,66.0,68,12.9,1,1,9,low,0
2024-07-16 10:00:00,Zone_06,44.0,37,23.3,1,1,10,high,0
2024-07-16 11:00:00,Zone_14,117.0,110,,0,1,11,high,1
2024-07-16 12:00:00,Zone_05,93.0,90,6.6,0,1,12,medium,1
2024-07-16 13:00:00,Zone_16,37.0,30,28.9,0,1,13,medium,0
2024-07-16 14:00:00,Zone_15,130.0,134,24.7,0,1,14,low,1
2024-07-16 15:00:00,Zone_15,116.0,116,36.7,0,1,15,low,1
2024-07-16 16:00:00,Zone_04,22.0,23,31.1,0,1,16,low,0
2024-07-16 17:00:00,Zone_08,177.0,168,0.0,1,1,17,medium,1
2024-07-16 18:00:00,Zone_16,73.0,72,33.3,0,1,18,low,0
2024-07-16 19:00:00,Zone_16,206.0,204,31.7,0,1,19,high,1
2024-07-16 20:00:00,Zone_04,24.0,20,16.1,0,1,20,low,0
2024-07-16 21:00:00,Zone_13,28.0,30,18.5,0,1,21,medium,0
2024-07-16 22:00:00,Zone_13,30.0,31,25.3,0,1,22,medium,0
2024-07-16 23:00:00,Zone_02,40.0,46,13.9,0,1,23,medium,0
2024-07-17 00:00:00,Zone_03,6.0,1,20.1,0,2,0,low,0
2024-07-17 01:00:00,Zone_08,26.0,22,30.0,0,2,1,high,0
2024-07-17 02:00:00,Zone_15,7.0,5,26.1,0,2,2,medium,0
2024-07-17 03:00:00,Zone_11,2.0,11,16.7,1,2,3,medium,0
2024-07-17 04:00:00,Zone_09,6.0,2,30.2,1,2,4,medium,0
2024-07-17 05:00:00,Zone_07,1.0,1,24.4,0,2,5,low,0
2024-07-17 06:00:00,Zone_13,129.0,121,24.1,0,2,6,medium,1
2024-07-17 07:00:00,Zone_02,193.0,197,17.9,0,2,7,medium,1
2024-07-17 08:00:00,Zone_08,101.0,105,21.9,0,2,8,high,0
2024-07-17 09:00:00,Zone_07,82.0,83,15.8,0,2,9,high,0
2024-07-17 10:00:00,Zone_12,20.0,25,6.5,0,2,10,low,0
2024-07-17 11:00:00,Zone_19,98.0,103,19.8,0,2,11,low,1
2024-07-17 12:00:00,Zone_07,26.0,22,21.0,0,2,12,low,0
2024-07-17 13:00:00,Zone_10,44.0,39,23.1,0,2,13,high,0
2024-07-17 14:00:00,Zone_16,25.0,32,31.7,0,2,14,low,0
2024-07-17 15:00:00,Zone_03,28.0,29,16.8,0,2,15,medium,0
2024-07-17 16:00:00,Zone_10,17.0,16,19.1,1,2,16,medium,0
2024-07-17 17:00:00,Zone_06,89.0,87,28.1,0,2,17,medium,0
2024-07-17 18:00:00,Zone_18,195.0,197,16.0,0,2,18,low,1
2024-07-17 19:00:00,Zone_18,92.0,100,23.2,0,2,19,low,0
2024-07-17 20:00:00,Zone_05,35.0,29,18.7,0,2,20,medium,0
2024-07-17 21:00:00,Zone_07,109.0,106,20.1,0,2,21,low,1
2024-07-17 22:00:00,Zone_02,36.0,27,28.1,1,2,22,low,0
2024-07-17 23:00:00,Zone_11,29.0,28,19.0,0,2,23,low,0
2024-07-18 00:00:00,Zone_13,21.0,14,28.3,0,3,0,medium,0
2024-07-18 01:00:00,Zone_05,6.0,5,6.4,0,3,1,medium,0
2024-07-18 02:00:00,Zone_06,1.0,4,10.6,0,3,2,low,0
2024-07-18 03:00:00,Zone_14,1.0,1,3.5,0,3,3,low,0
2024-07-18 04:00:00,Zone_12,7.0,10,12.7,0,3,4,low,0
2024-07-18 05:00:00,Zone_04,1.0,1,36.9,0,3,5,medium,0
2024-07-18 06:00:00,Zone_06,124.0,121,21.9,1,3,6,low,1
2024-07-18 07:00:00,Zone_10,84.0,79,16.2,0,3,7,medium,0
2024-07-18 08:00:00,Zone_18,162.0,156,28.3,0,3,8,low,1
2024-07-18 09:00:00,Zone_15,119.0,125,,1,3,9,high,0
2024-07-18 10:00:00,Zone_08,20.0,14,12.2,0,3,10,low,0
2024-07-18 11:00:00,Zone_09,24.0,32,42.0,0,3,11,high,0
2024-07-18 12:00:00,Zone_05,43.0,49,24.2,0,3,12,high,0
2024-07-18 13:00:00,Zone_10,34.0,43,25.2,0,3,13,medium,0
2024-07-18 14:00:00,Zone_20,45.0,44,26.0,1,3,14,high,0
2024-07-18 15:00:00,Zone_06,29.0,36,26.0,0,3,15,low,0
2024-07-18 16:00:00,Zone_16,27.0,36,17.0,0,3,16,low,0
2024-07-18 17:00:00,Zone_03,108.0,113,38.9,1,3,17,low,0
2024-07-18 18:00:00,Zone_10,81.0,81,19.7,1,3,18,low,0
2024-07-18 19:00:00,Zone_11,76.0,80,29.7,0,3,19,low,0
2024-07-18 20:00:00,Zone_11,34.0,34,18.2,0,3,20,medium,0
2024-07-18 21:00:00,Zone_17,32.0,41,16.8,1,3,21,low,0
2024-07-18 22:00:00,Zone_04,25.0,22,,0,3,22,medium,0
2024-07-18 23:00:00,Zone_04,20.0,16,21.1,0,3,23,low,0
2024-07-19 00:00:00,Zone_17,21.0,11,21.7,1,4,0,medium,0
2024-07-19 01:00:00,Zone_09,26.0,30,24.3,1,4,1,high,0
2024-07-19 02:00:00,Zone_19,9.0,1,42.8,0,4,2,medium,0
2024-07-19 03:00:00,Zone_05,1.0,1,39.4,0,4,3,medium,0
2024-07-19 04:00:00,Zone_06,13.0,14,32.3,0,4,4,medium,0
2024-07-19 05:00:00,Zone_03,21.0,26,44.8,0,4,5,high,0
2024-07-19 06:00:00,Zone_01,128.0,136,14.4,0,4,6,low,1
2024-07-19 07:00:00,Zone_20,203.0,202,27.2,0,4,7,high,1
2024-07-19 08:00:00,Zone_16,192.0,191,22.6,0,4,8,medium,1
2024-07-19 09:00:00,Zone_11,77.0,84,7.8,0,4,9,low,0
2024-07-19 10:00:00,Zone_13,40.0,31,25.7,0,4,10,high,0
2024-07-19 11:00:00,Zone_10,43.0,51,18.1,1,4,11,high,0
2024-07-19 12:00:00,Zone_03,31.0,39,34.3,0,4,12,medium,0
2024-07-19 13:00:00,Zone_09,36.0,27,18.8,0,4,13,low,0
2024-07-19 14:00:00,Zone_12,35.0,26,18.4,1,4,14,medium,0
2024-07-19 15:00:00,Zone_14,94.0,91,34.3,1,4,15,low,1
2024-07-19 16:00:00,Zone_01,28.0,30,21.5,0,4,16,medium,0
2024-07-19 17:00:00,Zone_18,107.0,105,31.3,0,4,17,low,0
2024-07-19 18:00:00,Zone_17,116.0,112,25.4,0,4,18,medium,0
2024-07-19 19:00:00,Zone_09,90.0,84,25.5,0,4,19,medium,0
2024-07-19 20:00:00,Zone_09,26.0,23,20.0,1,4,20,low,0
2024-07-19 21:00:00,Zone_10,53.0,50,26.0,0,4,21,high,0
2024-07-19 22:00:00,Zone_19,19.0,11,20.9,0,4,22,low,0
2024-07-19 23:00:00,Zone_15,18.0,17,15.6,0,4,23,low,0
2024-07-20 00:00:00,Zone_05,109.0,106,21.2,0,5,0,medium,1
2024-07-20 01:00:00,Zone_15,23.0,25,32.3,1,5,1,high,0
2024-07-20 02:00:00,Zone_20,27.0,35,26.3,0,5,2,high,0
2024-07-20 03:00:00,Zone_02,17.0,26,28.1,0,5,3,high,0
2024-07-20 04:00:00,Zone_13,1.0,5,22.0,0,5,4,low,0
2024-07-20 05:00:00,Zone_16,15.0,10,6.5,0,5,5,high,0
2024-07-20 06:00:00,Zone_15,47.0,50,12.2,0,5,6,high,0
2024-07-20 07:00:00,Zone_10,92.0,91,19.7,1,5,7,low,0
2024-07-20 08:00:00,Zone_14,77.0,85,12.9,0,5,8,medium,0
2024-07-20 09:00:00,Zone_10,172.0,172,17.8,1,5,9,medium,1
2024-07-20 10:00:00,Zone_14,,22,17.5,0,5,10,medium,0
2024-07-20 11:00:00,Zone_09,54.0,62,17.8,0,5,11,high,0
2024-07-20 12:00:00,Zone_14,30.0,24,33.5,1,5,12,low,0
2024-07-20 13:00:00,Zone_03,36.0,36,21.6,0,5,13,medium,0
2024-07-20 14:00:00,Zone_20,151.0,159,29.5,0,5,14,low,1
2024-07-20 15:00:00,Zone_16,26.0,16,23.3,1,5,15,medium,0
2024-07-20 16:00:00,Zone_02,48.0,39,33.3,0,5,16,high,0
2024-07-20 17:00:00,Zone_10,153.0,160,30.2,0,5,17,low,1
2024-07-20 18:00:00,Zone_03,117.0,120,17.3,0,5,18,medium,0
2024-07-20 19:00:00,Zone_11,187.0,186,37.7,0,5,19,high,1
2024-07-20 20:00:00,Zone_11,32.0,27,18.4,0,5,20,high,0
2024-07-20 21:00:00,Zone_13,32.0,36,23.6,0,5,21,medium,0
2024-07-20 22:00:00,Zone_07,157.0,148,25.0,1,5,22,low,1
2024-07-20 23:00:00,Zone_17,57.0,52,,1,5,23,medium,0
2024-07-21 00:00:00,Zone_02,16.0,18,28.4,0,6,0,high,0
2024-07-21 01:00:00,Zone_12,28.0,25,15.9,1,6,1,high,0
2024-07-21 02:00:00,Zone_10,84.0,88,27.7,0,6,2,low,1
2024-07-21 03:00:00,Zone_18,11.0,16,26.6,1,6,3,medium,0
2024-07-21 04:00:00,Zone_11,2.0,1,22.0,0,6,4,low,0
2024-07-21 05:00:00,Zone_16,1.0,4,20.5,0,6,5,low,0
2024-07-21 06:00:00,Zone_17,28.0,20,15.5,1,6,6,medium,0
2024-07-21 07:00:00,Zone_19,93.0,90,25.8,0,6,7,low,0
2024-07-21 08:00:00,Zone_18,71.0,61,16.7,0,6,8,low,0
2024-07-21 09:00:00,Zone_03,82.0,78,23.9,1,6,9,medium,0
2024-07-21 10:00:00,Zone_16,23.0,16,21.2,0,6,10,medium,0
2024-07-21 11:00:00,Zone_06,36.0,36,11.3,0,6,11,high,0
2024-07-21 12:00:00,Zone_12,36.0,38,14.5,0,6,12,medium,0
2024-07-21 13:00:00,Zone_11,44.0,43,25.2,0,6,13,medium,0
2024-07-21 14:00:00,Zone_15,121.0,123,17.8,0,6,14,low,1
2024-07-21 15:00:00,Zone_15,18.0,10,17.5,1,6,15,low,0
2024-07-21 16:00:00,Zone_16,39.0,46,15.9,0,6,16,medium,0
2024-07-21 17:00:00,Zone_10,98.0,94,16.2,1,6,17,low,0
2024-07-21 18:00:00,Zone_12,121.0,118,35.1,0,6,18,high,0
2024-07-21 19:00:00,Zone_13,119.0,128,13.0,0,6,19,medium,0
2024-07-21 20:00:00,Zone_04,29.0,20,33.8,0,6,20,low,0
2024-07-21 21:00:00,Zone_07,24.0,22,19.4,0,6,21,medium,0
2024-07-21 22:00:00,Zone_02,151.0,143,16.8,0,6,22,high,1
2024-07-21 23:00:00,Zone_15,74.0,66,25.1,0,6,23,low,0
2024-07-22 00:00:00,Zone_08,1.0,3,22.4,1,0,0,low,0
2024-07-22 01:00:00,Zone_07,30.0,20,20.4,0,0,1,high,0
2024-07-22 02:00:00,Zone_15,1.0,1,23.8,0,0,2,low,0
2024-07-22 03:00:00,Zone_14,8.0,7,22.3,0,0,3,low,0
2024-07-22 04:00:00,Zone_08,1.0,1,20.3,0,0,4,low,0
2024-07-22 05:00:00,Zone_12,71.0,78,29.5,1,0,5,medium,1
2024-07-22 06:00:00,Zone_13,31.0,33,10.4,1,0,6,medium,0
2024-07-22 07:00:00,Zone_11,97.0,94,14.7,0,0,7,medium,0
2024-07-22 08:00:00,Zone_17,99.0,89,15.7,1,0,8,high,0
2024-07-22 09:00:00,Zone_17,122.0,127,13.5,0,0,9,high,0
2024-07-22 10:00:00,Zone_04,43.0,38,22.7,0,0,10,high,0
2024-07-22 11:00:00,Zone_08,32.0,33,26.0,0,0,11,medium,0
2024-07-22 12:00:00,Zone_05,33.0,38,6.3,1,0,12,low,0
2024-07-22 13:00:00,Zone_16,42.0,42,18.2,0,0,13,high,0
2024-07-22 14:00:00,Zone_04,19.0,19,19.4,0,0,14,,0
2024-07-22 15:00:00,Zone_15,156.0,164,19.7,1,0,15,high,1
2024-07-22 16:00:00,Zone_12,,27,11.7,1,0,16,low,0
2024-07-22 17:00:00,Zone_05,135.0,129,19.5,0,0,17,high,0
2024-07-22 18:00:00,Zone_16,133.0,132,14.7,1,0,18,high,0
2024-07-22 19:00:00,Zone_14,96.0,87,19.3,0,0,19,medium,0
2024-07-22 20:00:00,Zone_10,31.0,32,8.2,0,0,20,low,0
2024-07-22 21:00:00,Zone_07,92.0,95,19.4,0,0,21,low,1
2024-07-22 22:00:00,Zone_13,34.0,38,16.2,0,0,22,,0
2024-07-22 23:00:00,Zone_20,21.0,13,19.9,0,0,23,low,0
2024-07-23 00:00:00,Zone_05,9.0,13,24.4,0,1,0,medium,0
2024-07-23 01:00:00,Zone_03,9.0,15,21.6,1,1,1,medium,0
2024-07-23 02:00:00,Zone_15,3.0,1,28.3,0,1,2,low,0
2024-07-23 03:00:00,Zone_04,7.0,5,19.1,1,1,3,medium,0
2024-07-23 04:00:00,Zone_15,10.0,6,27.0,0,1,4,medium,0
2024-07-23 05:00:00,Zone_14,3.0,12,31.0,0,1,5,low,0
2024-07-23 06:00:00,Zone_20,32.0,33,24.2,0,1,6,medium,0
2024-07-23 07:00:00,Zone_19,121.0,117,21.8,0,1,7,high,0
2024-07-23 08:00:00,Zone_13,69.0,76,25.3,1,1,8,low,0
2024-07-23 09:00:00,Zone_10,76.0,67,24.5,0,1,9,low,0
2024-07-23 10:00:00,Zone_05,45.0,50,30.0,0,1,10,high,0
2024-07-23 11:00:00,Zone_20,24.0,24,28.4,1,1,11,low,0
2024-07-23 12:00:00,Zone_20,90.0,98,28.4,1,1,12,low,1
2024-07-23 13:00:00,Zone_06,37.0,32,22.4,0,1,13,medium,0
2024-07-23 14:00:00,Zone_04,16.0,25,24.7,0,1,14,low,0
2024-07-23 15:00:00,Zone_02,28.0,24,24.6,1,1,15,low,0
2024-07-23 16:00:00,Zone_16,42.0,44,12.3,0,1,16,high,0
2024-07-23 17:00:00,Zone_18,211.0,206,30.6,0,1,17,low,1
2024-07-23 18:00:00,Zone_05,87.0,84,8.6,0,1,18,high,0
2024-07-23 19:00:00,Zone_04,101.0,95,27.7,0,1,19,low,0
2024-07-23 20:00:00,Zone_13,45.0,35,24.1,1,1,20,high,0
2024-07-23 21:00:00,Zone_19,33.0,42,19.7,0,1,21,medium,0
2024-07-23 22:00:00,Zone_02,21.0,12,25.1,1,1,22,low,0
2024-07-23 23:00:00,Zone_13,32.0,27,25.3,0,1,23,medium,0
2024-07-24 00:00:00,Zone_11,33.0,31,11.5,0,2,0,high,0
2024-07-24 01:00:00,Zone_04,6.0,4,33.3,0,2,1,low,0
2024-07-24 02:00:00,Zone_20,116.0,111,22.6,0,2,2,medium,1
2024-07-24 03:00:00,Zone_20,1.0,1,40.5,1,2,3,medium,0
2024-07-24 04:00:00,Zone_15,17.0,11,28.3,0,2,4,high,0
2024-07-24 05:00:00,Zone_04,14.0,19,22.4,0,2,5,medium,0
2024-07-24 06:00:00,Zone_09,,11,16.5,0,2,6,low,0
2024-07-24 07:00:00,Zone_07,134.0,135,21.1,0,2,7,low,1
2024-07-24 08:00:00,Zone_19,74.0,75,23.2,0,2,8,,0
2024-07-24 09:00:00,Zone_19,,121,33.7,0,2,9,high,0
2024-07-24 10:00:00,Zone_06,35.0,33,31.8,0,2,10,low,0
2024-07-24 11:00:00,Zone_06,134.0,142,,0,2,11,medium,1
2024-07-24 12:00:00,Zone_20,17.0,25,36.2,0,2,12,low,0
2024-07-24 13:00:00,Zone_15,23.0,29,5.9,1,2,13,medium,0
2024-07-24 14:00:00,Zone_15,27.0,17,25.7,0,2,14,medium,0
2024-07-24 15:00:00,Zone_20,51.0,42,32.0,1,2,15,medium,0
2024-07-24 16:00:00,Zone_09,36.0,43,26.4,1,2,16,high,0
2024-07-24 17:00:00,Zone_04,82.0,73,11.3,0,2,17,low,0
2024-07-24 18:00:00,Zone_18,72.0,67,33.1,0,2,18,low,0
2024-07-24 19:00:00,Zone_18,,128,28.1,0,2,19,high,0
2024-07-24 20:00:00,Zone_05,21.0,29,24.7,0,2,20,low,0
2024-07-24 21:00:00,Zone_20,20.0,11,22.7,0,2,21,medium,0
2024-07-24 22:00:00,Zone_11,27.0,34,37.9,1,2,22,medium,0
2024-07-24 23:00:00,Zone_05,23.0,28,25.6,1,2,23,medium,0
2024-07-25 00:00:00,Zone_04,114.0,116,20.1,1,3,0,low,1
2024-07-25 01:00:00,Zone_12,106.0,110,15.5,0,3,1,low,1
2024-07-25 02:00:00,Zone_02,21.0,12,28.1,0,3,2,medium,0
2024-07-25 03:00:00,Zone_13,1.0,3,29.9,0,3,3,low,0
2024-07-25 04:00:00,Zone_10,7.0,2,22.5,0,3,4,medium,0
2024-07-25 05:00:00,Zone_09,1.0,1,17.5,1,3,5,medium,0
2024-07-25 06:00:00,Zone_10,103.0,111,32.6,0,3,6,medium,1
2024-07-25 07:00:00,Zone_07,198.0,189,,0,3,7,low,1
2024-07-25 08:00:00,Zone_04,88.0,82,37.8,0,3,8,high,0
2024-07-25 09:00:00,Zone_19,101.0,104,16.1,0,3,9,medium,0
2024-07-25 10:00:00,Zone_10,31.0,35,11.8,0,3,10,medium,0
2024-07-25 11:00:00,Zone_03,57.0,48,12.8,0,3,11,high,0
2024-07-25 12:00:00,Zone_19,31.0,26,13.1,0,3,12,medium,0
2024-07-25 13:00:00,Zone_02,45.0,46,,0,3,13,high,0
2024-07-25 14:00:00,Zone_20,23.0,20,18.3,0,3,14,low,0
2024-07-25 15:00:00,Zone_10,47.0,47,30.2,1,3,15,high,0
2024-07-25 16:00:00,Zone_02,26.0,20,29.1,0,3,16,,0
2024-07-25 17:00:00,Zone_02,140.0,134,20.2,1,3,17,high,0
2024-07-25 18:00:00,Zone_17,,110,45.0,1,3,18,high,0
2024-07-25 19:00:00,Zone_16,168.0,169,20.1,0,3,19,low,1
2024-07-25 20:00:00,Zone_16,34.0,39,21.2,1,3,20,medium,0
2024-07-25 21:00:00,Zone_14,125.0,119,11.8,0,3,21,medium,1
2024-07-25 22:00:00,Zone_07,28.0,35,21.4,0,3,22,low,0
2024-07-25 23:00:00,Zone_11,45.0,36,24.4,0,3,23,high,0
2024-07-26 00:00:00,Zone_01,1.0,1,12.5,0,4,0,low,0
2024-07-26 01:00:00,Zone_11,18.0,21,18.0,1,4,1,high,0
2024-07-26 02:00:00,Zone_04,2.0,1,24.6,0,4,2,low,0
2024-07-26 03:00:00,Zone_07,5.0,9,17.8,0,4,3,medium,0
2024-07-26 04:00:00,Zone_15,133.0,139,16.1,0,4,4,low,1
2024-07-26 05:00:00,Zone_18,120.0,122,28.3,0,4,5,low,1
2024-07-26 06:00:00,Zone_12,26.0,30,11.7,0,4,6,medium,0
2024-07-26 07:00:00,Zone_17,83.0,74,13.3,0,4,7,medium,0
2024-07-26 08:00:00,Zone_01,88.0,94,23.4,1,4,8,low,0
2024-07-26 09:00:00,Zone_11,115.0,105,28.8,0,4,9,high,0
2024-07-26 10:00:00,Zone_01,28.0,18,24.4,1,4,10,low,0
2024-07-26 11:00:00,Zone_15,54.0,58,20.2,0,4,11,high,0
2024-07-26 12:00:00,Zone_10,28.0,24,19.6,0,4,12,medium,0
2024-07-26 13:00:00,Zone_07,18.0,22,30.1,0,4,13,medium,0
2024-07-26 14:00:00,Zone_02,24.0,33,28.9,0,4,14,low,0
2024-07-26 15:00:00,Zone_10,32.0,41,22.4,0,4,15,medium,0
2024-07-26 16:00:00,Zone_04,29.0,25,19.8,0,4,16,medium,0
2024-07-26 17:00:00,Zone_12,91.0,84,22.3,0,4,17,low,0
2024-07-26 18:00:00,Zone_19,100.0,100,16.2,0,4,18,low,0
2024-07-26 19:00:00,Zone_11,98.0,99,20.8,0,4,19,low,0
2024-07-26 20:00:00,Zone_08,17.0,19,18.1,0,4,20,low,0
2024-07-26 21:00:00,Zone_18,22.0,16,21.2,0,4,21,low,0
2024-07-26 22:00:00,Zone_11,27.0,27,18.4,0,4,22,low,0
2024-07-26 23:00:00,Zone_11,30.0,25,26.2,0,4,23,medium,0
2024-07-27 00:00:00,Zone_13,1.0,1,28.5,0,5,0,low,0
2024-07-27 01:00:00,Zone_03,1.0,3,19.0,0,5,1,low,0
2024-07-27 02:00:00,Zone_12,10.0,6,15.5,0,5,2,low,0
2024-07-27 03:00:00,Zone_03,12.0,12,27.7,1,5,3,medium,0
2024-07-27 04:00:00,Zone_10,2.0,6,23.5,1,5,4,low,0
2024-07-27 05:00:00,Zone_17,6.0,1,19.1,0,5,5,medium,0
2024-07-27 06:00:00,Zone_02,128.0,123,33.0,0,5,6,,1
2024-07-27 07:00:00,Zone_17,97.0,97,17.5,0,5,7,medium,0
2024-07-27 08:00:00,Zone_16,67.0,72,6.1,0,5,8,low,0
2024-07-27 09:00:00,Zone_02,105.0,107,16.3,0,5,9,medium,0
2024-07-27 10:00:00,Zone_20,23.0,15,34.9,0,5,10,low,0
2024-07-27 11:00:00,Zone_06,40.0,47,19.5,0,5,11,high,0
2024-07-27 12:00:00,Zone_10,119.0,127,17.9,0,5,12,high,1
2024-07-27 13:00:00,Zone_10,29.0,34,22.2,0,5,13,medium,0
2024-07-27 14:00:00,Zone_08,44.0,36,30.1,0,5,14,high,0
2024-07-27 15:00:00,Zone_01,28.0,36,21.3,0,5,15,medium,0
2024-07-27 16:00:00,Zone_13,31.0,34,26.7,0,5,16,low,0
2024-07-27 17:00:00,Zone_09,82.0,89,20.5,0,5,17,low,0
2024-07-27 18:00:00,Zone_10,112.0,114,26.8,1,5,18,medium,0
2024-07-27 19:00:00,Zone_15,206.0,207,23.4,1,5,19,high,1
2024-07-27 20:00:00,Zone_05,42.0,34,18.8,0,5,20,high,0
2024-07-27 21:00:00,Zone_16,17.0,11,24.1,0,5,21,medium,0
2024-07-27 22:00:00,Zone_13,67.0,57,17.7,1,5,22,medium,0
2024-07-27 23:00:00,Zone_20,71.0,73,11.0,0,5,23,medium,0
2024-07-28 00:00:00,Zone_18,30.0,34,21.8,0,6,0,high,0
2024-07-28 01:00:00,Zone_11,80.0,75,,1,6,1,medium,1
2024-07-28 02:00:00,Zone_09,96.0,95,26.8,0,6,2,medium,1
2024-07-28 03:00:00,Zone_16,1.0,4,21.7,0,6,3,medium,0
2024-07-28 04:00:00,Zone_02,20.0,25,33.4,0,6,4,high,0
2024-07-28 05:00:00,Zone_02,92.0,96,19.4,1,6,5,high,1
2024-07-28 06:00:00,Zone_12,31.0,24,21.8,0,6,6,low,0
2024-07-28 07:00:00,Zone_08,64.0,54,10.2,0,6,7,low,0
2024-07-28 08:00:00,Zone_09,125.0,119,13.2,0,6,8,high,0
2024-07-28 09:00:00,Zone_12,238.0,244,8.6,0,6,9,high,1
2024-07-28 10:00:00,Zone_09,33.0,25,30.6,1,6,10,medium,0
2024-07-28 11:00:00,Zone_10,34.0,33,18.3,0,6,11,medium,0
2024-07-28 12:00:00,Zone_02,47.0,50,32.6,0,6,12,high,0
2024-07-28 13:00:00,Zone_16,29.0,27,0.6,1,6,13,high,0
2024-07-28 14:00:00,Zone_20,53.0,58,34.4,0,6,14,high,0
2024-07-28 15:00:00,Zone_07,143.0,150,21.5,1,6,15,low,1
2024-07-28 16:00:00,Zone_02,27.0,27,24.7,1,6,16,medium,0
2024-07-28 17:00:00,Zone_01,195.0,189,13.5,0,6,17,low,1
2024-07-28 18:00:00,Zone_19,107.0,109,26.2,1,6,18,high,0
2024-07-28 19:00:00,Zone_04,140.0,141,19.0,0,6,19,low,1
2024-07-28 20:00:00,Zone_02,39.0,38,12.4,0,6,20,medium,0
2024-07-28 21:00:00,Zone_14,38.0,38,12.3,0,6,21,medium,0
2024-07-28 22:00:00,Zone_02,94.0,99,12.2,0,6,22,high,0
2024-07-28 23:00:00,Zone_15,74.0,69,25.0,0,6,23,medium,0
2024-07-29 00:00:00,Zone_12,7.0,1,16.9,0,0,0,low,0
2024-07-29 01:00:00,Zone_05,15.0,7,8.9,1,0,1,medium,0
2024-07-29 02:00:00,Zone_20,3.0,12,25.0,0,0,2,medium,0
2024-07-29 03:00:00,Zone_07,1.0,8,4.6,0,0,3,low,0
2024-07-29 04:00:00,Zone_10,17.0,17,32.6,0,0,4,high,0
2024-07-29 05:00:00,Zone_14,119.0,110,37.9,0,0,5,medium,1
2024-07-29 06:00:00,Zone_14,34.0,26,11.5,0,0,6,medium,0
2024-07-29 07:00:00,Zone_05,164.0,166,30.4,0,0,7,medium,1
2024-07-29 08:00:00,Zone_18,,108,24.8,1,0,8,high,0
2024-07-29 09:00:00,Zone_14,108.0,105,18.0,0,0,9,high,0
2024-07-29 10:00:00,Zone_02,31.0,25,18.4,0,0,10,medium,0
2024-07-29 11:00:00,Zone_12,39.0,33,27.2,1,0,11,high,0
2024-07-29 12:00:00,Zone_06,91.0,98,21.7,0,0,12,medium,1
2024-07-29 13:00:00,Zone_04,20.0,20,1.2,0,0,13,medium,0
2024-07-29 14:00:00,Zone_13,33.0,38,38.6,0,0,14,high,0
2024-07-29 15:00:00,Zone_04,34.0,40,25.5,0,0,15,medium,0
2024-07-29 16:00:00,Zone_14,136.0,129,21.6,0,0,16,medium,1
2024-07-29 17:00:00,Zone_16,121.0,118,16.3,0,0,17,high,0
2024-07-29 18:00:00,Zone_04,118.0,116,20.5,0,0,18,low,0
2024-07-29 19:00:00,Zone_01,76.0,80,32.2,0,0,19,low,0
2024-07-29 20:00:00,Zone_13,32.0,27,24.1,0,0,20,medium,0
2024-07-29 21:00:00,Zone_04,124.0,117,25.0,1,0,21,low,1
2024-07-29 22:00:00,Zone_20,48.0,52,12.0,1,0,22,high,0
2024-07-29 23:00:00,Zone_18,28.0,24,19.2,0,0,23,low,0
2024-07-30 00:00:00,Zone_06,16.0,16,22.4,0,1,0,low,0
2024-07-30 01:00:00,Zone_03,29.0,19,27.6,1,1,1,high,0
2024-07-30 02:00:00,Zone_13,5.0,11,18.7,0,1,2,low,0
2024-07-30 03:00:00,Zone_16,122.0,128,29.4,0,1,3,medium,1
2024-07-30 04:00:00,Zone_05,136.0,143,12.8,0,1,4,high,1
2024-07-30 05:00:00,Zone_04,13.0,6,22.6,0,1,5,high,0
2024-07-30 06:00:00,Zone_08,38.0,41,21.2,0,1,6,high,0
2024-07-30 07:00:00,Zone_19,134.0,134,9.9,0,1,7,low,1
2024-07-30 08:00:00,Zone_14,87.0,93,21.6,0,1,8,low,0
2024-07-30 09:00:00,Zone_07,66.0,65,17.3,0,1,9,low,0
2024-07-30 10:00:00,Zone_14,23.0,31,33.3,1,1,10,,0
2024-07-30 11:00:00,Zone_06,40.0,45,18.7,1,1,11,medium,0
2024-07-30 12:00:00,Zone_12,24.0,32,24.8,0,1,12,medium,0
2024-07-30 13:00:00,Zone_16,94.0,103,12.2,1,1,13,medium,1
2024-07-30 14:00:00,Zone_17,18.0,21,23.9,0,1,14,low,0
2024-07-30 15:00:00,Zone_13,24.0,28,18.7,0,1,15,medium,0
2024-07-30 16:00:00,Zone_14,30.0,30,15.8,0,1,16,low,0
2024-07-30 17:00:00,Zone_07,67.0,75,44.7,0,1,17,low,0
2024-07-30 18:00:00,Zone_14,119.0,116,19.2,1,1,18,medium,0
2024-07-30 19:00:00,Zone_15,90.0,84,20.3,0,1,19,medium,0
2024-07-30 20:00:00,Zone_12,33.0,34,29.2,0,1,20,high,0
2024-07-30 21:00:00,Zone_17,158.0,161,15.9,0,1,21,high,1
2024-07-30 22:00:00,Zone_09,25.0,30,25.2,0,1,22,medium,0
2024-07-30 23:00:00,Zone_15,106.0,103,26.1,0,1,23,medium,1
2024-07-31 00:00:00,Zone_12,65.0,66,24.0,0,2,0,low,1
2024-07-31 01:00:00,Zone_02,1.0,6,40.4,0,2,1,low,0
2024-07-31 02:00:00,Zone_05,86.0,82,15.6,0,2,2,high,1
2024-07-31 03:00:00,Zone_13,5.0,2,34.3,0,2,3,low,0
2024-07-31 04:00:00,Zone_20,1.0,8,25.8,0,2,4,medium,0
2024-07-31 05:00:00,Zone_08,10.0,5,29.3,1,2,5,low,0
2024-07-31 06:00:00,Zone_14,24.0,19,24.7,0,2,6,low,0
2024-07-31 07:00:00,Zone_15,212.0,215,37.0,0,2,7,high,1
2024-07-31 08:00:00,Zone_11,91.0,94,19.4,0,2,8,low,0
2024-07-31 09:00:00,Zone_01,81.0,77,26.0,0,2,9,medium,0
2024-07-31 10:00:00,Zone_03,31.0,24,32.4,0,2,10,low,0
2024-07-31 11:00:00,Zone_17,30.0,38,17.5,0,2,11,medium,0
2024-07-31 12:00:00,Zone_19,36.0,44,30.0,0,2,12,medium,0
2024-07-31 13:00:00,Zone_14,32.0,32,21.9,0,2,13,medium,0
2024-07-31 14:00:00,Zone_08,38.0,42,12.1,0,2,14,high,0
2024-07-31 15:00:00,Zone_13,26.0,31,10.4,1,2,15,low,0
2024-07-31 16:00:00,Zone_20,28.0,20,21.3,0,2,16,medium,0
2024-07-31 17:00:00,Zone_03,89.0,79,29.9,0,2,17,medium,0
2024-07-31 18:00:00,Zone_05,92.0,88,5.4,0,2,18,high,0
2024-07-31 19:00:00,Zone_09,101.0,98,23.6,0,2,19,low,0
2024-07-31 20:00:00,Zone_06,108.0,108,29.1,0,2,20,low,1
2024-07-31 21:00:00,Zone_02,15.0,9,11.8,0,2,21,low,0
2024-07-31 22:00:00,Zone_13,23.0,22,16.9,1,2,22,low,0
2024-07-31 23:00:00,Zone_05,29.0,38,26.6,0,2,23,low,0
2024-08-01 00:00:00,Zone_08,3.0,8,28.8,0,3,0,low,0
2024-08-01 01:00:00,Zone_01,30.0,20,34.8,0,3,1,medium,0
2024-08-01 02:00:00,Zone_20,21.0,20,17.3,0,3,2,high,0
2024-08-01 03:00:00,Zone_12,23.0,32,15.5,0,3,3,low,0
2024-08-01 04:00:00,Zone_11,17.0,10,35.2,0,3,4,high,0
2024-08-01 05:00:00,Zone_07,22.0,31,16.0,0,3,5,high,0
2024-08-01 06:00:00,Zone_15,46.0,50,26.1,0,3,6,high,0
2024-08-01 07:00:00,Zone_11,172.0,167,39.5,0,3,7,high,1
2024-08-01 08:00:00,Zone_16,112.0,116,28.0,1,3,8,high,0
2024-08-01 09:00:00,Zone_03,208.0,212,28.3,0,3,9,high,1
2024-08-01 10:00:00,Zone_20,26.0,32,32.2,0,3,10,medium,0
2024-08-01 11:00:00,Zone_14,34.0,43,26.2,1,3,11,medium,0
2024-08-01 12:00:00,Zone_03,43.0,49,28.3,0,3,12,high,0
2024-08-01 13:00:00,Zone_01,82.0,88,19.3,1,3,13,medium,1
2024-08-01 14:00:00,Zone_15,33.0,34,31.3,0,3,14,low,0
2024-08-01 15:00:00,Zone_01,144.0,144,25.3,0,3,15,high,1
2024-08-01 16:00:00,Zone_17,21.0,26,10.2,0,3,16,medium,0
2024-08-01 17:00:00,Zone_02,83.0,85,23.9,1,3,17,high,0
2024-08-01 18:00:00,Zone_20,69.0,75,4.6,0,3,18,low,0
2024-08-01 19:00:00,Zone_06,94.0,92,27.7,1,3,19,medium,0
2024-08-01 20:00:00,Zone_08,23.0,13,,0,3,20,low,0
2024-08-01 21:00:00,Zone_16,137.0,144,37.2,0,3,21,high,1
2024-08-01 22:00:00,Zone_19,20.0,12,25.9,0,3,22,low,0
2024-08-01 23:00:00,Zone_01,122.0,122,29.4,0,3,23,high,1
2024-08-02 00:00:00,Zone_03,6.0,6,13.6,1,4,0,low,0
2024-08-02 01:00:00,Zone_03,1.0,5,,0,4,1,low,0
2024-08-02 02:00:00,Zone_05,115.0,107,16.9,0,4,2,low,1
2024-08-02 03:00:00,Zone_12,5.0,1,30.7,0,4,3,low,0
2024-08-02 04:00:00,Zone_12,18.0,8,13.1,0,4,4,medium,0
2024-08-02 05:00:00,Zone_20,113.0,118,22.9,0,4,5,low,1
2024-08-02 06:00:00,Zone_13,39.0,38,12.7,0,4,6,,0
2024-08-02 07:00:00,Zone_20,102.0,106,23.0,0,4,7,low,0
2024-08-02 08:00:00,Zone_09,87.0,81,38.2,0,4,8,high,0
2024-08-02 09:00:00,Zone_07,80.0,71,27.8,0,4,9,low,0
2024-08-02 10:00:00,Zone_04,36.0,30,21.7,1,4,10,medium,0
2024-08-02 11:00:00,Zone_19,26.0,26,2.3,1,4,11,medium,0
2024-08-02 12:00:00,Zone_19,50.0,44,17.7,1,4,12,high,0
2024-08-02 13:00:00,Zone_06,178.0,168,25.8,0,4,13,high,1
2024-08-02 14:00:00,Zone_13,145.0,144,17.9,0,4,14,high,1
2024-08-02 15:00:00,Zone_11,27.0,18,33.4,0,4,15,low,0
2024-08-02 16:00:00,Zone_13,45.0,53,22.6,1,4,16,high,0
2024-08-02 17:00:00,Zone_13,134.0,134,30.6,0,4,17,high,0
2024-08-02 18:00:00,Zone_20,140.0,147,23.6,0,4,18,high,0
2024-08-02 19:00:00,Zone_15,86.0,78,19.8,0,4,19,low,0
2024-08-02 20:00:00,Zone_13,129.0,128,18.2,1,4,20,high,1
2024-08-02 21:00:00,Zone_11,87.0,83,13.9,0,4,21,medium,1
2024-08-02 22:00:00,Zone_19,25.0,15,30.8,1,4,22,medium,0
2024-08-02 23:00:00,Zone_08,27.0,26,18.6,0,4,23,medium,0
2024-08-03 00:00:00,Zone_20,1.0,1,26.2,0,5,0,medium,0
2024-08-03 01:00:00,Zone_08,97.0,87,17.8,0,5,1,medium,1
2024-08-03 02:00:00,Zone_10,20.0,26,13.3,0,5,2,medium,0
2024-08-03 03:00:00,Zone_16,20.0,23,26.4,0,5,3,high,0
2024-08-03 04:00:00,Zone_19,15.0,8,16.0,1,5,4,medium,0
2024-08-03 05:00:00,Zone_11,10.0,15,18.8,0,5,5,medium,0
2024-08-03 06:00:00,Zone_13,29.0,25,12.0,1,5,6,low,0
2024-08-03 07:00:00,Zone_09,117.0,107,18.1,0,5,7,high,0
2024-08-03 08:00:00,Zone_20,83.0,78,22.2,0,5,8,medium,0
2024-08-03 09:00:00,Zone_19,110.0,113,19.7,0,5,9,low,0
2024-08-03 10:00:00,Zone_16,43.0,36,28.5,0,5,10,high,0
2024-08-03 11:00:00,Zone_07,108.0,112,23.2,0,5,11,low,1
2024-08-03 12:00:00,Zone_19,13.0,13,45.0,1,5,12,low,0
2024-08-03 13:00:00,Zone_12,38.0,45,25.4,1,5,13,medium,0
2024-08-03 14:00:00,Zone_15,19.0,10,8.1,0,5,14,medium,0
2024-08-03 15:00:00,Zone_14,21.0,16,20.3,1,5,15,low,0
2024-08-03 16:00:00,Zone_11,23.0,28,21.0,0,5,16,low,0
2024-08-03 17:00:00,Zone_10,162.0,165,17.1,0,5,17,high,1
2024-08-03 18:00:00,Zone_11,110.0,112,22.6,1,5,18,low,0
2024-08-03 19:00:00,Zone_06,114.0,115,16.9,0,5,19,low,0
2024-08-03 20:00:00,Zone_02,48.0,56,24.7,1,5,20,high,0
2024-08-03 21:00:00,Zone_11,28.0,29,6.7,0,5,21,low,0
2024-08-03 22:00:00,Zone_19,50.0,41,31.2,1,5,22,medium,0
2024-08-03 23:00:00,Zone_06,66.0,64,9.4,0,5,23,low,0
2024-08-04 00:00:00,Zone_14,3.0,1,19.9,0,6,0,medium,0
2024-08-04 01:00:00,Zone_20,21.0,26,16.1,0,6,1,medium,0
2024-08-04 02:00:00,Zone_06,37.0,34,24.4,1,6,2,high,0
2024-08-04 03:00:00,Zone_17,18.0,12,20.5,0,6,3,medium,0
2024-08-04 04:00:00,Zone_10,16.0,15,24.0,1,6,4,medium,0
2024-08-04 05:00:00,Zone_01,105.0,100,30.9,0,6,5,high,1
2024-08-04 06:00:00,Zone_03,41.0,34,28.1,0,6,6,high,0
2024-08-04 07:00:00,Zone_08,70.0,60,22.3,0,6,7,low,0
2024-08-04 08:00:00,Zone_08,113.0,111,25.7,1,6,8,high,0
2024-08-04 09:00:00,Zone_20,66.0,63,37.7,0,6,9,medium,0
2024-08-04 10:00:00,Zone_15,30.0,22,28.4,0,6,10,medium,0
2024-08-04 11:00:00,Zone_07,29.0,19,19.7,1,6,11,medium,0
2024-08-04 12:00:00,Zone_11,100.0,102,32.2,0,6,12,medium,1
2024-08-04 13:00:00,Zone_07,17.0,24,25.1,0,6,13,low,0
2024-08-04 14:00:00,Zone_04,29.0,30,14.3,0,6,14,medium,0
2024-08-04 15:00:00,Zone_12,22.0,22,20.6,0,6,15,medium,0
2024-08-04 16:00:00,Zone_06,92.0,96,10.2,0,6,16,low,1
2024-08-04 17:00:00,Zone_14,102.0,109,3.7,0,6,17,medium,0
2024-08-04 18:00:00,Zone_12,,114,14.4,1,6,18,high,0
2024-08-04 19:00:00,Zone_11,111.0,105,23.0,0,6,19,medium,0
2024-08-04 20:00:00,Zone_19,29.0,23,23.0,0,6,20,medium,0
2024-08-04 21:00:00,Zone_05,45.0,50,10.7,0,6,21,high,0
2024-08-04 22:00:00,Zone_14,63.0,69,3.0,1,6,22,medium,0
2024-08-04 23:00:00,Zone_16,68.0,76,33.8,0,6,23,low,0
2024-08-05 00:00:00,Zone_13,7.0,3,22.8,0,0,0,medium,0
2024-08-05 01:00:00,Zone_20,17.0,13,34.4,0,0,1,low,0
2024-08-05 02:00:00,Zone_04,31.0,38,34.0,0,0,2,high,0
2024-08-05 03:00:00,Zone_11,26.0,18,27.9,0,0,3,high,0
2024-08-05 04:00:00,Zone_17,15.0,14,22.5,1,0,4,,0
2024-08-05 05:00:00,Zone_07,103.0,110,18.8,0,0,5,medium,1
2024-08-05 06:00:00,Zone_14,104.0,105,27.7,0,0,6,medium,1
2024-08-05 07:00:00,Zone_11,163.0,157,20.7,0,0,7,low,1
2024-08-05 08:00:00,Zone_09,221.0,216,17.3,1,0,8,high,1
2024-08-05 09:00:00,Zone_13,98.0,100,5.2,0,0,9,,0
2024-08-05 10:00:00,Zone_18,23.0,15,21.3,0,0,10,low,0
2024-08-05 11:00:00,Zone_11,39.0,34,30.8,0,0,11,high,0
2024-08-05 12:00:00,Zone_15,17.0,15,32.1,1,0,12,low,0
2024-08-05 13:00:00,Zone_19,45.0,37,22.4,0,0,13,high,0
2024-08-05 14:00:00,Zone_01,100.0,91,14.9,0,0,14,medium,1
2024-08-05 15:00:00,Zone_04,41.0,47,29.2,0,0,15,medium,0
2024-08-05 16:00:00,Zone_14,116.0,122,21.9,1,0,16,low,1
2024-08-05 17:00:00,Zone_14,84.0,84,19.1,1,0,17,low,0
2024-08-05 18:00:00,Zone_03,98.0,95,10.4,0,0,18,high,0
2024-08-05 19:00:00,Zone_17,102.0,93,38.8,0,0,19,medium,0
2024-08-05 20:00:00,Zone_03,41.0,47,27.9,1,0,20,high,0
2024-08-05 21:00:00,Zone_16,36.0,34,28.8,0,0,21,medium,0
2024-08-05 22:00:00,Zone_14,48.0,57,15.1,0,0,22,high,0
2024-08-05 23:00:00,Zone_20,44.0,46,22.6,0,0,23,high,0
2024-08-06 00:00:00,Zone_13,126.0,119,21.3,1,1,0,medium,1
2024-08-06 01:00:00,Zone_15,10.0,3,28.3,1,1,1,medium,0
2024-08-06 02:00:00,Zone_14,30.0,27,,1,1,2,high,0
2024-08-06 03:00:00,Zone_19,9.0,7,10.5,0,1,3,low,0
2024-08-06 04:00:00,Zone_06,143.0,135,,0,1,4,high,1
2024-08-06 05:00:00,Zone_10,85.0,81,27.2,0,1,5,medium,1
2024-08-06 06:00:00,Zone_15,17.0,24,17.9,1,1,6,medium,0
2024-08-06 07:00:00,Zone_20,104.0,106,28.5,0,1,7,low,0
2024-08-06 08:00:00,Zone_06,101.0,92,19.0,1,1,8,high,0
2024-08-06 09:00:00,Zone_10,91.0,94,12.0,0,1,9,low,0
2024-08-06 10:00:00,Zone_07,36.0,39,7.9,0,1,10,high,0
2024-08-06 11:00:00,Zone_17,35.0,41,25.9,1,1,11,medium,0
2024-08-06 12:00:00,Zone_18,24.0,15,26.1,0,1,12,low,0
2024-08-06 13:00:00,Zone_17,58.0,66,29.8,0,1,13,high,0
2024-08-06 14:00:00,Zone_09,51.0,50,24.6,0,1,14,high,0
2024-08-06 15:00:00,Zone_10,37.0,45,0.0,0,1,15,high,0
2024-08-06 16:00:00,Zone_10,,42,26.0,1,1,16,medium,0
2024-08-06 17:00:00,Zone_07,117.0,119,10.3,0,1,17,medium,0
2024-08-06 18:00:00,Zone_16,176.0,181,7.1,0,1,18,medium,1
2024-08-06 19:00:00,Zone_18,125.0,134,6.1,0,1,19,medium,0
2024-08-06 20:00:00,Zone_06,23.0,24,5.4,0,1,20,low,0
2024-08-06 21:00:00,Zone_20,36.0,29,24.2,1,1,21,low,0
2024-08-06 22:00:00,Zone_01,47.0,48,16.2,1,1,22,high,0
2024-08-06 23:00:00,Zone_01,40.0,42,9.8,1,1,23,medium,0
2024-08-07 00:00:00,Zone_12,26.0,17,22.2,1,2,0,high,0
2024-08-07 01:00:00,Zone_02,119.0,110,13.2,0,2,1,low,1
2024-08-07 02:00:00,Zone_04,93.0,91,29.8,1,2,2,high,1
2024-08-07 03:00:00,Zone_17,8.0,15,33.6,0,2,3,medium,0
2024-08-07 04:00:00,Zone_04,18.0,23,20.3,0,2,4,high,0
2024-08-07 05:00:00,Zone_11,9.0,12,33.0,0,2,5,medium,0
2024-08-07 06:00:00,Zone_04,36.0,26,33.0,1,2,6,high,0
2024-08-07 07:00:00,Zone_01,110.0,113,22.7,0,2,7,medium,0
2024-08-07 08:00:00,Zone_07,64.0,60,35.9,0,2,8,medium,0
2024-08-07 09:00:00,Zone_18,81.0,76,17.0,0,2,9,low,0
2024-08-07 10:00:00,Zone_09,113.0,122,6.4,0,2,10,medium,1
2024-08-07 11:00:00,Zone_03,50.0,43,9.6,0,2,11,high,0
2024-08-07 12:00:00,Zone_08,30.0,30,16.7,0,2,12,low,0
2024-08-07 13:00:00,Zone_19,34.0,29,26.3,0,2,13,medium,0
2024-08-07 14:00:00,Zone_04,22.0,18,12.8,0,2,14,low,0
2024-08-07 15:00:00,Zone_18,38.0,45,16.6,0,2,15,high,0
2024-08-07 16:00:00,Zone_20,39.0,35,12.0,0,2,16,high,0
2024-08-07 17:00:00,Zone_11,85.0,87,16.8,0,2,17,medium,0
2024-08-07 18:00:00,Zone_14,102.0,101,32.7,0,2,18,low,0
2024-08-07 19:00:00,Zone_18,181.0,176,24.9,0,2,19,medium,1
2024-08-07 20:00:00,Zone_16,27.0,19,17.4,0,2,20,low,0
2024-08-07 21:00:00,Zone_03,28.0,18,31.8,1,2,21,medium,0
2024-08-07 22:00:00,Zone_15,18.0,23,22.2,1,2,22,low,0
2024-08-07 23:00:00,Zone_04,31.0,22,23.1,0,2,23,medium,0
2024-08-08 00:00:00,Zone_05,2.0,8,31.1,0,3,0,low,0
2024-08-08 01:00:00,Zone_17,8.0,17,19.3,0,3,1,,0
2024-08-08 02:00:00,Zone_07,1.0,4,29.3,1,3,2,low,0
2024-08-08 03:00:00,Zone_16,103.0,102,28.8,1,3,3,medium,1
2024-08-08 04:00:00,Zone_14,,20,20.8,0,3,4,medium,0
2024-08-08 05:00:00,Zone_16,70.0,71,10.8,0,3,5,low,1
2024-08-08 06:00:00,Zone_07,29.0,29,22.1,0,3,6,medium,0
2024-08-08 07:00:00,Zone_09,192.0,197,31.1,0,3,7,high,1
2024-08-08 08:00:00,Zone_04,89.0,82,28.6,0,3,8,low,0
2024-08-08 09:00:00,Zone_11,79.0,79,35.7,0,3,9,high,0
2024-08-08 10:00:00,Zone_02,24.0,26,18.1,0,3,10,medium,0
2024-08-08 11:00:00,Zone_12,22.0,19,28.2,0,3,11,low,0
2024-08-08 12:00:00,Zone_12,24.0,30,13.9,1,3,12,,0
2024-08-08 13:00:00,Zone_04,20.0,20,23.6,0,3,13,medium,0
2024-08-08 14:00:00,Zone_18,113.0,106,30.8,0,3,14,medium,1
2024-08-08 15:00:00,Zone_07,20.0,29,29.3,0,3,15,low,0
2024-08-08 16:00:00,Zone_01,43.0,44,22.8,0,3,16,high,0
2024-08-08 17:00:00,Zone_13,81.0,82,19.9,0,3,17,medium,0
2024-08-08 18:00:00,Zone_06,89.0,97,14.0,0,3,18,medium,0
2024-08-08 19:00:00,Zone_06,87.0,96,20.2,1,3,19,low,0
2024-08-08 20:00:00,Zone_12,33.0,40,11.5,1,3,20,low,0
2024-08-08 21:00:00,Zone_08,129.0,128,19.3,0,3,21,medium,1
2024-08-08 22:00:00,Zone_19,26.0,22,7.6,0,3,22,medium,0
2024-08-08 23:00:00,Zone_05,47.0,55,11.5,1,3,23,high,0
2024-08-09 00:00:00,Zone_18,,74,28.8,1,4,0,medium,1
2024-08-09 01:00:00,Zone_05,7.0,15,27.9,0,4,1,low,0
2024-08-09 02:00:00,Zone_10,96.0,105,19.7,0,4,2,medium,1
2024-08-09 03:00:00,Zone_01,3.0,10,22.5,0,4,3,low,0
2024-08-09 04:00:00,Zone_10,13.0,14,23.6,0,4,4,medium,0
2024-08-09 05:00:00,Zone_05,14.0,14,25.7,0,4,5,high,0
2024-08-09 06:00:00,Zone_12,24.0,28,24.8,0,4,6,medium,0
2024-08-09 07:00:00,Zone_07,160.0,154,11.3,0,4,7,high,1
2024-08-09 08:00:00,Zone_09,98.0,97,2.5,0,4,8,high,0
2024-08-09 09:00:00,Zone_12,81.0,88,13.9,1,4,9,medium,0
2024-08-09 10:00:00,Zone_01,126.0,130,20.8,0,4,10,low,1
2024-08-09 11:00:00,Zone_11,39.0,41,29.7,0,4,11,medium,0
2024-08-09 12:00:00,Zone_15,27.0,18,23.9,0,4,12,low,0
2024-08-09 13:00:00,Zone_02,21.0,12,26.3,0,4,13,medium,0
2024-08-09 14:00:00,Zone_20,46.0,53,14.8,0,4,14,high,0
2024-08-09 15:00:00,Zone_07,28.0,20,21.4,1,4,15,medium,0
2024-08-09 16:00:00,Zone_12,28.0,33,22.5,1,4,16,high,0
2024-08-09 17:00:00,Zone_18,114.0,105,16.0,0,4,17,high,0
2024-08-09 18:00:00,Zone_03,94.0,92,13.4,0,4,18,high,0
2024-08-09 19:00:00,Zone_07,96.0,95,20.2,1,4,19,low,0
2024-08-09 20:00:00,Zone_11,55.0,49,27.3,0,4,20,high,0
2024-08-09 21:00:00,Zone_18,37.0,39,14.8,0,4,21,medium,0
2024-08-09 22:00:00,Zone_12,135.0,131,20.3,0,4,22,low,1
2024-08-09 23:00:00,Zone_06,148.0,139,32.8,0,4,23,high,1
2024-08-10 00:00:00,Zone_05,100.0,99,17.8,0,5,0,high,1
2024-08-10 01:00:00,Zone_01,1.0,1,22.1,0,5,1,medium,0
2024-08-10 02:00:00,Zone_12,128.0,122,21.2,0,5,2,high,1
2024-08-10 03:00:00,Zone_11,1.0,1,20.5,0,5,3,low,0
2024-08-10 04:00:00,Zone_04,1.0,1,35.3,1,5,4,medium,0
2024-08-10 05:00:00,Zone_18,1.0,1,24.4,0,5,5,low,0
2024-08-10 06:00:00,Zone_04,12.0,19,9.4,0,5,6,medium,0
2024-08-10 07:00:00,Zone_17,86.0,76,34.2,0,5,7,medium,0
2024-08-10 08:00:00,Zone_02,77.0,81,24.2,1,5,8,low,0
2024-08-10 09:00:00,Zone_02,187.0,193,19.0,1,5,9,medium,1
2024-08-10 10:00:00,Zone_12,28.0,35,32.8,0,5,10,low,0
2024-08-10 11:00:00,Zone_06,19.0,28,15.8,0,5,11,low,0
2024-08-10 12:00:00,Zone_10,38.0,45,35.7,0,5,12,medium,0
2024-08-10 13:00:00,Zone_16,91.0,85,22.7,0,5,13,medium,1
2024-08-10 14:00:00,Zone_14,94.0,90,30.0,0,5,14,low,1
2024-08-10 15:00:00,Zone_07,14.0,8,45.0,1,5,15,low,0
2024-08-10 16:00:00,Zone_19,25.0,28,23.4,0,5,16,low,0
2024-08-10 17:00:00,Zone_17,77.0,69,21.2,0,5,17,low,0
2024-08-10 18:00:00,Zone_09,108.0,110,13.5,1,5,18,medium,0
2024-08-10 19:00:00,Zone_13,107.0,100,21.0,0,5,19,high,0
2024-08-10 20:00:00,Zone_05,25.0,31,13.7,0,5,20,low,0
2024-08-10 21:00:00,Zone_05,33.0,23,20.5,0,5,21,medium,0
2024-08-10 22:00:00,Zone_10,37.0,39,45.0,0,5,22,low,0
2024-08-10 23:00:00,Zone_10,53.0,50,23.0,0,5,23,medium,0
2024-08-11 00:00:00,Zone_07,1.0,1,17.6,1,6,0,low,0
2024-08-11 01:00:00,Zone_15,28.0,31,20.3,0,6,1,high,0
2024-08-11 02:00:00,Zone_07,125.0,123,18.7,1,6,2,medium,1
2024-08-11 03:00:00,Zone_15,4.0,5,30.4,1,6,3,medium,0
2024-08-11 04:00:00,Zone_03,77.0,67,21.3,1,6,4,medium,1
2024-08-11 05:00:00,Zone_19,9.0,13,34.9,0,6,5,low,0
2024-08-11 06:00:00,Zone_10,43.0,39,19.5,0,6,6,high,0
2024-08-11 07:00:00,Zone_15,100.0,106,20.0,1,6,7,low,0
2024-08-11 08:00:00,Zone_03,77.0,78,14.8,1,6,8,low,0
2024-08-11 09:00:00,Zone_06,74.0,77,18.9,0,6,9,low,0
2024-08-11 10:00:00,Zone_12,96.0,98,8.1,0,6,10,low,1
2024-08-11 11:00:00,Zone_15,20.0,19,5.0,0,6,11,low,0
2024-08-11 12:00:00,Zone_06,23.0,25,27.0,0,6,12,medium,0
2024-08-11 13:00:00,Zone_13,24.0,20,8.0,0,6,13,low,0
2024-08-11 14:00:00,Zone_19,108.0,110,25.2,0,6,14,medium,1
2024-08-11 15:00:00,Zone_03,101.0,97,18.0,0,6,15,low,1
2024-08-11 16:00:00,Zone_08,35.0,27,29.5,0,6,16,high,0
2024-08-11 17:00:00,Zone_08,111.0,106,8.2,0,6,17,low,0
2024-08-11 18:00:00,Zone_20,93.0,96,26.8,0,6,18,medium,0
2024-08-11 19:00:00,Zone_15,74.0,81,24.7,1,6,19,medium,0
2024-08-11 20:00:00,Zone_04,21.0,26,24.9,0,6,20,low,0
2024-08-11 21:00:00,Zone_19,22.0,18,31.0,0,6,21,low,0
2024-08-11 22:00:00,Zone_03,131.0,125,22.6,0,6,22,low,1
2024-08-11 23:00:00,Zone_13,60.0,67,2.4,1,6,23,low,0
2024-08-12 00:00:00,Zone_08,134.0,136,25.6,0,0,0,low,1
2024-08-12 01:00:00,Zone_16,4.0,1,24.6,0,0,1,medium,0
2024-08-12 02:00:00,Zone_13,10.0,10,20.0,0,0,2,medium,0
2024-08-12 03:00:00,Zone_03,15.0,21,15.3,0,0,3,medium,0
2024-08-12 04:00:00,Zone_16,17.0,18,19.1,0,0,4,low,0
2024-08-12 05:00:00,Zone_09,15.0,9,33.7,0,0,5,high,0
2024-08-12 06:00:00,Zone_14,,14,14.6,0,0,6,low,0
2024-08-12 07:00:00,Zone_13,103.0,97,8.1,0,0,7,medium,0
2024-08-12 08:00:00,Zone_07,79.0,71,10.3,0,0,8,low,0
2024-08-12 09:00:00,Zone_15,94.0,96,21.7,0,0,9,low,0
2024-08-12 10:00:00,Zone_07,21.0,29,35.4,0,0,10,medium,0
2024-08-12 11:00:00,Zone_06,27.0,29,39.6,0,0,11,medium,0
2024-08-12 12:00:00,Zone_02,24.0,22,27.2,1,0,12,medium,0
2024-08-12 13:00:00,Zone_09,,38,14.2,0,0,13,medium,0
2024-08-12 14:00:00,Zone_17,145.0,154,15.0,0,0,14,high,1
2024-08-12 15:00:00,Zone_05,29.0,33,29.0,1,0,15,medium,0
2024-08-12 16:00:00,Zone_12,25.0,22,32.7,1,0,16,medium,0
2024-08-12 17:00:00,Zone_01,182.0,187,16.9,0,0,17,low,1
2024-08-12 18:00:00,Zone_10,76.0,82,33.4,0,0,18,,0
2024-08-12 19:00:00,Zone_11,86.0,93,20.2,1,0,19,medium,0
2024-08-12 20:00:00,Zone_16,27.0,35,27.7,0,0,20,low,0
2024-08-12 21:00:00,Zone_14,32.0,32,31.2,0,0,21,medium,0
2024-08-12 22:00:00,Zone_08,24.0,18,10.1,0,0,22,low,0
2024-08-12 23:00:00,Zone_17,50.0,52,25.6,0,0,23,high,0
2024-08-13 00:00:00,Zone_18,,104,33.4,0,1,0,high,1
2024-08-13 01:00:00,Zone_12,108.0,102,17.5,0,1,1,low,1
2024-08-13 02:00:00,Zone_17,18.0,22,13.5,0,1,2,high,0
2024-08-13 03:00:00,Zone_14,116.0,111,26.0,1,1,3,high,1
2024-08-13 04:00:00,Zone_16,17.0,15,23.1,0,1,4,high,0
2024-08-13 05:00:00,Zone_14,7.0,11,19.4,0,1,5,low,0
2024-08-13 06:00:00,Zone_09,39.0,40,22.0,1,1,6,high,0
2024-08-13 07:00:00,Zone_04,71.0,73,8.6,0,1,7,low,0
2024-08-13 08:00:00,Zone_11,106.0,101,25.2,0,1,8,medium,0
2024-08-13 09:00:00,Zone_06,99.0,95,34.7,1,1,9,medium,0
2024-08-13 10:00:00,Zone_15,28.0,33,16.3,0,1,10,medium,0
2024-08-13 11:00:00,Zone_05,25.0,33,15.4,0,1,11,low,0
2024-08-13 12:00:00,Zone_11,51.0,41,,0,1,12,high,0
2024-08-13 13:00:00,Zone_18,15.0,22,44.8,0,1,13,medium,0
2024-08-13 14:00:00,Zone_13,22.0,15,30.8,0,1,14,low,0
2024-08-13 15:00:00,Zone_11,33.0,31,21.2,1,1,15,medium,0
2024-08-13 16:00:00,Zone_14,51.0,41,22.3,0,1,16,high,0
2024-08-13 17:00:00,Zone_18,171.0,173,31.6,1,1,17,high,1
2024-08-13 18:00:00,Zone_19,190.0,185,14.7,1,1,18,medium,1
2024-08-13 19:00:00,Zone_15,81.0,90,26.9,0,1,19,low,0
2024-08-13 20:00:00,Zone_09,33.0,28,13.1,0,1,20,low,0
2024-08-13 21:00:00,Zone_08,114.0,105,29.4,0,1,21,low,1
2024-08-13 22:00:00,Zone_20,27.0,34,19.6,0,1,22,low,0
2024-08-13 23:00:00,Zone_01,23.0,19,23.6,0,1,23,medium,0
2024-08-14 00:00:00,Zone_04,3.0,1,19.1,0,2,0,low,0
2024-08-14 01:00:00,Zone_14,72.0,77,27.6,0,2,1,low,1
2024-08-14 02:00:00,Zone_02,124.0,127,20.6,0,2,2,high,1
2024-08-14 03:00:00,Zone_16,1.0,4,39.3,0,2,3,medium,0
2024-08-14 04:00:00,Zone_03,119.0,112,33.4,0,2,4,high,1
2024-08-14 05:00:00,Zone_08,17.0,20,11.6,0,2,5,medium,0
2024-08-14 06:00:00,Zone_06,82.0,72,23.5,0,2,6,medium,1
2024-08-14 07:00:00,Zone_16,71.0,61,27.9,1,2,7,low,0
2024-08-14 08:00:00,Zone_16,93.0,90,18.3,1,2,8,medium,0
2024-08-14 09:00:00,Zone_07,72.0,62,31.7,0,2,9,medium,0
2024-08-14 10:00:00,Zone_13,22.0,31,30.8,0,2,10,medium,0
2024-08-14 11:00:00,Zone_13,117.0,112,21.3,0,2,11,high,1
2024-08-14 12:00:00,Zone_05,110.0,100,29.8,0,2,12,high,1
2024-08-14 13:00:00,Zone_20,15.0,13,2.7,1,2,13,medium,0
2024-08-14 14:00:00,Zone_18,24.0,14,32.9,0,2,14,low,0
2024-08-14 15:00:00,Zone_15,38.0,45,29.1,1,2,15,high,0
2024-08-14 16:00:00,Zone_18,22.0,16,13.3,0,2,16,medium,0
2024-08-14 17:00:00,Zone_02,100.0,108,24.0,1,2,17,medium,0
2024-08-14 18:00:00,Zone_10,119.0,109,5.8,0,2,18,medium,0
2024-08-14 19:00:00,Zone_13,189.0,183,15.9,0,2,19,low,1
2024-08-14 20:00:00,Zone_18,31.0,32,30.8,0,2,20,low,0
2024-08-14 21:00:00,Zone_15,20.0,10,21.9,1,2,21,low,0
2024-08-14 22:00:00,Zone_12,26.0,21,21.5,0,2,22,low,0
2024-08-14 23:00:00,Zone_15,131.0,137,22.4,0,2,23,medium,1
2024-08-15 00:00:00,Zone_13,6.0,3,21.4,0,3,0,low,0
2024-08-15 01:00:00,Zone_18,17.0,11,29.9,1,3,1,high,0
2024-08-15 02:00:00,Zone_15,92.0,84,17.0,0,3,2,medium,1
2024-08-15 03:00:00,Zone_11,7.0,11,25.4,0,3,3,medium,0
2024-08-15 04:00:00,Zone_19,13.0,10,12.8,1,3,4,low,0
2024-08-15 05:00:00,Zone_03,10.0,2,27.9,0,3,5,medium,0
2024-08-15 06:00:00,Zone_07,35.0,40,19.4,0,3,6,low,0
2024-08-15 07:00:00,Zone_14,169.0,165,21.7,0,3,7,medium,1
2024-08-15 08:00:00,Zone_14,111.0,117,19.1,1,3,8,high,0
2024-08-15 09:00:00,Zone_13,78.0,86,20.1,0,3,9,medium,0
2024-08-15 10:00:00,Zone_12,87.0,79,14.0,1,3,10,low,1
2024-08-15 11:00:00,Zone_09,53.0,49,24.6,0,3,11,high,0
2024-08-15 12:00:00,Zone_01,84.0,92,26.4,1,3,12,low,1
2024-08-15 13:00:00,Zone_19,33.0,25,11.4,0,3,13,low,0
2024-08-15 14:00:00,Zone_11,143.0,150,17.2,0,3,14,medium,1
2024-08-15 15:00:00,Zone_19,40.0,46,22.2,0,3,15,high,0
2024-08-15 16:00:00,Zone_18,112.0,112,,0,3,16,low,1
2024-08-15 17:00:00,Zone_12,81.0,82,20.2,1,3,17,high,0
2024-08-15 18:00:00,Zone_01,161.0,164,34.9,0,3,18,low,1
2024-08-15 19:00:00,Zone_19,105.0,98,13.9,0,3,19,low,0
2024-08-15 20:00:00,Zone_20,17.0,18,3.5,0,3,20,medium,0
2024-08-15 21:00:00,Zone_17,23.0,24,17.2,1,3,21,low,0
2024-08-15 22:00:00,Zone_05,25.0,34,19.4,0,3,22,low,0
2024-08-15 23:00:00,Zone_03,22.0,21,,1,3,23,low,0
2024-08-16 00:00:00,Zone_02,4.0,1,24.2,0,4,0,low,0
2024-08-16 01:00:00,Zone_03,99.0,93,13.8,0,4,1,low,1
2024-08-16 02:00:00,Zone_08,17.0,26,12.6,0,4,2,medium,0
2024-08-16 03:00:00,Zone_16,4.0,1,16.6,0,4,3,medium,0
2024-08-16 04:00:00,Zone_06,94.0,94,16.8,1,4,4,high,1
2024-08-16 05:00:00,Zone_13,1.0,5,39.0,0,4,5,medium,0
2024-08-16 06:00:00,Zone_16,120.0,119,34.4,0,4,6,medium,1
2024-08-16 07:00:00,Zone_16,91.0,81,8.6,1,4,7,medium,0
2024-08-16 08:00:00,Zone_03,106.0,106,6.6,0,4,8,high,0
2024-08-16 09:00:00,Zone_13,77.0,79,21.3,0,4,9,low,0
2024-08-16 10:00:00,Zone_14,26.0,24,37.3,0,4,10,low,0
2024-08-16 11:00:00,Zone_08,115.0,108,,0,4,11,medium,1
2024-08-16 12:00:00,Zone_12,18.0,22,21.7,0,4,12,low,0
2024-08-16 13:00:00,Zone_08,65.0,56,18.4,0,4,13,high,0
2024-08-16 14:00:00,Zone_09,,26,30.6,0,4,14,medium,0
2024-08-16 15:00:00,Zone_01,22.0,20,23.4,0,4,15,low,0
2024-08-16 16:00:00,Zone_06,34.0,34,35.9,0,4,16,high,0
2024-08-16 17:00:00,Zone_19,99.0,108,8.5,0,4,17,low,0
2024-08-16 18:00:00,Zone_11,113.0,113,25.4,0,4,18,high,0
2024-08-16 19:00:00,Zone_11,90.0,86,17.5,0,4,19,high,0
2024-08-16 20:00:00,Zone_13,118.0,122,25.3,0,4,20,medium,1
2024-08-16 21:00:00,Zone_11,19.0,11,24.0,0,4,21,low,0
2024-08-16 22:00:00,Zone_18,14.0,20,26.1,0,4,22,low,0
2024-08-16 23:00:00,Zone_15,89.0,82,29.8,0,4,23,medium,1
2024-08-17 00:00:00,Zone_01,26.0,35,,0,5,0,high,0
2024-08-17 01:00:00,Zone_07,1.0,1,37.6,1,5,1,low,0
2024-08-17 02:00:00,Zone_13,11.0,20,22.1,0,5,2,low,0
2024-08-17 03:00:00,Zone_12,,1,17.7,0,5,3,low,0
2024-08-17 04:00:00,Zone_18,2.0,1,12.2,0,5,4,medium,0
2024-08-17 05:00:00,Zone_19,23.0,26,25.5,0,5,5,high,0
2024-08-17 06:00:00,Zone_15,32.0,33,28.7,1,5,6,low,0
2024-08-17 07:00:00,Zone_08,212.0,219,11.2,0,5,7,low,1
2024-08-17 08:00:00,Zone_19,105.0,111,31.2,0,5,8,medium,0
2024-08-17 09:00:00,Zone_10,123.0,129,21.2,0,5,9,high,0
2024-08-17 10:00:00,Zone_07,42.0,48,12.0,0,5,10,high,0
2024-08-17 11:00:00,Zone_18,111.0,106,15.2,0,5,11,high,1
2024-08-17 12:00:00,Zone_16,22.0,25,14.5,1,5,12,low,0
2024-08-17 13:00:00,Zone_20,151.0,150,14.6,1,5,13,medium,1
2024-08-17 14:00:00,Zone_06,41.0,40,26.6,0,5,14,high,0
2024-08-17 15:00:00,Zone_09,45.0,46,28.9,0,5,15,high,0
2024-08-17 16:00:00,Zone_13,25.0,19,35.6,0,5,16,medium,0
2024-08-17 17:00:00,Zone_08,100.0,102,16.4,1,5,17,medium,0
2024-08-17 18:00:00,Zone_16,177.0,167,24.7,0,5,18,high,1
2024-08-17 19:00:00,Zone_13,108.0,106,16.8,0,5,19,medium,0
2024-08-17 20:00:00,Zone_13,27.0,20,22.2,0,5,20,low,0
2024-08-17 21:00:00,Zone_17,31.0,25,,0,5,21,medium,0
2024-08-17 22:00:00,Zone_20,77.0,79,13.0,1,5,22,high,0
2024-08-17 23:00:00,Zone_05,157.0,166,28.4,0,5,23,medium,1
2024-08-18 00:00:00,Zone_17,,94,10.1,0,6,0,high,1
2024-08-18 01:00:00,Zone_09,82.0,77,26.9,0,6,1,medium,1
2024-08-18 02:00:00,Zone_02,,1,16.6,0,6,2,low,0
2024-08-18 03:00:00,Zone_18,94.0,87,6.6,1,6,3,low,1
2024-08-18 04:00:00,Zone_09,24.0,23,1.7,0,6,4,high,0
2024-08-18 05:00:00,Zone_06,18.0,10,33.7,0,6,5,medium,0
2024-08-18 06:00:00,Zone_11,15.0,7,6.8,0,6,6,low,0
2024-08-18 07:00:00,Zone_06,116.0,117,21.5,0,6,7,high,0
2024-08-18 08:00:00,Zone_06,89.0,86,24.8,0,6,8,medium,0
2024-08-18 09:00:00,Zone_13,100.0,94,11.5,1,6,9,high,0
2024-08-18 10:00:00,Zone_11,23.0,14,17.6,0,6,10,medium,0
2024-08-18 11:00:00,Zone_14,28.0,37,25.8,0,6,11,low,0
2024-08-18 12:00:00,Zone_02,135.0,138,,0,6,12,medium,1
2024-08-18 13:00:00,Zone_08,41.0,36,18.3,0,6,13,high,0
2024-08-18 14:00:00,Zone_03,21.0,11,23.9,0,6,14,low,0
2024-08-18 15:00:00,Zone_03,158.0,164,21.2,0,6,15,high,1
2024-08-18 16:00:00,Zone_01,30.0,20,14.2,1,6,16,low,0
2024-08-18 17:00:00,Zone_19,78.0,79,31.6,0,6,17,medium,0
2024-08-18 18:00:00,Zone_18,115.0,116,23.7,1,6,18,medium,0
2024-08-18 19:00:00,Zone_17,200.0,204,7.3,0,6,19,high,1
2024-08-18 20:00:00,Zone_20,31.0,23,26.2,0,6,20,medium,0
2024-08-18 21:00:00,Zone_13,29.0,32,17.1,1,6,21,medium,0
2024-08-18 22:00:00,Zone_03,74.0,64,19.7,1,6,22,high,0
2024-08-18 23:00:00,Zone_01,59.0,62,22.1,0,6,23,low,0
2024-08-19 00:00:00,Zone_04,5.0,8,15.7,0,0,0,low,0
2024-08-19 01:00:00,Zone_13,1.0,1,36.4,0,0,1,low,0
2024-08-19 02:00:00,Zone_17,1.0,3,10.1,0,0,2,medium,0
2024-08-19 03:00:00,Zone_11,4.0,1,22.5,0,0,3,medium,0
2024-08-19 04:00:00,Zone_02,32.0,33,25.1,0,0,4,high,0
2024-08-19 05:00:00,Zone_16,91.0,83,22.3,0,0,5,medium,1
2024-08-19 06:00:00,Zone_02,31.0,22,20.5,0,0,6,low,0
2024-08-19 07:00:00,Zone_19,106.0,96,19.0,1,0,7,high,0
2024-08-19 08:00:00,Zone_19,81.0,88,15.6,0,0,8,low,0
2024-08-19 09:00:00,Zone_16,87.0,91,15.4,0,0,9,high,0
2024-08-19 10:00:00,Zone_19,22.0,27,31.3,1,0,10,low,0
2024-08-19 11:00:00,Zone_09,20.0,14,18.5,0,0,11,low,0
2024-08-19 12:00:00,Zone_01,24.0,29,39.1,1,0,12,medium,0
2024-08-19 13:00:00,Zone_10,28.0,29,27.4,0,0,13,low,0
2024-08-19 14:00:00,Zone_19,12.0,17,0.7,0,0,14,low,0
2024-08-19 15:00:00,Zone_01,45.0,45,29.1,0,0,15,medium,0
2024-08-19 16:00:00,Zone_02,15.0,12,21.6,1,0,16,low,0
2024-08-19 17:00:00,Zone_16,110.0,102,10.9,0,0,17,low,0
2024-08-19 18:00:00,Zone_12,96.0,101,32.4,0,0,18,low,0
2024-08-19 19:00:00,Zone_08,84.0,80,18.5,0,0,19,medium,0
2024-08-19 20:00:00,Zone_18,25.0,16,17.8,0,0,20,medium,0
2024-08-19 21:00:00,Zone_02,19.0,27,25.0,0,0,21,low,0
2024-08-19 22:00:00,Zone_13,32.0,24,31.1,0,0,22,medium,0
2024-08-19 23:00:00,Zone_06,32.0,32,22.9,0,0,23,medium,0
2024-08-20 00:00:00,Zone_06,10.0,8,22.3,0,1,0,medium,0
2024-08-20 01:00:00,Zone_09,96.0,96,16.4,0,1,1,medium,1
2024-08-20 02:00:00,Zone_16,79.0,69,31.0,1,1,2,low,1
2024-08-20 03:00:00,Zone_11,14.0,4,23.0,0,1,3,medium,0
2024-08-20 04:00:00,Zone_07,31.0,32,20.2,0,1,4,high,0
2024-08-20 05:00:00,Zone_10,90.0,89,19.2,0,1,5,medium,1
2024-08-20 06:00:00,Zone_10,21.0,22,30.2,1,1,6,low,0
2024-08-20 07:00:00,Zone_20,85.0,88,19.9,0,1,7,low,0
2024-08-20 08:00:00,Zone_18,116.0,116,30.2,0,1,8,high,0
2024-08-20 09:00:00,Zone_20,90.0,83,18.2,1,1,9,medium,0
2024-08-20 10:00:00,Zone_09,26.0,25,27.8,1,1,10,low,0
2024-08-20 11:00:00,Zone_15,27.0,33,23.7,0,1,11,low,0
2024-08-20 12:00:00,Zone_04,51.0,41,14.4,0,1,12,high,0
2024-08-20 13:00:00,Zone_08,30.0,25,21.3,0,1,13,low,0
2024-08-20 14:00:00,Zone_09,14.0,8,4.5,0,1,14,medium,0
2024-08-20 15:00:00,Zone_13,30.0,37,16.0,0,1,15,medium,0
2024-08-20 16:00:00,Zone_09,34.0,41,9.4,1,1,16,medium,0
2024-08-20 17:00:00,Zone_04,96.0,89,38.0,0,1,17,low,0
2024-08-20 18:00:00,Zone_17,147.0,154,9.5,0,1,18,low,1
2024-08-20 19:00:00,Zone_16,121.0,130,42.7,0,1,19,high,0
2024-08-20 20:00:00,Zone_15,28.0,37,26.1,0,1,20,medium,0
2024-08-20 21:00:00,Zone_03,63.0,68,17.8,0,1,21,high,0
2024-08-20 22:00:00,Zone_20,30.0,34,28.5,0,1,22,medium,0
2024-08-20 23:00:00,Zone_05,40.0,42,16.8,0,1,23,high,0
2024-08-21 00:00:00,Zone_05,136.0,128,10.7,0,2,0,high,1
2024-08-21 01:00:00,Zone_20,5.0,12,22.6,0,2,1,medium,0
2024-08-21 02:00:00,Zone_15,1.0,1,27.6,0,2,2,low,0
2024-08-21 03:00:00,Zone_18,15.0,9,32.2,0,2,3,medium,0
2024-08-21 04:00:00,Zone_15,5.0,1,26.0,0,2,4,medium,0
2024-08-21 05:00:00,Zone_02,8.0,6,17.8,1,2,5,medium,0
2024-08-21 06:00:00,Zone_13,44.0,34,33.1,0,2,6,high,0
2024-08-21 07:00:00,Zone_04,100.0,99,31.3,1,2,7,low,0
2024-08-21 08:00:00,Zone_10,87.0,88,24.2,0,2,8,low,0
2024-08-21 09:00:00,Zone_13,94.0,95,31.7,1,2,9,,0
2024-08-21 10:00:00,Zone_10,31.0,35,39.5,0,2,10,low,0
2024-08-21 11:00:00,Zone_09,37.0,46,17.7,1,2,11,medium,0
2024-08-21 12:00:00,Zone_08,44.0,35,14.8,0,2,12,high,0
2024-08-21 13:00:00,Zone_03,29.0,33,17.4,1,2,13,medium,0
2024-08-21 14:00:00,Zone_16,48.0,40,,1,2,14,high,0
2024-08-21 15:00:00,Zone_14,26.0,25,26.7,1,2,15,medium,0
2024-08-21 16:00:00,Zone_09,23.0,14,9.1,0,2,16,medium,0
2024-08-21 17:00:00,Zone_11,80.0,77,32.1,0,2,17,medium,0
2024-08-21 18:00:00,Zone_03,114.0,104,16.6,1,2,18,low,0
2024-08-21 19:00:00,Zone_05,79.0,83,32.9,0,2,19,medium,0
2024-08-21 20:00:00,Zone_10,13.0,6,1.5,1,2,20,low,0
2024-08-21 21:00:00,Zone_13,43.0,35,18.9,0,2,21,high,0
2024-08-21 22:00:00,Zone_04,27.0,29,11.7,0,2,22,low,0
2024-08-21 23:00:00,Zone_13,28.0,27,32.8,0,2,23,low,0
2024-08-22 00:00:00,Zone_12,92.0,83,35.4,1,3,0,medium,1
2024-08-22 01:00:00,Zone_05,78.0,86,3.2,0,3,1,,1
2024-08-22 02:00:00,Zone_10,97.0,105,28.9,0,3,2,low,1
2024-08-22 03:00:00,Zone_09,88.0,91,30.5,0,3,3,low,1
2024-08-22 04:00:00,Zone_20,30.0,28,24.6,0,3,4,high,0
2024-08-22 05:00:00,Zone_07,13.0,21,26.7,0,3,5,medium,0
2024-08-22 06:00:00,Zone_02,21.0,30,26.1,0,3,6,low,0
2024-08-22 07:00:00,Zone_07,80.0,86,29.0,0,3,7,medium,0
2024-08-22 08:00:00,Zone_08,67.0,61,13.3,1,3,8,low,0
2024-08-22 09:00:00,Zone_07,92.0,83,31.6,1,3,9,low,0
2024-08-22 10:00:00,Zone_14,59.0,55,23.7,0,3,10,high,0
2024-08-22 11:00:00,Zone_19,29.0,20,23.2,0,3,11,medium,0
2024-08-22 12:00:00,Zone_05,28.0,29,26.5,0,3,12,low,0
2024-08-22 13:00:00,Zone_18,41.0,44,11.8,0,3,13,high,0
2024-08-22 14:00:00,Zone_20,124.0,120,9.6,0,3,14,high,1
2024-08-22 15:00:00,Zone_12,26.0,29,21.0,1,3,15,low,0
2024-08-22 16:00:00,Zone_17,29.0,30,34.3,1,3,16,medium,0
2024-08-22 17:00:00,Zone_13,110.0,115,12.5,1,3,17,high,0
2024-08-22 18:00:00,Zone_02,91.0,94,23.4,0,3,18,medium,0
2024-08-22 19:00:00,Zone_13,108.0,101,16.3,1,3,19,medium,0
2024-08-22 20:00:00,Zone_07,24.0,27,15.2,0,3,20,,0
2024-08-22 21:00:00,Zone_10,16.0,6,26.0,0,3,21,medium,0
2024-08-22 22:00:00,Zone_06,13.0,12,28.1,0,3,22,medium,0
2024-08-22 23:00:00,Zone_03,99.0,91,15.7,0,3,23,medium,1
2024-08-23 00:00:00,Zone_03,16.0,20,33.1,0,4,0,low,0
2024-08-23 01:00:00,Zone_18,20.0,22,25.4,0,4,1,high,0
2024-08-23 02:00:00,Zone_11,4.0,1,20.1,1,4,2,low,0
2024-08-23 03:00:00,Zone_20,6.0,1,24.8,0,4,3,medium,0
2024-08-23 04:00:00,Zone_05,94.0,103,38.3,0,4,4,medium,1
2024-08-23 05:00:00,Zone_19,5.0,3,28.0,0,4,5,medium,0
2024-08-23 06:00:00,Zone_19,31.0,31,16.4,0,4,6,medium,0
2024-08-23 07:00:00,Zone_15,62.0,53,21.9,0,4,7,medium,0
2024-08-23 08:00:00,Zone_16,67.0,64,23.1,0,4,8,low,0
2024-08-23 09:00:00,Zone_09,87.0,85,27.3,0,4,9,medium,0
2024-08-23 10:00:00,Zone_04,152.0,153,23.9,1,4,10,high,1
2024-08-23 11:00:00,Zone_15,33.0,41,37.2,0,4,11,high,0
2024-08-23 12:00:00,Zone_12,39.0,43,20.2,0,4,12,medium,0
2024-08-23 13:00:00,Zone_03,25.0,18,8.2,0,4,13,low,0
2024-08-23 14:00:00,Zone_14,18.0,17,23.7,0,4,14,low,0
2024-08-23 15:00:00,Zone_17,20.0,22,18.5,0,4,15,low,0
2024-08-23 16:00:00,Zone_19,25.0,22,10.0,0,4,16,medium,0
2024-08-23 17:00:00,Zone_06,182.0,182,16.4,0,4,17,low,1
2024-08-23 18:00:00,Zone_04,92.0,86,19.1,0,4,18,high,0
2024-08-23 19:00:00,Zone_07,120.0,124,31.1,0,4,19,high,0
2024-08-23 20:00:00,Zone_19,25.0,15,10.1,0,4,20,low,0
2024-08-23 21:00:00,Zone_17,28.0,34,24.8,0,4,21,medium,0
2024-08-23 22:00:00,Zone_16,41.0,42,39.8,0,4,22,high,0
2024-08-23 23:00:00,Zone_15,25.0,18,20.6,0,4,23,low,0
2024-08-24 00:00:00,Zone_08,1.0,1,20.4,0,5,0,medium,0
2024-08-24 01:00:00,Zone_19,14.0,14,,0,5,1,medium,0
2024-08-24 02:00:00,Zone_08,3.0,4,26.2,0,5,2,low,0
2024-08-24 03:00:00,Zone_18,17.0,22,33.3,0,5,3,medium,0
2024-08-24 04:00:00,Zone_16,25.0,32,20.7,0,5,4,high,0
2024-08-24 05:00:00,Zone_20,11.0,14,27.6,0,5,5,medium,0
2024-08-24 06:00:00,Zone_19,32.0,36,27.7,0,5,6,medium,0
2024-08-24 07:00:00,Zone_10,92.0,98,19.3,0,5,7,low,0
2024-08-24 08:00:00,Zone_17,112.0,103,21.1,0,5,8,high,0
2024-08-24 09:00:00,Zone_13,106.0,98,21.9,0,5,9,high,0
2024-08-24 10:00:00,Zone_13,26.0,20,12.1,0,5,10,low,0
2024-08-24 11:00:00,Zone_07,42.0,32,18.9,0,5,11,high,0
2024-08-24 12:00:00,Zone_10,31.0,30,34.0,0,5,12,low,0
2024-08-24 13:00:00,Zone_02,25.0,29,30.3,1,5,13,low,0
2024-08-24 14:00:00,Zone_04,21.0,20,17.4,1,5,14,medium,0
2024-08-24 15:00:00,Zone_06,102.0,95,21.9,0,5,15,medium,1
2024-08-24 16:00:00,Zone_18,25.0,27,29.8,0,5,16,medium,0
2024-08-24 17:00:00,Zone_06,,94,25.5,0,5,17,medium,0
2024-08-24 18:00:00,Zone_17,97.0,96,28.4,0,5,18,low,0
2024-08-24 19:00:00,Zone_14,85.0,76,26.3,1,5,19,low,0
2024-08-24 20:00:00,Zone_11,21.0,18,23.7,0,5,20,medium,0
2024-08-24 21:00:00,Zone_19,22.0,25,20.7,0,5,21,low,0
2024-08-24 22:00:00,Zone_02,73.0,67,12.4,0,5,22,low,0
2024-08-24 23:00:00,Zone_03,55.0,62,27.5,0,5,23,low,0
2024-08-25 00:00:00,Zone_11,20.0,17,20.2,0,6,0,high,0
2024-08-25 01:00:00,Zone_06,12.0,13,8.8,1,6,1,high,0
2024-08-25 02:00:00,Zone_14,84.0,91,17.6,0,6,2,low,1
2024-08-25 03:00:00,Zone_19,5.0,7,28.8,0,6,3,low,0
2024-08-25 04:00:00,Zone_16,10.0,4,6.7,1,6,4,medium,0
2024-08-25 05:00:00,Zone_07,19.0,19,13.8,0,6,5,high,0
2024-08-25 06:00:00,Zone_08,87.0,79,23.1,0,6,6,low,1
2024-08-25 07:00:00,Zone_19,122.0,127,33.2,0,6,7,high,0
2024-08-25 08:00:00,Zone_20,94.0,91,30.0,0,6,8,medium,0
2024-08-25 09:00:00,Zone_16,109.0,115,34.0,0,6,9,high,0
2024-08-25 10:00:00,Zone_07,125.0,120,23.7,0,6,10,low,1
2024-08-25 11:00:00,Zone_09,132.0,134,20.3,0,6,11,high,1
2024-08-25 12:00:00,Zone_13,26.0,32,28.7,1,6,12,medium,0
2024-08-25 13:00:00,Zone_01,46.0,38,14.8,0,6,13,high,0
2024-08-25 14:00:00,Zone_08,40.0,42,14.2,1,6,14,medium,0
2024-08-25 15:00:00,Zone_04,42.0,39,12.8,1,6,15,medium,0
2024-08-25 16:00:00,Zone_03,51.0,48,30.7,0,6,16,high,0
2024-08-25 17:00:00,Zone_03,83.0,91,15.3,1,6,17,medium,0
2024-08-25 18:00:00,Zone_13,216.0,215,30.0,0,6,18,medium,1
2024-08-25 19:00:00,Zone_08,225.0,229,23.2,0,6,19,medium,1
2024-08-25 20:00:00,Zone_07,42.0,38,30.8,0,6,20,high,0
2024-08-25 21:00:00,Zone_01,116.0,123,13.2,0,6,21,high,1
2024-08-25 22:00:00,Zone_16,54.0,44,17.0,0,6,22,low,0
2024-08-25 23:00:00,Zone_06,78.0,80,25.6,0,6,23,medium,0
2024-08-26 00:00:00,Zone_07,30.0,36,18.6,1,0,0,high,0
2024-08-26 01:00:00,Zone_12,13.0,21,2.1,1,0,1,medium,0
2024-08-26 02:00:00,Zone_09,20.0,11,11.0,1,0,2,high,0
2024-08-26 03:00:00,Zone_11,23.0,20,13.1,0,0,3,high,0
2024-08-26 04:00:00,Zone_10,20.0,20,13.7,0,0,4,high,0
2024-08-26 05:00:00,Zone_01,4.0,5,27.5,0,0,5,,0
2024-08-26 06:00:00,Zone_18,148.0,140,24.7,0,0,6,high,1
2024-08-26 07:00:00,Zone_04,106.0,100,23.3,0,0,7,high,0
2024-08-26 08:00:00,Zone_05,95.0,96,38.1,0,0,8,high,0
2024-08-26 09:00:00,Zone_09,99.0,89,31.4,0,0,9,low,0
2024-08-26 10:00:00,Zone_17,32.0,32,28.4,0,0,10,low,0
2024-08-26 11:00:00,Zone_03,23.0,15,10.0,0,0,11,medium,0
2024-08-26 12:00:00,Zone_16,20.0,29,22.5,0,0,12,medium,0
2024-08-26 13:00:00,Zone_05,32.0,31,24.4,0,0,13,low,0
2024-08-26 14:00:00,Zone_16,31.0,33,18.7,1,0,14,low,0
2024-08-26 15:00:00,Zone_03,104.0,112,35.7,0,0,15,low,1
2024-08-26 16:00:00,Zone_20,43.0,45,22.4,0,0,16,high,0
2024-08-26 17:00:00,Zone_15,129.0,138,12.2,0,0,17,high,0
2024-08-26 18:00:00,Zone_03,105.0,108,14.0,1,0,18,high,0
2024-08-26 19:00:00,Zone_20,90.0,89,40.3,0,0,19,medium,0
2024-08-26 20:00:00,Zone_14,32.0,38,18.6,0,0,20,medium,0
2024-08-26 21:00:00,Zone_16,133.0,128,5.4,0,0,21,medium,1
2024-08-26 22:00:00,Zone_17,28.0,22,17.2,0,0,22,medium,0
2024-08-26 23:00:00,Zone_20,27.0,30,7.4,0,0,23,medium,0
2024-08-27 00:00:00,Zone_18,18.0,21,29.3,0,1,0,medium,0
2024-08-27 01:00:00,Zone_18,5.0,1,6.4,0,1,1,low,0
2024-08-27 02:00:00,Zone_14,19.0,28,10.8,1,1,2,medium,0
2024-08-27 03:00:00,Zone_18,5.0,5,22.0,1,1,3,low,0
2024-08-27 04:00:00,Zone_15,3.0,1,30.9,0,1,4,low,0
2024-08-27 05:00:00,Zone_15,8.0,16,21.4,0,1,5,medium,0
2024-08-27 06:00:00,Zone_06,29.0,33,11.9,1,1,6,low,0
2024-08-27 07:00:00,Zone_15,65.0,71,23.5,1,1,7,medium,0
2024-08-27 08:00:00,Zone_18,83.0,89,18.3,0,1,8,low,0
2024-08-27 09:00:00,Zone_04,,79,31.1,0,1,9,medium,0
2024-08-27 10:00:00,Zone_08,160.0,168,28.8,0,1,10,high,1
2024-08-27 11:00:00,Zone_15,31.0,25,17.7,0,1,11,medium,0
2024-08-27 12:00:00,Zone_03,28.0,25,28.2,0,1,12,medium,0
2024-08-27 13:00:00,Zone_15,44.0,34,24.2,0,1,13,high,0
2024-08-27 14:00:00,Zone_13,21.0,24,32.9,1,1,14,medium,0
2024-08-27 15:00:00,Zone_09,26.0,25,27.9,0,1,15,low,0
2024-08-27 16:00:00,Zone_02,15.0,12,26.4,0,1,16,low,0
2024-08-27 17:00:00,Zone_08,,94,32.6,0,1,17,medium,0
2024-08-27 18:00:00,Zone_20,109.0,103,22.1,0,1,18,medium,0
2024-08-27 19:00:00,Zone_17,168.0,176,15.8,0,1,19,low,1
2024-08-27 20:00:00,Zone_13,46.0,42,23.6,0,1,20,high,0
2024-08-27 21:00:00,Zone_01,20.0,14,19.2,0,1,21,,0
2024-08-27 22:00:00,Zone_02,56.0,47,26.8,1,1,22,high,0
2024-08-27 23:00:00,Zone_15,46.0,50,22.5,1,1,23,high,0
2024-08-28 00:00:00,Zone_12,15.0,5,25.2,0,2,0,high,0
2024-08-28 01:00:00,Zone_14,15.0,14,12.4,0,2,1,high,0
2024-08-28 02:00:00,Zone_02,2.0,1,26.1,0,2,2,low,0
2024-08-28 03:00:00,Zone_18,22.0,17,11.7,0,2,3,medium,0
2024-08-28 04:00:00,Zone_07,5.0,8,29.7,1,2,4,low,0
2024-08-28 05:00:00,Zone_06,16.0,13,29.7,0,2,5,high,0
2024-08-28 06:00:00,Zone_14,25.0,32,24.8,1,2,6,low,0
2024-08-28 07:00:00,Zone_08,170.0,164,24.5,0,2,7,low,1
2024-08-28 08:00:00,Zone_02,96.0,99,20.2,0,2,8,high,0
2024-08-28 09:00:00,Zone_17,169.0,168,17.2,1,2,9,low,1
2024-08-28 10:00:00,Zone_05,42.0,40,21.9,1,2,10,low,0
2024-08-28 11:00:00,Zone_14,91.0,83,37.9,0,2,11,medium,1
2024-08-28 12:00:00,Zone_20,23.0,18,23.8,0,2,12,medium,0
2024-08-28 13:00:00,Zone_03,30.0,26,11.2,0,2,13,medium,0
2024-08-28 14:00:00,Zone_05,42.0,50,8.3,0,2,14,medium,0
2024-08-28 15:00:00,Zone_16,41.0,45,10.5,0,2,15,high,0
2024-08-28 16:00:00,Zone_18,28.0,19,,1,2,16,low,0
2024-08-28 17:00:00,Zone_17,65.0,68,32.1,0,2,17,medium,0
2024-08-28 18:00:00,Zone_11,93.0,96,13.8,0,2,18,medium,0
2024-08-28 19:00:00,Zone_17,97.0,98,33.4,0,2,19,medium,0
2024-08-28 20:00:00,Zone_16,32.0,39,23.4,0,2,20,medium,0
2024-08-28 21:00:00,Zone_02,22.0,17,25.9,0,2,21,low,0
2024-08-28 22:00:00,Zone_04,35.0,26,25.6,0,2,22,low,0
2024-08-28 23:00:00,Zone_07,125.0,115,26.7,0,2,23,low,1
2024-08-29 00:00:00,Zone_02,7.0,7,18.7,0,3,0,low,0
2024-08-29 01:00:00,Zone_06,1.0,5,3.3,0,3,1,low,0
2024-08-29 02:00:00,Zone_17,7.0,2,17.3,0,3,2,medium,0
2024-08-29 03:00:00,Zone_07,7.0,13,14.9,1,3,3,low,0
2024-08-29 04:00:00,Zone_05,22.0,19,24.5,0,3,4,high,0
2024-08-29 05:00:00,Zone_05,24.0,33,23.8,0,3,5,high,0
2024-08-29 06:00:00,Zone_20,138.0,145,,0,3,6,medium,1
2024-08-29 07:00:00,Zone_16,72.0,73,36.0,0,3,7,medium,0
2024-08-29 08:00:00,Zone_19,96.0,93,16.9,0,3,8,high,0
2024-08-29 09:00:00,Zone_09,71.0,80,4.2,0,3,9,medium,0
2024-08-29 10:00:00,Zone_05,44.0,42,23.0,0,3,10,high,0
2024-08-29 11:00:00,Zone_08,29.0,29,31.5,1,3,11,low,0
2024-08-29 12:00:00,Zone_09,,50,24.3,0,3,12,high,0
2024-08-29 13:00:00,Zone_05,82.0,75,19.1,0,3,13,medium,1
2024-08-29 14:00:00,Zone_10,27.0,24,23.9,0,3,14,low,0
2024-08-29 15:00:00,Zone_02,37.0,30,36.7,0,3,15,high,0
2024-08-29 16:00:00,Zone_09,37.0,40,15.0,1,3,16,high,0
2024-08-29 17:00:00,Zone_11,108.0,114,22.2,0,3,17,medium,0
2024-08-29 18:00:00,Zone_04,117.0,108,27.4,0,3,18,high,0
2024-08-29 19:00:00,Zone_02,106.0,107,24.0,1,3,19,low,0
2024-08-29 20:00:00,Zone_06,36.0,37,20.0,0,3,20,medium,0
2024-08-29 21:00:00,Zone_14,7.0,15,18.6,0,3,21,low,0
2024-08-29 22:00:00,Zone_01,28.0,35,19.7,0,3,22,low,0
2024-08-29 23:00:00,Zone_18,42.0,41,26.3,0,3,23,high,0
2024-08-30 00:00:00,Zone_07,69.0,67,25.8,0,4,0,medium,1
2024-08-30 01:00:00,Zone_01,,11,38.8,0,4,1,low,0
2024-08-30 02:00:00,Zone_01,11.0,1,9.7,1,4,2,medium,0
2024-08-30 03:00:00,Zone_01,105.0,110,36.1,0,4,3,low,1
2024-08-30 04:00:00,Zone_04,112.0,109,20.4,1,4,4,medium,1
2024-08-30 05:00:00,Zone_04,3.0,11,,0,4,5,low,0
2024-08-30 06:00:00,Zone_18,38.0,29,28.9,0,4,6,high,0
2024-08-30 07:00:00,Zone_11,74.0,81,28.8,0,4,7,low,0
2024-08-30 08:00:00,Zone_01,60.0,69,31.3,0,4,8,medium,0
2024-08-30 09:00:00,Zone_10,70.0,79,33.0,0,4,9,low,0
2024-08-30 10:00:00,Zone_09,27.0,34,21.7,1,4,10,medium,0
2024-08-30 11:00:00,Zone_04,22.0,25,33.1,0,4,11,low,0
2024-08-30 12:00:00,Zone_06,,114,17.0,0,4,12,medium,1
2024-08-30 13:00:00,Zone_16,25.0,21,19.6,0,4,13,low,0
2024-08-30 14:00:00,Zone_02,47.0,41,20.5,0,4,14,high,0
2024-08-30 15:00:00,Zone_18,102.0,111,17.8,0,4,15,low,1
2024-08-30 16:00:00,Zone_10,50.0,51,22.5,0,4,16,high,0
2024-08-30 17:00:00,Zone_17,103.0,105,29.2,0,4,17,low,0
2024-08-30 18:00:00,Zone_13,102.0,108,27.2,0,4,18,low,0
2024-08-30 19:00:00,Zone_18,98.0,102,17.1,1,4,19,low,0
2024-08-30 20:00:00,Zone_13,23.0,28,16.4,0,4,20,low,0
2024-08-30 21:00:00,Zone_17,27.0,29,15.2,0,4,21,medium,0
2024-08-30 22:00:00,Zone_05,45.0,45,22.7,0,4,22,high,0
2024-08-30 23:00:00,Zone_11,17.0,9,9.4,1,4,23,low,0
2024-08-31 00:00:00,Zone_07,13.0,3,14.9,0,5,0,medium,0
2024-08-31 01:00:00,Zone_10,9.0,4,18.3,0,5,1,medium,0
2024-08-31 02:00:00,Zone_17,7.0,4,30.4,0,5,2,low,0
2024-08-31 03:00:00,Zone_15,2.0,1,20.9,0,5,3,,0
2024-08-31 04:00:00,Zone_18,31.0,27,30.0,1,5,4,high,0
2024-08-31 05:00:00,Zone_19,8.0,1,23.5,0,5,5,low,0
2024-08-31 06:00:00,Zone_02,,51,18.2,0,5,6,high,0
2024-08-31 07:00:00,Zone_04,77.0,80,18.5,0,5,7,low,0
2024-08-31 08:00:00,Zone_03,100.0,91,12.7,0,5,8,medium,0
2024-08-31 09:00:00,Zone_07,62.0,54,41.2,1,5,9,medium,0
2024-08-31 10:00:00,Zone_18,32.0,40,30.9,1,5,10,low,0
2024-08-31 11:00:00,Zone_10,15.0,14,26.8,0,5,11,low,0
2024-08-31 12:00:00,Zone_07,,139,11.6,0,5,12,low,1
2024-08-31 13:00:00,Zone_08,116.0,118,18.4,0,5,13,low,1
2024-08-31 14:00:00,Zone_06,38.0,41,14.2,0,5,14,high,0
2024-08-31 15:00:00,Zone_01,33.0,41,23.0,0,5,15,low,0
2024-08-31 16:00:00,Zone_04,41.0,43,14.6,0,5,16,medium,0
2024-08-31 17:00:00,Zone_14,159.0,155,16.6,1,5,17,low,1
2024-08-31 18:00:00,Zone_17,112.0,104,14.8,0,5,18,high,0
2024-08-31 19:00:00,Zone_20,88.0,78,20.1,1,5,19,medium,0
2024-08-31 20:00:00,Zone_18,24.0,33,22.6,0,5,20,low,0
2024-08-31 21:00:00,Zone_11,116.0,118,20.3,1,5,21,high,1
2024-08-31 22:00:00,Zone_14,66.0,61,34.3,1,5,22,low,0
2024-08-31 23:00:00,Zone_09,136.0,137,28.5,1,5,23,medium,1
2024-09-01 00:00:00,Zone_15,12.0,11,15.7,0,6,0,medium,0
2024-09-01 01:00:00,Zone_12,7.0,1,24.6,1,6,1,,0
2024-09-01 02:00:00,Zone_10,18.0,8,16.4,0,6,2,high,0
2024-09-01 03:00:00,Zone_19,16.0,18,18.8,1,6,3,high,0
2024-09-01 04:00:00,Zone_19,20.0,11,25.8,0,6,4,high,0
2024-09-01 05:00:00,Zone_06,33.0,41,27.3,0,6,5,high,0
2024-09-01 06:00:00,Zone_20,27.0,36,17.3,0,6,6,medium,0
2024-09-01 07:00:00,Zone_06,79.0,71,13.2,0,6,7,low,0
2024-09-01 08:00:00,Zone_08,120.0,128,22.7,0,6,8,high,0
2024-09-01 09:00:00,Zone_01,77.0,81,25.5,0,6,9,medium,0
2024-09-01 10:00:00,Zone_17,34.0,42,16.9,0,6,10,low,0
2024-09-01 11:00:00,Zone_17,22.0,21,28.5,0,6,11,medium,0
2024-09-01 12:00:00,Zone_15,47.0,47,27.1,0,6,12,high,0
2024-09-01 13:00:00,Zone_07,26.0,30,16.8,0,6,13,low,0
2024-09-01 14:00:00,Zone_19,49.0,46,31.0,1,6,14,high,0
2024-09-01 15:00:00,Zone_03,149.0,149,31.3,0,6,15,medium,1
2024-09-01 16:00:00,Zone_11,117.0,123,38.5,1,6,16,low,1
2024-09-01 17:00:00,Zone_20,133.0,124,35.7,0,6,17,high,0
2024-09-01 18:00:00,Zone_19,96.0,103,14.8,0,6,18,high,0
2024-09-01 19:00:00,Zone_09,101.0,99,29.4,0,6,19,low,0
2024-09-01 20:00:00,Zone_10,33.0,29,29.0,0,6,20,low,0
2024-09-01 21:00:00,Zone_02,97.0,96,19.2,1,6,21,medium,1
2024-09-01 22:00:00,Zone_01,154.0,151,25.6,0,6,22,high,1
2024-09-01 23:00:00,Zone_16,134.0,136,7.0,0,6,23,low,1
2024-09-02 00:00:00,Zone_18,8.0,1,6.8,0,0,0,low,0
2024-09-02 01:00:00,Zone_17,6.0,5,8.3,1,0,1,medium,0
2024-09-02 02:00:00,Zone_06,16.0,22,25.1,0,0,2,medium,0
2024-09-02 03:00:00,Zone_14,100.0,105,25.5,0,0,3,low,1
2024-09-02 04:00:00,Zone_15,19.0,20,19.8,0,0,4,high,0
2024-09-02 05:00:00,Zone_14,24.0,19,35.8,0,0,5,high,0
2024-09-02 06:00:00,Zone_03,38.0,42,29.9,0,0,6,high,0
2024-09-02 07:00:00,Zone_19,96.0,100,9.2,1,0,7,low,0
2024-09-02 08:00:00,Zone_12,101.0,106,20.6,0,0,8,high,0
2024-09-02 09:00:00,Zone_02,101.0,93,14.5,0,0,9,medium,0
2024-09-02 10:00:00,Zone_03,18.0,20,25.3,0,0,10,low,0
2024-09-02 11:00:00,Zone_18,106.0,113,21.8,0,0,11,medium,1
2024-09-02 12:00:00,Zone_01,24.0,16,14.9,0,0,12,low,0
2024-09-02 13:00:00,Zone_20,147.0,140,35.6,0,0,13,medium,1
2024-09-02 14:00:00,Zone_06,24.0,18,22.5,1,0,14,medium,0
2024-09-02 15:00:00,Zone_05,123.0,132,18.7,0,0,15,high,1
2024-09-02 16:00:00,Zone_01,116.0,111,20.0,0,0,16,low,1
2024-09-02 17:00:00,Zone_19,79.0,75,34.9,0,0,17,medium,0
2024-09-02 18:00:00,Zone_01,100.0,109,29.3,0,0,18,low,0
2024-09-02 19:00:00,Zone_16,188.0,190,20.7,0,0,19,high,1
2024-09-02 20:00:00,Zone_12,141.0,144,14.1,0,0,20,medium,1
2024-09-02 21:00:00,Zone_08,26.0,22,15.3,0,0,21,low,0
2024-09-02 22:00:00,Zone_16,28.0,28,18.1,0,0,22,low,0
2024-09-02 23:00:00,Zone_01,21.0,22,26.1,0,0,23,medium,0
2024-09-03 00:00:00,Zone_04,,24,28.1,1,1,0,medium,0
2024-09-03 01:00:00,Zone_10,12.0,19,16.2,0,1,1,medium,0
2024-09-03 02:00:00,Zone_11,11.0,2,28.4,1,1,2,low,0
2024-09-03 03:00:00,Zone_17,2.0,1,14.7,0,1,3,medium,0
2024-09-03 04:00:00,Zone_07,9.0,18,17.1,0,1,4,low,0
2024-09-03 05:00:00,Zone_12,8.0,4,10.4,0,1,5,medium,0
2024-09-03 06:00:00,Zone_07,49.0,39,10.2,1,1,6,high,0
2024-09-03 07:00:00,Zone_12,85.0,94,14.6,1,1,7,medium,0
2024-09-03 08:00:00,Zone_15,86.0,77,21.8,0,1,8,low,0
2024-09-03 09:00:00,Zone_02,118.0,125,14.0,0,1,9,high,0
2024-09-03 10:00:00,Zone_14,18.0,27,34.0,0,1,10,low,0
2024-09-03 11:00:00,Zone_13,34.0,37,14.5,0,1,11,medium,0
2024-09-03 12:00:00,Zone_04,18.0,12,23.5,0,1,12,medium,0
2024-09-03 13:00:00,Zone_14,22.0,23,32.6,0,1,13,low,0
2024-09-03 14:00:00,Zone_14,94.0,85,22.7,1,1,14,low,1
2024-09-03 15:00:00,Zone_16,27.0,26,,0,1,15,low,0
2024-09-03 16:00:00,Zone_07,156.0,158,23.2,0,1,16,high,1
2024-09-03 17:00:00,Zone_19,227.0,230,17.5,0,1,17,high,1
2024-09-03 18:00:00,Zone_02,94.0,84,14.0,1,1,18,medium,0
2024-09-03 19:00:00,Zone_10,196.0,194,26.9,0,1,19,low,1
2024-09-03 20:00:00,Zone_18,53.0,43,17.3,0,1,20,,0
2024-09-03 21:00:00,Zone_17,30.0,28,29.5,0,1,21,medium,0
2024-09-03 22:00:00,Zone_05,31.0,31,28.4,0,1,22,medium,0
2024-09-03 23:00:00,Zone_12,16.0,12,23.3,1,1,23,medium,0
2024-09-04 00:00:00,Zone_06,4.0,1,29.8,0,2,0,medium,0
2024-09-04 01:00:00,Zone_09,15.0,5,17.6,0,2,1,medium,0
2024-09-04 02:00:00,Zone_20,15.0,13,28.3,0,2,2,medium,0
2024-09-04 03:00:00,Zone_01,3.0,7,28.2,0,2,3,medium,0
2024-09-04 04:00:00,Zone_15,26.0,31,19.6,0,2,4,high,0
2024-09-04 05:00:00,Zone_06,120.0,112,18.6,1,2,5,low,1
2024-09-04 06:00:00,Zone_19,21.0,13,24.6,0,2,6,medium,0
2024-09-04 07:00:00,Zone_18,141.0,144,37.7,0,2,7,low,1
2024-09-04 08:00:00,Zone_06,92.0,86,20.1,0,2,8,high,0
2024-09-04 09:00:00,Zone_13,81.0,87,18.4,1,2,9,low,0
2024-09-04 10:00:00,Zone_01,25.0,24,31.4,1,2,10,low,0
2024-09-04 11:00:00,Zone_13,55.0,60,22.5,0,2,11,high,0
2024-09-04 12:00:00,Zone_07,93.0,100,28.9,0,2,12,low,1
2024-09-04 13:00:00,Zone_15,37.0,39,33.8,1,2,13,medium,0
2024-09-04 14:00:00,Zone_12,49.0,56,6.7,0,2,14,high,0
2024-09-04 15:00:00,Zone_01,29.0,35,21.7,0,2,15,medium,0
2024-09-04 16:00:00,Zone_15,31.0,24,20.2,0,2,16,low,0
2024-09-04 17:00:00,Zone_04,97.0,90,14.3,1,2,17,low,0
2024-09-04 18:00:00,Zone_13,104.0,108,6.7,0,2,18,high,0
2024-09-04 19:00:00,Zone_05,210.0,203,9.3,0,2,19,medium,1
2024-09-04 20:00:00,Zone_02,33.0,35,22.8,0,2,20,medium,0
2024-09-04 21:00:00,Zone_01,36.0,43,17.7,0,2,21,high,0
2024-09-04 22:00:00,Zone_16,27.0,22,15.6,0,2,22,medium,0
2024-09-04 23:00:00,Zone_06,39.0,33,22.8,0,2,23,high,0
2024-09-05 00:00:00,Zone_16,1.0,1,16.5,0,3,0,low,0
2024-09-05 01:00:00,Zone_14,109.0,104,32.3,0,3,1,medium,1
2024-09-05 02:00:00,Zone_03,8.0,1,17.0,0,3,2,medium,0
2024-09-05 03:00:00,Zone_15,1.0,1,34.0,1,3,3,low,0
2024-09-05 04:00:00,Zone_03,1.0,6,21.8,0,3,4,,0
2024-09-05 05:00:00,Zone_02,5.0,1,16.8,0,3,5,medium,0
2024-09-05 06:00:00,Zone_01,34.0,36,16.2,0,3,6,medium,0
2024-09-05 07:00:00,Zone_09,160.0,156,34.1,0,3,7,medium,1
2024-09-05 08:00:00,Zone_09,97.0,95,27.6,0,3,8,high,0
2024-09-05 09:00:00,Zone_07,97.0,87,15.9,1,3,9,medium,0
2024-09-05 10:00:00,Zone_03,47.0,41,23.0,0,3,10,high,0
2024-09-05 11:00:00,Zone_18,10.0,19,3.1,0,3,11,medium,0
2024-09-05 12:00:00,Zone_11,22.0,22,11.3,0,3,12,low,0
2024-09-05 13:00:00,Zone_07,20.0,26,16.0,0,3,13,medium,0
2024-09-05 14:00:00,Zone_09,34.0,36,15.8,0,3,14,medium,0
2024-09-05 15:00:00,Zone_01,103.0,112,31.7,0,3,15,high,1
2024-09-05 16:00:00,Zone_14,21.0,12,6.7,0,3,16,low,0
2024-09-05 17:00:00,Zone_20,92.0,97,10.6,0,3,17,medium,0
2024-09-05 18:00:00,Zone_06,97.0,105,,0,3,18,low,0
2024-09-05 19:00:00,Zone_07,118.0,127,23.8,0,3,19,low,0
2024-09-05 20:00:00,Zone_10,31.0,29,19.2,0,3,20,medium,0
2024-09-05 21:00:00,Zone_07,86.0,79,38.4,0,3,21,low,1
2024-09-05 22:00:00,Zone_02,28.0,35,26.9,1,3,22,medium,0
2024-09-05 23:00:00,Zone_04,45.0,44,31.8,0,3,23,high,0
2024-09-06 00:00:00,Zone_17,16.0,20,,0,4,0,high,0
2024-09-06 01:00:00,Zone_01,1.0,3,17.7,0,4,1,low,0
2024-09-06 02:00:00,Zone_10,15.0,20,17.7,0,4,2,medium,0
2024-09-06 03:00:00,Zone_19,17.0,16,29.4,0,4,3,high,0
2024-09-06 04:00:00,Zone_15,10.0,3,28.2,1,4,4,low,0
2024-09-06 05:00:00,Zone_10,5.0,10,20.3,0,4,5,medium,0
2024-09-06 06:00:00,Zone_19,39.0,39,25.8,0,4,6,high,0
2024-09-06 07:00:00,Zone_12,87.0,78,29.7,1,4,7,low,0
2024-09-06 08:00:00,Zone_16,204.0,205,17.5,1,4,8,high,1
2024-09-06 09:00:00,Zone_09,105.0,102,19.3,0,4,9,medium,0
2024-09-06 10:00:00,Zone_15,106.0,108,25.6,1,4,10,low,1
2024-09-06 11:00:00,Zone_17,28.0,19,7.7,0,4,11,,0
2024-09-06 12:00:00,Zone_14,106.0,97,25.7,0,4,12,low,1
2024-09-06 13:00:00,Zone_18,25.0,18,13.0,0,4,13,low,0
2024-09-06 14:00:00,Zone_02,27.0,34,29.5,0,4,14,medium,0
2024-09-06 15:00:00,Zone_04,8.0,1,39.2,1,4,15,medium,0
2024-09-06 16:00:00,Zone_18,75.0,71,16.4,1,4,16,medium,1
2024-09-06 17:00:00,Zone_07,102.0,97,11.2,1,4,17,low,0
2024-09-06 18:00:00,Zone_13,92.0,82,20.6,0,4,18,high,0
2024-09-06 19:00:00,Zone_15,92.0,90,19.9,0,4,19,medium,0
2024-09-06 20:00:00,Zone_01,52.0,53,27.3,0,4,20,high,0
2024-09-06 21:00:00,Zone_11,51.0,47,23.9,1,4,21,high,0
2024-09-06 22:00:00,Zone_10,25.0,15,19.6,0,4,22,low,0
2024-09-06 23:00:00,Zone_05,19.0,28,22.7,1,4,23,low,0
2024-09-07 00:00:00,Zone_16,28.0,21,13.0,1,5,0,high,0
2024-09-07 01:00:00,Zone_11,27.0,22,28.6,0,5,1,high,0
2024-09-07 02:00:00,Zone_06,6.0,11,34.9,1,5,2,low,0
2024-09-07 03:00:00,Zone_09,8.0,12,12.4,0,5,3,medium,0
2024-09-07 04:00:00,Zone_13,9.0,1,9.4,0,5,4,low,0
2024-09-07 05:00:00,Zone_08,7.0,14,18.8,0,5,5,low,0
2024-09-07 06:00:00,Zone_14,18.0,26,12.2,0,5,6,medium,0
2024-09-07 07:00:00,Zone_01,75.0,77,11.8,0,5,7,low,0
2024-09-07 08:00:00,Zone_17,104.0,113,10.8,0,5,8,high,0
2024-09-07 09:00:00,Zone_05,90.0,93,20.5,0,5,9,high,0
2024-09-07 10:00:00,Zone_02,32.0,35,18.7,0,5,10,medium,0
2024-09-07 11:00:00,Zone_09,15.0,12,25.0,0,5,11,low,0
2024-09-07 12:00:00,Zone_04,17.0,17,17.5,0,5,12,low,0
2024-09-07 13:00:00,Zone_17,20.0,21,12.3,1,5,13,,0
2024-09-07 14:00:00,Zone_17,,21,21.9,1,5,14,medium,0
2024-09-07 15:00:00,Zone_18,21.0,19,13.5,0,5,15,low,0
2024-09-07 16:00:00,Zone_16,34.0,43,26.1,0,5,16,medium,0
2024-09-07 17:00:00,Zone_08,110.0,113,8.7,1,5,17,,0
2024-09-07 18:00:00,Zone_11,106.0,115,4.7,1,5,18,high,0
2024-09-07 19:00:00,Zone_18,195.0,198,9.1,0,5,19,high,1
2024-09-07 20:00:00,Zone_10,17.0,19,18.7,0,5,20,medium,0
2024-09-07 21:00:00,Zone_13,32.0,33,19.7,0,5,21,medium,0
2024-09-07 22:00:00,Zone_17,43.0,44,23.1,0,5,22,low,0
2024-09-07 23:00:00,Zone_18,50.0,59,17.5,1,5,23,low,0
2024-09-08 00:00:00,Zone_10,19.0,15,15.2,1,6,0,high,0
2024-09-08 01:00:00,Zone_16,22.0,13,33.5,1,6,1,medium,0
2024-09-08 02:00:00,Zone_20,9.0,9,31.4,0,6,2,low,0
2024-09-08 03:00:00,Zone_05,19.0,24,29.9,0,6,3,medium,0
2024-09-08 04:00:00,Zone_13,23.0,25,24.5,0,6,4,high,0
2024-09-08 05:00:00,Zone_18,6.0,13,25.1,1,6,5,low,0
2024-09-08 06:00:00,Zone_17,121.0,129,15.6,0,6,6,,1
2024-09-08 07:00:00,Zone_09,114.0,114,,0,6,7,high,0
2024-09-08 08:00:00,Zone_14,101.0,91,14.5,0,6,8,medium,0
2024-09-08 09:00:00,Zone_17,100.0,102,13.6,0,6,9,medium,0
2024-09-08 10:00:00,Zone_04,24.0,21,9.1,0,6,10,low,0
2024-09-08 11:00:00,Zone_18,153.0,162,25.2,0,6,11,high,1
2024-09-08 12:00:00,Zone_20,116.0,119,23.3,0,6,12,high,1
2024-09-08 13:00:00,Zone_15,29.0,32,19.6,0,6,13,medium,0
2024-09-08 14:00:00,Zone_11,17.0,22,18.5,0,6,14,low,0
2024-09-08 15:00:00,Zone_12,120.0,128,7.4,0,6,15,medium,1
2024-09-08 16:00:00,Zone_09,115.0,111,24.1,0,6,16,low,1
2024-09-08 17:00:00,Zone_13,114.0,109,19.5,0,6,17,low,0
2024-09-08 18:00:00,Zone_15,113.0,111,29.2,1,6,18,medium,0
2024-09-08 19:00:00,Zone_15,234.0,241,23.2,1,6,19,low,1
2024-09-08 20:00:00,Zone_05,,133,27.6,0,6,20,high,1
2024-09-08 21:00:00,Zone_19,19.0,25,21.9,1,6,21,low,0
2024-09-08 22:00:00,Zone_20,65.0,58,23.5,0,6,22,medium,0
2024-09-08 23:00:00,Zone_14,47.0,56,29.4,0,6,23,,0
2024-09-09 00:00:00,Zone_17,4.0,2,20.5,0,0,0,medium,0
2024-09-09 01:00:00,Zone_18,2.0,1,25.8,0,0,1,low,0
2024-09-09 02:00:00,Zone_03,7.0,11,18.5,0,0,2,medium,0
2024-09-09 03:00:00,Zone_02,24.0,21,21.0,0,0,3,high,0
2024-09-09 04:00:00,Zone_01,19.0,19,34.7,0,0,4,high,0
2024-09-09 05:00:00,Zone_10,9.0,17,27.1,0,0,5,medium,0
2024-09-09 06:00:00,Zone_19,106.0,108,,0,0,6,low,1
2024-09-09 07:00:00,Zone_17,87.0,91,25.4,1,0,7,low,0
2024-09-09 08:00:00,Zone_12,77.0,71,11.8,0,0,8,medium,0
2024-09-09 09:00:00,Zone_01,99.0,95,20.2,1,0,9,low,0
2024-09-09 10:00:00,Zone_12,22.0,24,14.4,0,0,10,medium,0
2024-09-09 11:00:00,Zone_17,35.0,40,25.6,1,0,11,high,0
2024-09-09 12:00:00,Zone_03,159.0,164,20.5,0,0,12,high,1
2024-09-09 13:00:00,Zone_11,45.0,36,24.3,0,0,13,high,0
2024-09-09 14:00:00,Zone_17,54.0,50,28.2,0,0,14,high,0
2024-09-09 15:00:00,Zone_03,89.0,82,18.3,1,0,15,medium,1
2024-09-09 16:00:00,Zone_08,33.0,42,18.6,0,0,16,medium,0
2024-09-09 17:00:00,Zone_20,102.0,104,21.7,0,0,17,medium,0
2024-09-09 18:00:00,Zone_04,122.0,116,15.1,0,0,18,high,0
2024-09-09 19:00:00,Zone_07,199.0,200,21.9,0,0,19,low,1
2024-09-09 20:00:00,Zone_14,26.0,28,22.3,1,0,20,medium,0
2024-09-09 21:00:00,Zone_14,26.0,24,23.8,0,0,21,low,0
2024-09-09 22:00:00,Zone_04,21.0,26,25.4,0,0,22,low,0
2024-09-09 23:00:00,Zone_16,98.0,93,9.2,0,0,23,medium,1
2024-09-10 00:00:00,Zone_01,11.0,13,11.7,0,1,0,medium,0
2024-09-10 01:00:00,Zone_17,132.0,135,12.7,0,1,1,medium,1
2024-09-10 02:00:00,Zone_10,14.0,7,22.7,0,1,2,medium,0
2024-09-10 03:00:00,Zone_16,14.0,12,19.7,1,1,3,medium,0
2024-09-10 04:00:00,Zone_16,1.0,1,3.9,0,1,4,,0
2024-09-10 05:00:00,Zone_08,9.0,9,37.6,1,1,5,medium,0
2024-09-10 06:00:00,Zone_07,35.0,40,6.1,0,1,6,high,0
2024-09-10 07:00:00,Zone_06,93.0,94,22.2,0,1,7,low,0
2024-09-10 08:00:00,Zone_16,97.0,103,26.5,0,1,8,medium,0
2024-09-10 09:00:00,Zone_20,184.0,181,16.2,0,1,9,medium,1
2024-09-10 10:00:00,Zone_16,44.0,45,27.1,0,1,10,high,0
2024-09-10 11:00:00,Zone_07,33.0,30,13.9,0,1,11,medium,0
2024-09-10 12:00:00,Zone_09,28.0,30,23.4,1,1,12,low,0
2024-09-10 13:00:00,Zone_14,30.0,24,4.6,0,1,13,high,0
2024-09-10 14:00:00,Zone_11,43.0,40,31.4,0,1,14,high,0
2024-09-10 15:00:00,Zone_14,48.0,40,22.0,0,1,15,high,0
2024-09-10 16:00:00,Zone_07,135.0,135,9.2,0,1,16,medium,1
2024-09-10 17:00:00,Zone_01,125.0,119,27.0,0,1,17,high,0
2024-09-10 18:00:00,Zone_13,113.0,118,35.1,0,1,18,medium,0
2024-09-10 19:00:00,Zone_20,81.0,80,14.6,0,1,19,medium,0
2024-09-10 20:00:00,Zone_03,108.0,107,20.3,0,1,20,high,1
2024-09-10 21:00:00,Zone_20,,65,17.9,0,1,21,high,0
2024-09-10 22:00:00,Zone_04,15.0,15,15.8,0,1,22,medium,0
2024-09-10 23:00:00,Zone_11,37.0,35,15.0,1,1,23,,0
2024-09-11 00:00:00,Zone_02,2.0,1,16.8,0,2,0,low,0
2024-09-11 01:00:00,Zone_14,5.0,8,17.3,0,2,1,low,0
2024-09-11 02:00:00,Zone_12,24.0,27,19.1,0,2,2,medium,0
2024-09-11 03:00:00,Zone_17,8.0,15,,0,2,3,medium,0
2024-09-11 04:00:00,Zone_12,5.0,11,28.1,0,2,4,low,0
2024-09-11 05:00:00,Zone_12,12.0,2,27.4,0,2,5,medium,0
2024-09-11 06:00:00,Zone_01,16.0,17,9.7,0,2,6,low,0
2024-09-11 07:00:00,Zone_13,79.0,76,17.3,0,2,7,medium,0
2024-09-11 08:00:00,Zone_14,101.0,91,32.0,0,2,8,high,0
2024-09-11 09:00:00,Zone_02,89.0,90,24.4,0,2,9,medium,0
2024-09-11 10:00:00,Zone_12,89.0,95,24.7,0,2,10,medium,1
2024-09-11 11:00:00,Zone_16,46.0,42,23.9,0,2,11,high,0
2024-09-11 12:00:00,Zone_04,32.0,32,19.9,0,2,12,medium,0
2024-09-11 13:00:00,Zone_08,160.0,162,21.7,0,2,13,high,1
2024-09-11 14:00:00,Zone_02,135.0,133,18.8,0,2,14,medium,1
2024-09-11 15:00:00,Zone_10,44.0,40,28.8,0,2,15,high,0
2024-09-11 16:00:00,Zone_09,49.0,56,18.8,0,2,16,high,0
2024-09-11 17:00:00,Zone_15,151.0,158,21.1,0,2,17,medium,1
2024-09-11 18:00:00,Zone_13,188.0,187,27.9,0,2,18,medium,1
2024-09-11 19:00:00,Zone_17,108.0,98,19.4,1,2,19,medium,0
2024-09-11 20:00:00,Zone_16,33.0,36,21.4,0,2,20,medium,0
2024-09-11 21:00:00,Zone_02,26.0,16,19.1,0,2,21,medium,0
2024-09-11 22:00:00,Zone_20,132.0,128,21.3,0,2,22,low,1
2024-09-11 23:00:00,Zone_20,112.0,120,19.4,0,2,23,medium,1
2024-09-12 00:00:00,Zone_14,19.0,27,17.7,0,3,0,medium,0
2024-09-12 01:00:00,Zone_03,22.0,15,16.3,0,3,1,high,0
2024-09-12 02:00:00,Zone_12,21.0,17,20.6,1,3,2,high,0
2024-09-12 03:00:00,Zone_08,15.0,20,30.1,0,3,3,low,0
2024-09-12 04:00:00,Zone_02,8.0,4,27.0,1,3,4,low,0
2024-09-12 05:00:00,Zone_04,1.0,1,9.4,0,3,5,low,0
2024-09-12 06:00:00,Zone_14,29.0,26,18.6,0,3,6,low,0
2024-09-12 07:00:00,Zone_16,87.0,89,16.9,0,3,7,low,0
2024-09-12 08:00:00,Zone_19,81.0,79,9.5,0,3,8,high,0
2024-09-12 09:00:00,Zone_02,125.0,119,24.2,1,3,9,high,0
2024-09-12 10:00:00,Zone_12,39.0,38,21.2,0,3,10,medium,0
2024-09-12 11:00:00,Zone_14,29.0,29,38.2,1,3,11,medium,0
2024-09-12 12:00:00,Zone_06,17.0,23,19.3,0,3,12,medium,0
2024-09-12 13:00:00,Zone_13,43.0,47,15.8,0,3,13,high,0
2024-09-12 14:00:00,Zone_04,37.0,37,15.0,0,3,14,high,0
2024-09-12 15:00:00,Zone_18,138.0,129,18.4,0,3,15,low,1
2024-09-12 16:00:00,Zone_12,30.0,27,26.7,1,3,16,low,0
2024-09-12 17:00:00,Zone_20,196.0,197,27.6,1,3,17,low,1
2024-09-12 18:00:00,Zone_19,90.0,86,45.0,0,3,18,medium,0
2024-09-12 19:00:00,Zone_08,113.0,104,12.3,0,3,19,medium,0
2024-09-12 20:00:00,Zone_07,25.0,22,22.7,0,3,20,low,0
2024-09-12 21:00:00,Zone_16,42.0,46,16.5,0,3,21,high,0
2024-09-12 22:00:00,Zone_19,143.0,144,24.8,1,3,22,medium,1
2024-09-12 23:00:00,Zone_06,41.0,33,33.1,0,3,23,high,0
2024-09-13 00:00:00,Zone_20,115.0,108,28.9,0,4,0,low,1
2024-09-13 01:00:00,Zone_11,7.0,8,12.3,0,4,1,low,0
2024-09-13 02:00:00,Zone_05,77.0,73,27.5,0,4,2,low,1
2024-09-13 03:00:00,Zone_16,1.0,6,,0,4,3,low,0
2024-09-13 04:00:00,Zone_07,95.0,101,3.0,1,4,4,high,1
2024-09-13 05:00:00,Zone_05,1.0,9,20.0,0,4,5,low,0
2024-09-13 06:00:00,Zone_11,31.0,35,26.9,0,4,6,,0
2024-09-13 07:00:00,Zone_15,91.0,100,24.8,0,4,7,low,0
2024-09-13 08:00:00,Zone_03,70.0,77,37.2,0,4,8,low,0
2024-09-13 09:00:00,Zone_05,119.0,113,22.9,0,4,9,high,0
2024-09-13 10:00:00,Zone_05,160.0,163,21.1,0,4,10,high,1
2024-09-13 11:00:00,Zone_09,36.0,39,31.2,1,4,11,medium,0
2024-09-13 12:00:00,Zone_15,44.0,47,19.0,0,4,12,high,0
2024-09-13 13:00:00,Zone_03,112.0,118,25.1,0,4,13,medium,1
2024-09-13 14:00:00,Zone_06,29.0,32,,0,4,14,medium,0
2024-09-13 15:00:00,Zone_17,44.0,37,,0,4,15,high,0
2024-09-13 16:00:00,Zone_08,20.0,19,25.1,1,4,16,low,0
2024-09-13 17:00:00,Zone_11,101.0,94,39.5,0,4,17,low,0
2024-09-13 18:00:00,Zone_06,214.0,206,31.1,0,4,18,medium,1
2024-09-13 19:00:00,Zone_08,102.0,98,15.3,0,4,19,medium,0
2024-09-13 20:00:00,Zone_10,21.0,30,40.7,0,4,20,low,0
2024-09-13 21:00:00,Zone_03,14.0,10,27.5,0,4,21,low,0
2024-09-13 22:00:00,Zone_14,38.0,30,25.4,0,4,22,high,0
2024-09-13 23:00:00,Zone_14,37.0,39,21.2,0,4,23,medium,0
2024-09-14 00:00:00,Zone_10,17.0,10,27.5,0,5,0,medium,0
2024-09-14 01:00:00,Zone_12,126.0,134,22.9,0,5,1,high,1
2024-09-14 02:00:00,Zone_06,9.0,2,22.2,0,5,2,medium,0
2024-09-14 03:00:00,Zone_12,6.0,10,20.9,0,5,3,medium,0
2024-09-14 04:00:00,Zone_14,30.0,39,29.8,1,5,4,high,0
2024-09-14 05:00:00,Zone_02,111.0,112,28.9,0,5,5,high,1
2024-09-14 06:00:00,Zone_09,30.0,33,20.8,0,5,6,medium,0
2024-09-14 07:00:00,Zone_10,192.0,185,9.8,0,5,7,medium,1
2024-09-14 08:00:00,Zone_17,59.0,51,22.3,0,5,8,medium,0
2024-09-14 09:00:00,Zone_17,96.0,91,16.3,0,5,9,medium,0
2024-09-14 10:00:00,Zone_03,31.0,35,18.2,0,5,10,low,0
2024-09-14 11:00:00,Zone_19,115.0,109,21.0,0,5,11,medium,1
2024-09-14 12:00:00,Zone_01,27.0,22,13.5,0,5,12,low,0
2024-09-14 13:00:00,Zone_12,18.0,19,9.1,0,5,13,low,0
2024-09-14 14:00:00,Zone_07,34.0,30,24.3,0,5,14,medium,0
2024-09-14 15:00:00,Zone_04,38.0,47,22.2,1,5,15,high,0
2024-09-14 16:00:00,Zone_10,27.0,27,21.9,0,5,16,low,0
2024-09-14 17:00:00,Zone_13,90.0,96,26.1,1,5,17,low,0
2024-09-14 18:00:00,Zone_02,82.0,83,16.7,1,5,18,medium,0
2024-09-14 19:00:00,Zone_10,114.0,111,24.7,1,5,19,medium,0
2024-09-14 20:00:00,Zone_04,34.0,36,32.7,1,5,20,low,0
2024-09-14 21:00:00,Zone_18,38.0,45,20.0,0,5,21,low,0
2024-09-14 22:00:00,Zone_05,70.0,78,37.2,0,5,22,medium,0
2024-09-14 23:00:00,Zone_19,134.0,141,22.4,0,5,23,high,1
2024-09-15 00:00:00,Zone_02,100.0,99,15.2,1,6,0,low,1
2024-09-15 01:00:00,Zone_12,1.0,1,28.8,0,6,1,low,0
2024-09-15 02:00:00,Zone_17,100.0,94,21.1,0,6,2,medium,1
2024-09-15 03:00:00,Zone_10,19.0,21,30.4,0,6,3,low,0
2024-09-15 04:00:00,Zone_02,1.0,1,25.3,0,6,4,low,0
2024-09-15 05:00:00,Zone_06,19.0,19,19.4,0,6,5,medium,0
2024-09-15 06:00:00,Zone_08,119.0,121,34.2,0,6,6,high,1
2024-09-15 07:00:00,Zone_19,86.0,80,18.0,0,6,7,low,0
2024-09-15 08:00:00,Zone_11,61.0,69,4.7,0,6,8,medium,0
2024-09-15 09:00:00,Zone_12,117.0,125,29.0,1,6,9,medium,0
2024-09-15 10:00:00,Zone_09,145.0,138,24.8,0,6,10,high,1
2024-09-15 11:00:00,Zone_02,101.0,102,32.3,1,6,11,low,1
2024-09-15 12:00:00,Zone_08,142.0,149,14.9,0,6,12,medium,1
2024-09-15 13:00:00,Zone_11,43.0,35,20.0,1,6,13,high,0
2024-09-15 14:00:00,Zone_04,42.0,42,19.1,0,6,14,high,0
2024-09-15 15:00:00,Zone_10,32.0,30,29.5,0,6,15,medium,0
2024-09-15 16:00:00,Zone_20,35.0,42,27.2,1,6,16,medium,0
2024-09-15 17:00:00,Zone_16,117.0,118,23.7,0,6,17,medium,0
2024-09-15 18:00:00,Zone_08,213.0,211,23.8,0,6,18,medium,1
2024-09-15 19:00:00,Zone_04,221.0,216,12.8,1,6,19,medium,1
2024-09-15 20:00:00,Zone_10,23.0,14,28.1,0,6,20,medium,0
2024-09-15 21:00:00,Zone_12,146.0,136,28.3,1,6,21,high,1
2024-09-15 22:00:00,Zone_14,43.0,36,40.3,0,6,22,medium,0
2024-09-15 23:00:00,Zone_16,67.0,76,25.8,0,6,23,medium,0
2024-09-16 00:00:00,Zone_18,34.0,41,27.1,0,0,0,high,0
2024-09-16 01:00:00,Zone_12,26.0,19,,1,0,1,high,0
2024-09-16 02:00:00,Zone_18,83.0,83,16.4,0,0,2,medium,1
2024-09-16 03:00:00,Zone_07,9.0,1,32.0,0,0,3,medium,0
2024-09-16 04:00:00,Zone_20,7.0,3,21.6,0,0,4,medium,0
2024-09-16 05:00:00,Zone_07,1.0,1,20.5,1,0,5,low,0
2024-09-16 06:00:00,Zone_09,31.0,36,20.9,1,0,6,low,0
2024-09-16 07:00:00,Zone_01,73.0,81,21.5,1,0,7,medium,0
2024-09-16 08:00:00,Zone_06,94.0,96,18.1,0,0,8,low,0
2024-09-16 09:00:00,Zone_06,157.0,147,23.7,0,0,9,medium,1
2024-09-16 10:00:00,Zone_12,28.0,29,21.2,0,0,10,medium,0
2024-09-16 11:00:00,Zone_12,18.0,8,20.5,1,0,11,medium,0
2024-09-16 12:00:00,Zone_10,,21,25.9,0,0,12,low,0
2024-09-16 13:00:00,Zone_06,24.0,26,22.6,1,0,13,low,0
2024-09-16 14:00:00,Zone_17,18.0,23,17.6,1,0,14,low,0
2024-09-16 15:00:00,Zone_19,31.0,25,15.9,0,0,15,low,0
2024-09-16 16:00:00,Zone_18,39.0,32,,0,0,16,high,0
2024-09-16 17:00:00,Zone_06,103.0,96,16.0,0,0,17,low,0
2024-09-16 18:00:00,Zone_19,86.0,83,15.5,1,0,18,low,0
2024-09-16 19:00:00,Zone_10,108.0,112,15.6,0,0,19,low,0
2024-09-16 20:00:00,Zone_08,43.0,48,24.0,0,0,20,medium,0
2024-09-16 21:00:00,Zone_06,17.0,13,31.5,0,0,21,medium,0
2024-09-16 22:00:00,Zone_07,95.0,92,24.8,0,0,22,low,1
2024-09-16 23:00:00,Zone_01,55.0,62,29.1,0,0,23,high,0
2024-09-17 00:00:00,Zone_18,90.0,95,21.4,0,1,0,high,1
2024-09-17 01:00:00,Zone_20,74.0,78,23.1,0,1,1,low,1
2024-09-17 02:00:00,Zone_12,1.0,10,35.2,0,1,2,medium,0
2024-09-17 03:00:00,Zone_16,13.0,18,28.6,0,1,3,medium,0
2024-09-17 04:00:00,Zone_10,8.0,13,29.5,0,1,4,low,0
2024-09-17 05:00:00,Zone_10,29.0,20,19.9,0,1,5,high,0
2024-09-17 06:00:00,Zone_14,21.0,16,22.0,0,1,6,low,0
2024-09-17 07:00:00,Zone_20,108.0,108,25.2,0,1,7,medium,0
2024-09-17 08:00:00,Zone_10,85.0,79,17.1,0,1,8,medium,0
2024-09-17 09:00:00,Zone_10,93.0,97,3.1,1,1,9,medium,0
2024-09-17 10:00:00,Zone_11,40.0,43,25.2,0,1,10,high,0
2024-09-17 11:00:00,Zone_02,20.0,25,29.7,1,1,11,low,0
2024-09-17 12:00:00,Zone_20,82.0,87,22.4,0,1,12,low,1
2024-09-17 13:00:00,Zone_08,130.0,128,17.2,1,1,13,medium,1
2024-09-17 14:00:00,Zone_07,24.0,32,19.4,0,1,14,low,0
2024-09-17 15:00:00,Zone_08,37.0,31,5.8,1,1,15,low,0
2024-09-17 16:00:00,Zone_01,133.0,130,19.3,0,1,16,medium,1
2024-09-17 17:00:00,Zone_02,81.0,84,13.1,0,1,17,low,0
2024-09-17 18:00:00,Zone_18,76.0,74,16.4,1,1,18,medium,0
2024-09-17 19:00:00,Zone_15,214.0,215,12.7,0,1,19,low,1
2024-09-17 20:00:00,Zone_01,18.0,22,11.8,0,1,20,low,0
2024-09-17 21:00:00,Zone_05,29.0,32,14.0,0,1,21,medium,0
2024-09-17 22:00:00,Zone_02,18.0,9,27.1,0,1,22,low,0
2024-09-17 23:00:00,Zone_20,44.0,37,17.9,0,1,23,high,0
2024-09-18 00:00:00,Zone_03,1.0,1,13.1,1,2,0,low,0
2024-09-18 01:00:00,Zone_19,2.0,1,28.0,0,2,1,medium,0
2024-09-18 02:00:00,Zone_18,127.0,135,23.0,0,2,2,high,1
2024-09-18 03:00:00,Zone_18,1.0,8,3.1,0,2,3,low,0
2024-09-18 04:00:00,Zone_14,3.0,1,30.0,0,2,4,medium,0
2024-09-18 05:00:00,Zone_08,138.0,147,22.6,1,2,5,high,1
2024-09-18 06:00:00,Zone_12,25.0,30,28.2,0,2,6,low,0
2024-09-18 07:00:00,Zone_10,117.0,107,20.2,1,2,7,high,0
2024-09-18 08:00:00,Zone_20,203.0,201,34.8,1,2,8,low,1
2024-09-18 09:00:00,Zone_17,89.0,80,18.9,0,2,9,low,0
2024-09-18 10:00:00,Zone_11,44.0,48,0.9,1,2,10,high,0
2024-09-18 11:00:00,Zone_02,28.0,36,14.9,0,2,11,low,0
2024-09-18 12:00:00,Zone_04,13.0,11,26.0,0,2,12,medium,0
2024-09-18 13:00:00,Zone_01,,43,23.3,1,2,13,high,0
2024-09-18 14:00:00,Zone_15,50.0,44,21.0,0,2,14,high,0
2024-09-18 15:00:00,Zone_13,30.0,23,14.1,0,2,15,medium,0
2024-09-18 16:00:00,Zone_08,35.0,29,22.1,1,2,16,high,0
2024-09-18 17:00:00,Zone_04,111.0,112,21.9,1,2,17,medium,0
2024-09-18 18:00:00,Zone_10,202.0,192,21.8,0,2,18,low,1
2024-09-18 19:00:00,Zone_19,116.0,124,26.3,0,2,19,medium,0
2024-09-18 20:00:00,Zone_18,37.0,35,23.5,1,2,20,medium,0
2024-09-18 21:00:00,Zone_05,24.0,25,20.0,1,2,21,medium,0
2024-09-18 22:00:00,Zone_19,18.0,20,14.0,0,2,22,medium,0
2024-09-18 23:00:00,Zone_16,21.0,30,32.9,0,2,23,medium,0
2024-09-19 00:00:00,Zone_01,1.0,7,37.9,1,3,0,medium,0
2024-09-19 01:00:00,Zone_12,16.0,8,36.0,0,3,1,high,0
2024-09-19 02:00:00,Zone_02,14.0,16,27.6,0,3,2,medium,0
2024-09-19 03:00:00,Zone_08,2.0,5,8.6,0,3,3,low,0
2024-09-19 04:00:00,Zone_18,21.0,14,7.6,0,3,4,high,0
2024-09-19 05:00:00,Zone_16,102.0,95,17.6,1,3,5,low,1
2024-09-19 06:00:00,Zone_05,43.0,33,21.6,0,3,6,high,0
2024-09-19 07:00:00,Zone_13,69.0,64,21.2,1,3,7,low,0
2024-09-19 08:00:00,Zone_19,72.0,72,23.6,0,3,8,low,0
2024-09-19 09:00:00,Zone_03,95.0,86,10.9,0,3,9,low,0
2024-09-19 10:00:00,Zone_08,32.0,40,34.9,1,3,10,low,0
2024-09-19 11:00:00,Zone_12,79.0,86,34.0,0,3,11,medium,1
2024-09-19 12:00:00,Zone_02,29.0,38,11.5,1,3,12,medium,0
2024-09-19 13:00:00,Zone_11,53.0,58,7.1,1,3,13,high,0
2024-09-19 14:00:00,Zone_12,31.0,23,21.3,0,3,14,medium,0
2024-09-19 15:00:00,Zone_18,30.0,20,32.1,1,3,15,low,0
2024-09-19 16:00:00,Zone_13,127.0,118,21.7,0,3,16,medium,1
2024-09-19 17:00:00,Zone_05,115.0,117,24.1,1,3,17,medium,0
2024-09-19 18:00:00,Zone_12,188.0,191,18.5,1,3,18,high,1
2024-09-19 19:00:00,Zone_02,84.0,81,23.2,1,3,19,medium,0
2024-09-19 20:00:00,Zone_05,21.0,24,29.6,0,3,20,low,0
2024-09-19 21:00:00,Zone_07,27.0,22,25.3,1,3,21,medium,0
2024-09-19 22:00:00,Zone_12,130.0,131,26.6,0,3,22,medium,1
2024-09-19 23:00:00,Zone_16,42.0,35,8.7,0,3,23,medium,0
2024-09-20 00:00:00,Zone_08,21.0,19,39.1,0,4,0,high,0
2024-09-20 01:00:00,Zone_09,13.0,9,8.8,0,4,1,medium,0
2024-09-20 02:00:00,Zone_15,13.0,3,23.3,0,4,2,medium,0
2024-09-20 03:00:00,Zone_05,10.0,3,20.8,0,4,3,medium,0
2024-09-20 04:00:00,Zone_13,4.0,1,21.1,1,4,4,low,0
2024-09-20 05:00:00,Zone_05,11.0,11,29.0,0,4,5,medium,0
2024-09-20 06:00:00,Zone_11,112.0,109,16.3,0,4,6,,1
2024-09-20 07:00:00,Zone_10,83.0,85,18.5,1,4,7,medium,0
2024-09-20 08:00:00,Zone_20,108.0,106,12.8,0,4,8,medium,0
2024-09-20 09:00:00,Zone_13,120.0,128,31.0,1,4,9,high,0
2024-09-20 10:00:00,Zone_09,26.0,33,24.1,0,4,10,low,0
2024-09-20 11:00:00,Zone_14,29.0,37,27.1,0,4,11,low,0
2024-09-20 12:00:00,Zone_18,49.0,43,28.5,1,4,12,high,0
2024-09-20 13:00:00,Zone_15,32.0,31,37.9,0,4,13,high,0
2024-09-20 14:00:00,Zone_10,22.0,26,36.5,1,4,14,medium,0
2024-09-20 15:00:00,Zone_07,52.0,49,24.6,0,4,15,high,0
2024-09-20 16:00:00,Zone_08,24.0,32,23.3,0,4,16,low,0
2024-09-20 17:00:00,Zone_03,68.0,65,17.7,0,4,17,low,0
2024-09-20 18:00:00,Zone_15,100.0,104,28.0,0,4,18,high,0
2024-09-20 19:00:00,Zone_16,205.0,213,27.7,0,4,19,high,1
2024-09-20 20:00:00,Zone_04,20.0,13,16.2,0,4,20,low,0
2024-09-20 21:00:00,Zone_06,35.0,27,27.8,0,4,21,low,0
2024-09-20 22:00:00,Zone_01,22.0,16,30.1,0,4,22,low,0
2024-09-20 23:00:00,Zone_04,26.0,27,13.0,0,4,23,low,0
2024-09-21 00:00:00,Zone_11,26.0,31,23.5,0,5,0,high,0
2024-09-21 01:00:00,Zone_12,7.0,4,21.5,0,5,1,medium,0
2024-09-21 02:00:00,Zone_05,92.0,101,22.0,0,5,2,medium,1
2024-09-21 03:00:00,Zone_16,102.0,109,14.4,0,5,3,medium,1
2024-09-21 04:00:00,Zone_13,102.0,103,7.4,0,5,4,high,1
2024-09-21 05:00:00,Zone_13,1.0,1,16.0,0,5,5,low,0
2024-09-21 06:00:00,Zone_17,29.0,26,14.8,0,5,6,medium,0
2024-09-21 07:00:00,Zone_07,92.0,89,24.8,0,5,7,high,0
2024-09-21 08:00:00,Zone_08,77.0,67,25.0,0,5,8,low,0
2024-09-21 09:00:00,Zone_13,89.0,86,24.5,1,5,9,high,0
2024-09-21 10:00:00,Zone_16,22.0,30,10.8,0,5,10,medium,0
2024-09-21 11:00:00,Zone_04,31.0,38,13.0,0,5,11,low,0
2024-09-21 12:00:00,Zone_08,24.0,33,17.1,0,5,12,low,0
2024-09-21 13:00:00,Zone_16,130.0,129,22.2,1,5,13,medium,1
2024-09-21 14:00:00,Zone_10,145.0,142,19.3,1,5,14,medium,1
2024-09-21 15:00:00,Zone_12,,118,24.5,0,5,15,medium,1
2024-09-21 16:00:00,Zone_12,141.0,135,29.8,0,5,16,low,1
2024-09-21 17:00:00,Zone_05,108.0,108,14.0,0,5,17,medium,0
2024-09-21 18:00:00,Zone_16,167.0,164,14.3,0,5,18,,1
2024-09-21 19:00:00,Zone_01,81.0,89,23.1,0,5,19,medium,0
2024-09-21 20:00:00,Zone_09,30.0,38,21.3,0,5,20,medium,0
2024-09-21 21:00:00,Zone_12,28.0,26,27.9,1,5,21,medium,0
2024-09-21 22:00:00,Zone_05,55.0,60,22.1,0,5,22,low,0
2024-09-21 23:00:00,Zone_20,33.0,34,,0,5,23,low,0
2024-09-22 00:00:00,Zone_03,1.0,1,9.3,0,6,0,low,0
2024-09-22 01:00:00,Zone_05,100.0,93,28.7,0,6,1,low,1
2024-09-22 02:00:00,Zone_02,7.0,8,23.6,0,6,2,low,0
2024-09-22 03:00:00,Zone_14,6.0,9,10.8,0,6,3,medium,0
2024-09-22 04:00:00,Zone_02,15.0,20,5.5,0,6,4,medium,0
2024-09-22 05:00:00,Zone_13,15.0,16,13.0,0,6,5,medium,0
2024-09-22 06:00:00,Zone_07,17.0,21,31.7,1,6,6,medium,0
2024-09-22 07:00:00,Zone_10,91.0,81,30.8,0,6,7,low,0
2024-09-22 08:00:00,Zone_13,169.0,166,21.0,0,6,8,high,1
2024-09-22 09:00:00,Zone_16,103.0,95,19.1,1,6,9,low,0
2024-09-22 10:00:00,Zone_14,124.0,125,15.2,0,6,10,medium,1
2024-09-22 11:00:00,Zone_11,152.0,147,20.5,0,6,11,high,1
2024-09-22 12:00:00,Zone_10,33.0,31,18.2,1,6,12,medium,0
2024-09-22 13:00:00,Zone_06,15.0,24,35.7,0,6,13,low,0
2024-09-22 14:00:00,Zone_04,27.0,36,12.1,0,6,14,low,0
2024-09-22 15:00:00,Zone_01,20.0,15,25.1,0,6,15,low,0
2024-09-22 16:00:00,Zone_07,14.0,18,36.1,0,6,16,medium,0
2024-09-22 17:00:00,Zone_09,113.0,106,28.2,0,6,17,medium,0
2024-09-22 18:00:00,Zone_08,83.0,77,13.0,0,6,18,medium,0
2024-09-22 19:00:00,Zone_05,177.0,183,9.7,0,6,19,low,1
2024-09-22 20:00:00,Zone_19,49.0,47,24.2,0,6,20,high,0
2024-09-22 21:00:00,Zone_10,119.0,119,23.2,1,6,21,medium,1
2024-09-22 22:00:00,Zone_11,119.0,115,31.9,0,6,22,low,1
2024-09-22 23:00:00,Zone_15,50.0,45,26.4,0,6,23,low,0
2024-09-23 00:00:00,Zone_06,12.0,12,18.1,0,0,0,medium,0
2024-09-23 01:00:00,Zone_15,6.0,9,17.6,1,0,1,medium,0
2024-09-23 02:00:00,Zone_05,121.0,121,11.6,0,0,2,low,1
2024-09-23 03:00:00,Zone_19,5.0,13,23.0,0,0,3,low,0
2024-09-23 04:00:00,Zone_19,86.0,88,,1,0,4,high,1
2024-09-23 05:00:00,Zone_10,1.0,1,29.3,0,0,5,low,0
2024-09-23 06:00:00,Zone_12,24.0,32,26.7,0,0,6,low,0
2024-09-23 07:00:00,Zone_04,111.0,114,26.5,1,0,7,high,0
2024-09-23 08:00:00,Zone_18,84.0,78,11.4,0,0,8,medium,0
2024-09-23 09:00:00,Zone_16,75.0,75,20.8,0,0,9,medium,0
2024-09-23 10:00:00,Zone_08,117.0,108,18.9,1,0,10,medium,1
2024-09-23 11:00:00,Zone_04,97.0,101,22.8,0,0,11,medium,1
2024-09-23 12:00:00,Zone_12,31.0,36,26.2,1,0,12,medium,0
2024-09-23 13:00:00,Zone_02,42.0,32,17.9,0,0,13,high,0
2024-09-23 14:00:00,Zone_04,36.0,28,18.2,0,0,14,low,0
2024-09-23 15:00:00,Zone_05,96.0,95,,0,0,15,low,1
2024-09-23 16:00:00,Zone_03,129.0,122,13.0,0,0,16,low,1
2024-09-23 17:00:00,Zone_09,83.0,88,16.0,0,0,17,medium,0
2024-09-23 18:00:00,Zone_18,100.0,98,22.0,0,0,18,medium,0
2024-09-23 19:00:00,Zone_11,70.0,63,29.2,0,0,19,low,0
2024-09-23 20:00:00,Zone_03,20.0,28,14.2,0,0,20,medium,0
2024-09-23 21:00:00,Zone_02,16.0,24,36.3,1,0,21,low,0
2024-09-23 22:00:00,Zone_09,20.0,19,11.2,1,0,22,low,0
2024-09-23 23:00:00,Zone_14,40.0,39,34.4,0,0,23,high,0
2024-09-24 00:00:00,Zone_04,19.0,22,31.6,0,1,0,medium,0
2024-09-24 01:00:00,Zone_09,1.0,1,10.6,0,1,1,low,0
2024-09-24 02:00:00,Zone_13,14.0,19,8.9,0,1,2,low,0
2024-09-24 03:00:00,Zone_18,1.0,10,27.8,0,1,3,low,0
2024-09-24 04:00:00,Zone_15,10.0,4,19.0,0,1,4,medium,0
2024-09-24 05:00:00,Zone_10,12.0,15,13.9,0,1,5,medium,0
2024-09-24 06:00:00,Zone_16,138.0,145,36.5,1,1,6,high,1
2024-09-24 07:00:00,Zone_12,101.0,98,12.4,0,1,7,medium,0
2024-09-24 08:00:00,Zone_20,108.0,107,16.2,0,1,8,medium,0
2024-09-24 09:00:00,Zone_05,84.0,76,17.1,0,1,9,high,0
2024-09-24 10:00:00,Zone_02,101.0,98,0.0,0,1,10,medium,1
2024-09-24 11:00:00,Zone_10,119.0,123,22.7,0,1,11,low,1
2024-09-24 12:00:00,Zone_01,28.0,31,14.7,1,1,12,,0
2024-09-24 13:00:00,Zone_07,32.0,24,28.5,1,1,13,medium,0
2024-09-24 14:00:00,Zone_17,25.0,29,29.5,0,1,14,medium,0
2024-09-24 15:00:00,Zone_16,20.0,10,23.9,0,1,15,low,0
2024-09-24 16:00:00,Zone_03,104.0,100,23.9,0,1,16,low,1
2024-09-24 17:00:00,Zone_14,97.0,100,23.3,1,1,17,low,0
2024-09-24 18:00:00,Zone_10,93.0,86,16.4,0,1,18,low,0
2024-09-24 19:00:00,Zone_07,103.0,106,17.1,0,1,19,high,0
2024-09-24 20:00:00,Zone_17,142.0,140,32.6,0,1,20,medium,1
2024-09-24 21:00:00,Zone_06,33.0,32,27.9,0,1,21,medium,0
2024-09-24 22:00:00,Zone_04,23.0,22,23.6,0,1,22,medium,0
2024-09-24 23:00:00,Zone_17,34.0,30,26.8,0,1,23,medium,0
2024-09-25 00:00:00,Zone_09,29.0,33,,1,2,0,high,0
2024-09-25 01:00:00,Zone_04,1.0,1,23.5,1,2,1,medium,0
2024-09-25 02:00:00,Zone_07,11.0,18,26.8,1,2,2,medium,0
2024-09-25 03:00:00,Zone_02,17.0,22,5.4,0,2,3,medium,0
2024-09-25 04:00:00,Zone_17,20.0,28,29.2,0,2,4,high,0
2024-09-25 05:00:00,Zone_08,111.0,108,28.7,0,2,5,high,1
2024-09-25 06:00:00,Zone_15,42.0,47,15.8,0,2,6,high,0
2024-09-25 07:00:00,Zone_15,82.0,77,32.0,0,2,7,low,0
2024-09-25 08:00:00,Zone_08,154.0,162,4.3,0,2,8,low,1
2024-09-25 09:00:00,Zone_16,150.0,149,24.8,1,2,9,low,1
2024-09-25 10:00:00,Zone_19,22.0,24,22.3,0,2,10,medium,0
2024-09-25 11:00:00,Zone_11,26.0,31,19.5,0,2,11,medium,0
2024-09-25 12:00:00,Zone_02,25.0,16,22.2,0,2,12,low,0
2024-09-25 13:00:00,Zone_17,142.0,139,26.7,1,2,13,medium,1
2024-09-25 14:00:00,Zone_16,27.0,25,7.6,0,2,14,low,0
2024-09-25 15:00:00,Zone_15,120.0,116,30.0,0,2,15,high,1
2024-09-25 16:00:00,Zone_13,24.0,18,18.7,1,2,16,low,0
2024-09-25 17:00:00,Zone_15,90.0,87,30.1,0,2,17,medium,0
2024-09-25 18:00:00,Zone_04,95.0,87,27.1,0,2,18,medium,0
2024-09-25 19:00:00,Zone_16,88.0,90,18.6,0,2,19,medium,0
2024-09-25 20:00:00,Zone_12,25.0,34,21.4,1,2,20,low,0
2024-09-25 21:00:00,Zone_04,38.0,46,21.8,0,2,21,high,0
2024-09-25 22:00:00,Zone_03,32.0,33,34.9,0,2,22,medium,0
2024-09-25 23:00:00,Zone_17,49.0,57,12.9,1,2,23,high,0
2024-09-26 00:00:00,Zone_18,26.0,23,18.5,0,3,0,,0
2024-09-26 01:00:00,Zone_18,87.0,95,9.3,0,3,1,medium,1
2024-09-26 02:00:00,Zone_17,19.0,14,23.0,0,3,2,high,0
2024-09-26 03:00:00,Zone_12,23.0,19,17.0,0,3,3,high,0
2024-09-26 04:00:00,Zone_04,25.0,31,18.0,0,3,4,high,0
2024-09-26 05:00:00,Zone_12,129.0,133,33.9,0,3,5,,1
2024-09-26 06:00:00,Zone_20,132.0,135,15.4,0,3,6,high,1
2024-09-26 07:00:00,Zone_15,156.0,160,20.7,0,3,7,medium,1
2024-09-26 08:00:00,Zone_16,100.0,97,18.3,0,3,8,low,0
2024-09-26 09:00:00,Zone_05,101.0,98,18.8,1,3,9,high,0
2024-09-26 10:00:00,Zone_15,130.0,139,44.2,0,3,10,medium,1
2024-09-26 11:00:00,Zone_17,27.0,22,8.1,0,3,11,low,0
2024-09-26 12:00:00,Zone_18,127.0,119,27.2,0,3,12,low,1
2024-09-26 13:00:00,Zone_05,21.0,26,41.4,0,3,13,medium,0
2024-09-26 14:00:00,Zone_13,26.0,18,30.6,0,3,14,medium,0
2024-09-26 15:00:00,Zone_19,19.0,21,22.4,0,3,15,low,0
2024-09-26 16:00:00,Zone_13,23.0,27,12.6,0,3,16,low,0
2024-09-26 17:00:00,Zone_18,118.0,117,32.4,0,3,17,medium,0
2024-09-26 18:00:00,Zone_14,88.0,86,29.5,0,3,18,low,0
2024-09-26 19:00:00,Zone_04,84.0,88,9.8,0,3,19,medium,0
2024-09-26 20:00:00,Zone_04,39.0,40,19.4,1,3,20,high,0
2024-09-26 21:00:00,Zone_20,43.0,51,12.4,0,3,21,high,0
2024-09-26 22:00:00,Zone_20,17.0,15,0.0,0,3,22,low,0
2024-09-26 23:00:00,Zone_19,23.0,15,12.2,0,3,23,low,0
2024-09-27 00:00:00,Zone_13,15.0,17,22.8,0,4,0,medium,0
2024-09-27 01:00:00,Zone_12,20.0,13,26.6,0,4,1,medium,0
2024-09-27 02:00:00,Zone_07,4.0,1,19.4,1,4,2,low,0
2024-09-27 03:00:00,Zone_12,8.0,2,33.0,0,4,3,medium,0
2024-09-27 04:00:00,Zone_04,30.0,39,30.2,1,4,4,high,0
2024-09-27 05:00:00,Zone_02,27.0,25,21.0,0,4,5,high,0
2024-09-27 06:00:00,Zone_02,24.0,31,20.0,0,4,6,medium,0
2024-09-27 07:00:00,Zone_05,77.0,76,25.1,0,4,7,low,0
2024-09-27 08:00:00,Zone_10,172.0,180,21.9,0,4,8,low,1
2024-09-27 09:00:00,Zone_10,73.0,77,10.6,0,4,9,low,0
2024-09-27 10:00:00,Zone_09,22.0,29,19.6,0,4,10,low,0
2024-09-27 11:00:00,Zone_13,30.0,26,27.3,0,4,11,medium,0
2024-09-27 12:00:00,Zone_07,40.0,32,32.5,0,4,12,medium,0
2024-09-27 13:00:00,Zone_05,27.0,18,29.7,0,4,13,low,0
2024-09-27 14:00:00,Zone_10,41.0,41,24.7,0,4,14,high,0
2024-09-27 15:00:00,Zone_10,29.0,33,33.7,0,4,15,medium,0
2024-09-27 16:00:00,Zone_06,20.0,16,25.4,1,4,16,medium,0
2024-09-27 17:00:00,Zone_19,128.0,136,21.3,0,4,17,high,0
2024-09-27 18:00:00,Zone_08,99.0,93,33.8,0,4,18,medium,0
2024-09-27 19:00:00,Zone_01,143.0,151,27.8,1,4,19,high,0
2024-09-27 20:00:00,Zone_17,31.0,30,32.4,0,4,20,low,0
2024-09-27 21:00:00,Zone_07,22.0,26,12.5,0,4,21,,0
2024-09-27 22:00:00,Zone_14,34.0,24,15.1,0,4,22,medium,0
2024-09-27 23:00:00,Zone_17,113.0,119,15.5,0,4,23,medium,1
2024-09-28 00:00:00,Zone_09,8.0,7,23.5,0,5,0,low,0
2024-09-28 01:00:00,Zone_17,62.0,55,36.6,0,5,1,medium,1
2024-09-28 02:00:00,Zone_05,20.0,26,12.9,0,5,2,low,0
2024-09-28 03:00:00,Zone_20,14.0,13,29.2,0,5,3,medium,0
2024-09-28 04:00:00,Zone_08,2.0,3,12.4,0,5,4,medium,0
2024-09-28 05:00:00,Zone_06,7.0,7,38.9,0,5,5,medium,0
2024-09-28 06:00:00,Zone_11,31.0,23,9.2,0,5,6,medium,0
2024-09-28 07:00:00,Zone_19,162.0,170,27.9,1,5,7,high,1
2024-09-28 08:00:00,Zone_04,89.0,96,29.0,0,5,8,low,0
2024-09-28 09:00:00,Zone_18,106.0,113,27.0,0,5,9,high,0
2024-09-28 10:00:00,Zone_01,22.0,15,15.0,0,5,10,low,0
2024-09-28 11:00:00,Zone_13,13.0,7,13.5,0,5,11,medium,0
2024-09-28 12:00:00,Zone_14,21.0,13,32.2,0,5,12,medium,0
2024-09-28 13:00:00,Zone_01,42.0,32,30.4,0,5,13,high,0
2024-09-28 14:00:00,Zone_11,52.0,58,30.3,1,5,14,high,0
2024-09-28 15:00:00,Zone_17,42.0,48,31.2,0,5,15,high,0
2024-09-28 16:00:00,Zone_04,22.0,31,9.7,0,5,16,low,0
2024-09-28 17:00:00,Zone_12,115.0,105,9.5,0,5,17,high,0
2024-09-28 18:00:00,Zone_10,99.0,89,16.6,0,5,18,low,0
2024-09-28 19:00:00,Zone_06,190.0,183,18.2,1,5,19,low,1
2024-09-28 20:00:00,Zone_01,18.0,16,17.3,0,5,20,low,0
2024-09-28 21:00:00,Zone_07,38.0,33,24.2,0,5,21,medium,0
2024-09-28 22:00:00,Zone_16,83.0,84,30.9,0,5,22,medium,0
2024-09-28 23:00:00,Zone_14,149.0,151,19.6,1,5,23,low,1
2024-09-29 00:00:00,Zone_20,9.0,18,15.5,0,6,0,low,0
2024-09-29 01:00:00,Zone_20,18.0,18,28.5,0,6,1,medium,0
2024-09-29 02:00:00,Zone_06,21.0,22,19.7,0,6,2,high,0
2024-09-29 03:00:00,Zone_05,100.0,99,22.9,0,6,3,medium,1
2024-09-29 04:00:00,Zone_18,8.0,13,19.3,0,6,4,medium,0
2024-09-29 05:00:00,Zone_15,3.0,9,24.7,0,6,5,medium,0
2024-09-29 06:00:00,Zone_06,51.0,53,13.9,1,6,6,high,0
2024-09-29 07:00:00,Zone_19,101.0,91,27.8,0,6,7,high,0
2024-09-29 08:00:00,Zone_01,115.0,113,21.7,0,6,8,medium,0
2024-09-29 09:00:00,Zone_01,115.0,112,15.9,0,6,9,medium,0
2024-09-29 10:00:00,Zone_13,116.0,123,26.2,0,6,10,high,1
2024-09-29 11:00:00,Zone_03,31.0,21,15.9,0,6,11,high,0
2024-09-29 12:00:00,Zone_10,86.0,78,16.2,0,6,12,low,1
2024-09-29 13:00:00,Zone_03,27.0,17,12.4,0,6,13,medium,0
2024-09-29 14:00:00,Zone_09,40.0,30,8.4,0,6,14,,0
2024-09-29 15:00:00,Zone_08,35.0,43,,0,6,15,medium,0
2024-09-29 16:00:00,Zone_03,23.0,30,31.3,0,6,16,medium,0
2024-09-29 17:00:00,Zone_13,108.0,109,18.4,0,6,17,medium,0
2024-09-29 18:00:00,Zone_06,152.0,147,15.6,1,6,18,low,1
2024-09-29 19:00:00,Zone_13,181.0,187,7.5,0,6,19,low,1
2024-09-29 20:00:00,Zone_20,39.0,40,4.6,0,6,20,high,0
2024-09-29 21:00:00,Zone_20,30.0,21,27.8,1,6,21,medium,0
2024-09-29 22:00:00,Zone_12,90.0,83,6.2,0,6,22,high,0
2024-09-29 23:00:00,Zone_13,166.0,162,12.8,1,6,23,high,1
2024-09-30 00:00:00,Zone_02,9.0,1,24.3,0,0,0,medium,0
2024-09-30 01:00:00,Zone_16,26.0,35,22.7,0,0,1,high,0
2024-09-30 02:00:00,Zone_06,9.0,18,24.6,0,0,2,low,0
2024-09-30 03:00:00,Zone_19,4.0,8,22.1,0,0,3,medium,0
2024-09-30 04:00:00,Zone_13,10.0,6,19.1,0,0,4,medium,0
2024-09-30 05:00:00,Zone_17,1.0,9,12.9,0,0,5,medium,0
2024-09-30 06:00:00,Zone_09,30.0,22,16.9,1,0,6,low,0
2024-09-30 07:00:00,Zone_17,70.0,68,19.7,0,0,7,low,0
2024-09-30 08:00:00,Zone_02,99.0,100,6.9,0,0,8,low,0
2024-09-30 09:00:00,Zone_19,66.0,73,15.7,0,0,9,medium,0
2024-09-30 10:00:00,Zone_19,45.0,37,19.0,0,0,10,high,0
2024-09-30 11:00:00,Zone_07,50.0,48,16.5,0,0,11,high,0
2024-09-30 12:00:00,Zone_10,124.0,119,19.3,0,0,12,low,1
2024-09-30 13:00:00,Zone_10,140.0,134,27.3,0,0,13,low,1
2024-09-30 14:00:00,Zone_20,,29,28.3,1,0,14,low,0
2024-09-30 15:00:00,Zone_09,,152,34.1,0,0,15,medium,1
2024-09-30 16:00:00,Zone_17,39.0,30,9.9,0,0,16,high,0
2024-09-30 17:00:00,Zone_15,130.0,122,18.6,0,0,17,high,0
2024-09-30 18:00:00,Zone_02,136.0,126,31.8,0,0,18,low,1
2024-09-30 19:00:00,Zone_04,111.0,104,,0,0,19,low,0
2024-09-30 20:00:00,Zone_19,99.0,101,12.6,0,0,20,low,1
2024-09-30 21:00:00,Zone_17,31.0,28,17.1,0,0,21,medium,0
2024-09-30 22:00:00,Zone_05,114.0,121,38.4,0,0,22,high,1
2024-09-30 23:00:00,Zone_07,29.0,38,14.2,0,0,23,medium,0
2024-10-01 00:00:00,Zone_18,30.0,23,30.7,0,1,0,high,0
2024-10-01 01:00:00,Zone_07,105.0,101,21.8,0,1,1,medium,1
2024-10-01 02:00:00,Zone_17,1.0,3,12.8,0,1,2,low,0
2024-10-01 03:00:00,Zone_07,1.0,1,44.4,0,1,3,low,0
2024-10-01 04:00:00,Zone_04,1.0,8,23.6,0,1,4,low,0
2024-10-01 05:00:00,Zone_08,26.0,29,25.0,1,1,5,high,0
2024-10-01 06:00:00,Zone_13,41.0,38,26.3,0,1,6,high,0
2024-10-01 07:00:00,Zone_04,178.0,177,25.7,0,1,7,high,1
2024-10-01 08:00:00,Zone_06,71.0,68,39.2,0,1,8,low,0
2024-10-01 09:00:00,Zone_05,96.0,88,36.3,1,1,9,high,0
2024-10-01 10:00:00,Zone_12,14.0,6,14.5,1,1,10,low,0
2024-10-01 11:00:00,Zone_04,9.0,4,38.1,0,1,11,low,0
2024-10-01 12:00:00,Zone_09,27.0,27,16.4,0,1,12,medium,0
2024-10-01 13:00:00,Zone_04,25.0,18,24.6,1,1,13,medium,0
2024-10-01 14:00:00,Zone_19,38.0,47,10.4,0,1,14,high,0
2024-10-01 15:00:00,Zone_14,117.0,122,30.3,1,1,15,medium,1
2024-10-01 16:00:00,Zone_05,30.0,30,19.5,0,1,16,low,0
2024-10-01 17:00:00,Zone_18,87.0,96,12.8,0,1,17,low,0
2024-10-01 18:00:00,Zone_10,86.0,77,31.5,0,1,18,low,0
2024-10-01 19:00:00,Zone_19,89.0,83,33.5,0,1,19,low,0
2024-10-01 20:00:00,Zone_12,21.0,15,33.8,0,1,20,low,0
2024-10-01 21:00:00,Zone_18,34.0,39,9.8,0,1,21,medium,0
2024-10-01 22:00:00,Zone_17,101.0,104,34.6,0,1,22,,1
2024-10-01 23:00:00,Zone_11,37.0,33,19.6,0,1,23,high,0
2024-10-02 00:00:00,Zone_03,1.0,1,,0,2,0,medium,0
2024-10-02 01:00:00,Zone_17,1.0,1,27.0,1,2,1,low,0
2024-10-02 02:00:00,Zone_01,11.0,14,24.0,1,2,2,medium,0
2024-10-02 03:00:00,Zone_15,3.0,1,22.1,0,2,3,medium,0
2024-10-02 04:00:00,Zone_09,7.0,9,21.9,1,2,4,medium,0
2024-10-02 05:00:00,Zone_15,4.0,6,16.6,0,2,5,low,0
2024-10-02 06:00:00,Zone_03,52.0,48,13.5,0,2,6,high,0
2024-10-02 07:00:00,Zone_19,81.0,85,19.1,0,2,7,low,0
2024-10-02 08:00:00,Zone_13,80.0,79,31.5,0,2,8,high,0
2024-10-02 09:00:00,Zone_12,100.0,91,10.8,1,2,9,low,0
2024-10-02 10:00:00,Zone_20,53.0,61,32.7,1,2,10,high,0
2024-10-02 11:00:00,Zone_01,,34,23.1,0,2,11,medium,0
2024-10-02 12:00:00,Zone_17,,13,28.3,0,2,12,medium,0
2024-10-02 13:00:00,Zone_13,27.0,17,,1,2,13,low,0
2024-10-02 14:00:00,Zone_01,123.0,113,29.4,0,2,14,low,1
2024-10-02 15:00:00,Zone_10,37.0,38,22.2,1,2,15,high,0
2024-10-02 16:00:00,Zone_15,53.0,56,22.4,0,2,16,high,0
2024-10-02 17:00:00,Zone_07,176.0,176,29.2,1,2,17,medium,1
2024-10-02 18:00:00,Zone_18,74.0,64,13.7,0,2,18,medium,0
2024-10-02 19:00:00,Zone_16,91.0,85,12.4,0,2,19,low,0
2024-10-02 20:00:00,Zone_14,30.0,22,18.3,0,2,20,medium,0
2024-10-02 21:00:00,Zone_18,17.0,19,24.3,0,2,21,low,0
2024-10-02 22:00:00,Zone_07,10.0,4,37.4,0,2,22,low,0
2024-10-02 23:00:00,Zone_17,29.0,31,22.4,0,2,23,medium,0
2024-10-03 00:00:00,Zone_18,3.0,2,38.0,0,3,0,medium,0
2024-10-03 01:00:00,Zone_12,1.0,1,26.1,1,3,1,low,0
2024-10-03 02:00:00,Zone_08,10.0,1,18.4,1,3,2,low,0
2024-10-03 03:00:00,Zone_02,17.0,19,31.2,0,3,3,medium,0
2024-10-03 04:00:00,Zone_07,10.0,4,20.1,1,3,4,low,0
2024-10-03 05:00:00,Zone_04,16.0,16,24.0,0,3,5,high,0
2024-10-03 06:00:00,Zone_18,121.0,122,11.3,0,3,6,low,1
2024-10-03 07:00:00,Zone_06,106.0,106,9.9,0,3,7,low,0
2024-10-03 08:00:00,Zone_09,220.0,224,26.4,0,3,8,high,1
2024-10-03 09:00:00,Zone_09,76.0,71,,0,3,9,,0
2024-10-03 10:00:00,Zone_14,16.0,8,37.6,1,3,10,low,0
2024-10-03 11:00:00,Zone_08,19.0,24,15.5,1,3,11,medium,0
2024-10-03 12:00:00,Zone_19,21.0,23,33.7,0,3,12,low,0
2024-10-03 13:00:00,Zone_03,97.0,102,32.5,0,3,13,medium,1
2024-10-03 14:00:00,Zone_18,39.0,33,18.1,0,3,14,medium,0
2024-10-03 15:00:00,Zone_05,35.0,39,33.1,0,3,15,medium,0
2024-10-03 16:00:00,Zone_14,30.0,35,29.6,0,3,16,medium,0
2024-10-03 17:00:00,Zone_04,115.0,105,31.1,0,3,17,medium,0
2024-10-03 18:00:00,Zone_07,95.0,92,39.3,0,3,18,high,0
2024-10-03 19:00:00,Zone_20,89.0,98,30.8,0,3,19,medium,0
2024-10-03 20:00:00,Zone_12,21.0,15,4.9,0,3,20,medium,0
2024-10-03 21:00:00,Zone_02,25.0,21,24.6,0,3,21,medium,0
2024-10-03 22:00:00,Zone_11,22.0,21,9.5,0,3,22,low,0
2024-10-03 23:00:00,Zone_14,,53,23.2,0,3,23,high,0
2024-10-04 00:00:00,Zone_16,21.0,15,22.7,1,4,0,high,0
2024-10-04 01:00:00,Zone_20,17.0,26,17.3,1,4,1,low,0
2024-10-04 02:00:00,Zone_06,26.0,26,13.8,0,4,2,high,0
2024-10-04 03:00:00,Zone_04,96.0,103,17.8,0,4,3,medium,1
2024-10-04 04:00:00,Zone_15,1.0,10,19.3,0,4,4,medium,0
2024-10-04 05:00:00,Zone_01,,12,20.9,0,4,5,low,0
2024-10-04 06:00:00,Zone_07,94.0,102,22.8,0,4,6,medium,1
2024-10-04 07:00:00,Zone_12,99.0,100,26.7,1,4,7,medium,0
2024-10-04 08:00:00,Zone_10,107.0,114,19.5,1,4,8,low,0
2024-10-04 09:00:00,Zone_05,105.0,109,32.2,1,4,9,medium,0
2024-10-04 10:00:00,Zone_12,43.0,38,21.7,1,4,10,high,0
2024-10-04 11:00:00,Zone_18,41.0,40,29.4,0,4,11,medium,0
2024-10-04 12:00:00,Zone_10,104.0,110,19.6,0,4,12,medium,1
2024-10-04 13:00:00,Zone_06,28.0,27,43.9,1,4,13,,0
2024-10-04 14:00:00,Zone_12,23.0,16,25.7,1,4,14,low,0
2024-10-04 15:00:00,Zone_07,40.0,37,35.1,0,4,15,high,0
2024-10-04 16:00:00,Zone_18,131.0,125,16.4,0,4,16,high,1
2024-10-04 17:00:00,Zone_02,230.0,238,18.4,0,4,17,medium,1
2024-10-04 18:00:00,Zone_10,179.0,186,20.0,0,4,18,low,1
2024-10-04 19:00:00,Zone_15,65.0,70,41.8,1,4,19,low,0
2024-10-04 20:00:00,Zone_12,16.0,9,20.3,1,4,20,low,0
2024-10-04 21:00:00,Zone_17,31.0,27,15.4,1,4,21,medium,0
2024-10-04 22:00:00,Zone_04,27.0,24,32.4,0,4,22,low,0
2024-10-04 23:00:00,Zone_07,24.0,28,22.5,1,4,23,medium,0
2024-10-05 00:00:00,Zone_09,1.0,1,20.3,0,5,0,medium,0
2024-10-05 01:00:00,Zone_19,4.0,1,17.1,0,5,1,low,0
2024-10-05 02:00:00,Zone_07,29.0,27,25.9,0,5,2,medium,0
2024-10-05 03:00:00,Zone_02,11.0,20,30.5,0,5,3,low,0
2024-10-05 04:00:00,Zone_06,32.0,22,28.3,1,5,4,high,0
2024-10-05 05:00:00,Zone_18,134.0,130,18.2,0,5,5,medium,1
2024-10-05 06:00:00,Zone_06,20.0,11,14.1,0,5,6,low,0
2024-10-05 07:00:00,Zone_13,73.0,77,0.0,0,5,7,low,0
2024-10-05 08:00:00,Zone_19,85.0,84,14.4,0,5,8,high,0
2024-10-05 09:00:00,Zone_02,69.0,67,19.0,0,5,9,medium,0
2024-10-05 10:00:00,Zone_12,22.0,27,21.5,0,5,10,medium,0
2024-10-05 11:00:00,Zone_15,140.0,135,19.8,0,5,11,low,1
2024-10-05 12:00:00,Zone_14,22.0,23,44.4,0,5,12,medium,0
2024-10-05 13:00:00,Zone_06,22.0,19,25.9,0,5,13,low,0
2024-10-05 14:00:00,Zone_18,141.0,139,12.1,0,5,14,high,1
2024-10-05 15:00:00,Zone_05,47.0,43,27.2,0,5,15,high,0
2024-10-05 16:00:00,Zone_18,97.0,100,25.1,0,5,16,medium,1
2024-10-05 17:00:00,Zone_03,110.0,110,13.6,1,5,17,high,0
2024-10-05 18:00:00,Zone_03,210.0,211,24.3,0,5,18,low,1
2024-10-05 19:00:00,Zone_10,110.0,118,26.2,1,5,19,low,0
2024-10-05 20:00:00,Zone_19,19.0,18,30.2,0,5,20,low,0
2024-10-05 21:00:00,Zone_03,30.0,38,7.8,1,5,21,low,0
2024-10-05 22:00:00,Zone_12,73.0,75,27.2,0,5,22,high,0
2024-10-05 23:00:00,Zone_16,114.0,106,33.3,0,5,23,low,1
2024-10-06 00:00:00,Zone_17,25.0,30,37.1,0,6,0,high,0
2024-10-06 01:00:00,Zone_07,106.0,100,12.2,0,6,1,high,1
2024-10-06 02:00:00,Zone_13,6.0,3,20.8,0,6,2,medium,0
2024-10-06 03:00:00,Zone_02,3.0,1,21.6,1,6,3,low,0
2024-10-06 04:00:00,Zone_04,1.0,4,27.4,0,6,4,low,0
2024-10-06 05:00:00,Zone_10,6.0,15,20.7,0,6,5,low,0
2024-10-06 06:00:00,Zone_07,,25,16.3,0,6,6,medium,0
2024-10-06 07:00:00,Zone_17,91.0,96,23.7,0,6,7,medium,0
2024-10-06 08:00:00,Zone_20,101.0,91,19.3,1,6,8,medium,0
2024-10-06 09:00:00,Zone_06,76.0,68,26.5,0,6,9,high,0
2024-10-06 10:00:00,Zone_19,19.0,11,15.5,0,6,10,medium,0
2024-10-06 11:00:00,Zone_05,34.0,34,13.8,1,6,11,low,0
2024-10-06 12:00:00,Zone_10,45.0,45,32.5,0,6,12,high,0
2024-10-06 13:00:00,Zone_09,119.0,128,40.2,0,6,13,low,1
2024-10-06 14:00:00,Zone_13,22.0,16,36.6,0,6,14,low,0
2024-10-06 15:00:00,Zone_19,110.0,111,21.4,0,6,15,high,1
2024-10-06 16:00:00,Zone_06,42.0,37,30.4,0,6,16,high,0
2024-10-06 17:00:00,Zone_04,100.0,105,16.5,0,6,17,high,0
2024-10-06 18:00:00,Zone_03,78.0,73,26.1,0,6,18,low,0
2024-10-06 19:00:00,Zone_03,113.0,111,17.3,1,6,19,medium,0
2024-10-06 20:00:00,Zone_04,19.0,18,32.1,1,6,20,low,0
2024-10-06 21:00:00,Zone_05,38.0,41,31.0,1,6,21,high,0
2024-10-06 22:00:00,Zone_08,71.0,75,,0,6,22,low,0
2024-10-06 23:00:00,Zone_16,179.0,175,20.2,0,6,23,low,1
2024-10-07 00:00:00,Zone_03,14.0,23,34.6,0,0,0,high,0
2024-10-07 01:00:00,Zone_12,33.0,27,26.1,0,0,1,high,0
2024-10-07 02:00:00,Zone_08,,3,22.6,0,0,2,medium,0
2024-10-07 03:00:00,Zone_13,1.0,1,24.7,0,0,3,low,0
2024-10-07 04:00:00,Zone_04,1.0,4,35.6,0,0,4,medium,0
2024-10-07 05:00:00,Zone_14,21.0,25,20.9,0,0,5,high,0
2024-10-07 06:00:00,Zone_14,,31,21.4,1,0,6,medium,0
2024-10-07 07:00:00,Zone_13,182.0,191,5.5,0,0,7,low,1
2024-10-07 08:00:00,Zone_06,68.0,73,20.8,0,0,8,low,0
2024-10-07 09:00:00,Zone_17,219.0,217,24.1,0,0,9,high,1
2024-10-07 10:00:00,Zone_04,41.0,41,15.9,0,0,10,medium,0
2024-10-07 11:00:00,Zone_08,36.0,29,13.9,0,0,11,medium,0
2024-10-07 12:00:00,Zone_17,41.0,32,7.2,0,0,12,medium,0
2024-10-07 13:00:00,Zone_03,112.0,103,17.3,0,0,13,medium,1
2024-10-07 14:00:00,Zone_17,47.0,51,33.4,0,0,14,high,0
2024-10-07 15:00:00,Zone_09,28.0,25,10.1,1,0,15,low,0
2024-10-07 16:00:00,Zone_02,15.0,20,28.3,1,0,16,medium,0
2024-10-07 17:00:00,Zone_13,93.0,90,29.0,0,0,17,low,0
2024-10-07 18:00:00,Zone_20,89.0,83,41.6,1,0,18,low,0
2024-10-07 19:00:00,Zone_02,167.0,167,30.3,0,0,19,high,1
2024-10-07 20:00:00,Zone_20,113.0,107,29.6,1,0,20,high,1
2024-10-07 21:00:00,Zone_11,,120,24.9,0,0,21,medium,1
2024-10-07 22:00:00,Zone_15,20.0,25,22.0,1,0,22,low,0
2024-10-07 23:00:00,Zone_11,25.0,20,28.8,1,0,23,low,0
2024-10-08 00:00:00,Zone_03,13.0,8,32.0,0,1,0,high,0
2024-10-08 01:00:00,Zone_03,1.0,1,23.4,0,1,1,low,0
2024-10-08 02:00:00,Zone_12,20.0,27,32.3,1,1,2,high,0
2024-10-08 03:00:00,Zone_05,124.0,116,45.0,0,1,3,low,1
2024-10-08 04:00:00,Zone_20,33.0,36,22.6,0,1,4,high,0
2024-10-08 05:00:00,Zone_07,98.0,104,22.8,0,1,5,high,1
2024-10-08 06:00:00,Zone_07,32.0,31,21.3,1,1,6,low,0
2024-10-08 07:00:00,Zone_13,,188,23.1,0,1,7,,1
2024-10-08 08:00:00,Zone_09,77.0,86,31.8,0,1,8,low,0
2024-10-08 09:00:00,Zone_13,170.0,178,22.7,1,1,9,low,1
2024-10-08 10:00:00,Zone_12,20.0,21,23.5,0,1,10,medium,0
2024-10-08 11:00:00,Zone_13,96.0,99,20.0,1,1,11,medium,1
2024-10-08 12:00:00,Zone_10,35.0,35,25.9,1,1,12,low,0
2024-10-08 13:00:00,Zone_01,,22,18.0,0,1,13,medium,0
2024-10-08 14:00:00,Zone_08,97.0,96,12.2,1,1,14,low,1
2024-10-08 15:00:00,Zone_16,134.0,134,25.6,1,1,15,low,1
2024-10-08 16:00:00,Zone_13,14.0,7,37.8,0,1,16,medium,0
2024-10-08 17:00:00,Zone_03,113.0,120,19.7,0,1,17,medium,0
2024-10-08 18:00:00,Zone_03,118.0,118,13.7,0,1,18,medium,0
2024-10-08 19:00:00,Zone_05,103.0,100,37.3,0,1,19,medium,0
2024-10-08 20:00:00,Zone_11,148.0,144,22.4,1,1,20,high,1
2024-10-08 21:00:00,Zone_07,101.0,107,29.6,0,1,21,medium,1
2024-10-08 22:00:00,Zone_10,137.0,132,16.2,1,1,22,low,1
2024-10-08 23:00:00,Zone_10,143.0,142,22.1,0,1,23,medium,1
2024-10-09 00:00:00,Zone_20,11.0,12,33.2,1,2,0,medium,0
2024-10-09 01:00:00,Zone_02,15.0,6,23.0,0,2,1,medium,0
2024-10-09 02:00:00,Zone_03,14.0,16,23.1,0,2,2,medium,0
2024-10-09 03:00:00,Zone_08,6.0,8,10.1,0,2,3,low,0
2024-10-09 04:00:00,Zone_11,105.0,99,28.3,1,2,4,low,1
2024-10-09 05:00:00,Zone_13,72.0,67,15.7,1,2,5,medium,1
2024-10-09 06:00:00,Zone_07,20.0,25,31.0,0,2,6,low,0
2024-10-09 07:00:00,Zone_13,79.0,86,23.6,0,2,7,,0
2024-10-09 08:00:00,Zone_02,82.0,88,24.3,0,2,8,medium,0
2024-10-09 09:00:00,Zone_06,189.0,198,28.2,0,2,9,medium,1
2024-10-09 10:00:00,Zone_09,30.0,34,25.0,1,2,10,medium,0
2024-10-09 11:00:00,Zone_20,83.0,87,35.7,0,2,11,low,1
2024-10-09 12:00:00,Zone_02,47.0,51,34.5,0,2,12,high,0
2024-10-09 13:00:00,Zone_18,39.0,32,12.3,0,2,13,medium,0
2024-10-09 14:00:00,Zone_16,15.0,13,20.6,0,2,14,medium,0
2024-10-09 15:00:00,Zone_12,17.0,18,28.7,0,2,15,low,0
2024-10-09 16:00:00,Zone_07,32.0,35,14.5,0,2,16,low,0
2024-10-09 17:00:00,Zone_07,95.0,85,9.5,0,2,17,medium,0
2024-10-09 18:00:00,Zone_17,100.0,99,15.9,0,2,18,low,0
2024-10-09 19:00:00,Zone_13,101.0,105,21.1,0,2,19,low,0
2024-10-09 20:00:00,Zone_11,15.0,15,0.0,1,2,20,medium,0
2024-10-09 21:00:00,Zone_06,35.0,25,13.1,0,2,21,medium,0
2024-10-09 22:00:00,Zone_14,18.0,15,7.8,0,2,22,medium,0
2024-10-09 23:00:00,Zone_06,32.0,30,31.2,0,2,23,medium,0
2024-10-10 00:00:00,Zone_06,35.0,27,29.5,0,3,0,high,0
2024-10-10 01:00:00,Zone_02,13.0,3,24.2,1,3,1,low,0
2024-10-10 02:00:00,Zone_20,99.0,98,22.8,0,3,2,medium,1
2024-10-10 03:00:00,Zone_15,7.0,2,26.4,0,3,3,low,0
2024-10-10 04:00:00,Zone_17,115.0,123,14.0,0,3,4,medium,1
2024-10-10 05:00:00,Zone_08,16.0,9,32.0,0,3,5,medium,0
2024-10-10 06:00:00,Zone_05,30.0,38,22.7,0,3,6,low,0
2024-10-10 07:00:00,Zone_17,91.0,87,29.3,0,3,7,medium,0
2024-10-10 08:00:00,Zone_20,78.0,79,29.0,1,3,8,high,0
2024-10-10 09:00:00,Zone_01,76.0,70,26.3,1,3,9,low,0
2024-10-10 10:00:00,Zone_18,32.0,40,24.5,0,3,10,medium,0
2024-10-10 11:00:00,Zone_15,55.0,63,23.9,0,3,11,high,0
2024-10-10 12:00:00,Zone_05,29.0,38,21.5,0,3,12,medium,0
2024-10-10 13:00:00,Zone_07,,125,25.9,1,3,13,medium,1
2024-10-10 14:00:00,Zone_18,42.0,45,23.6,0,3,14,high,0
2024-10-10 15:00:00,Zone_06,24.0,22,18.1,0,3,15,low,0
2024-10-10 16:00:00,Zone_05,38.0,32,26.9,1,3,16,low,0
2024-10-10 17:00:00,Zone_19,109.0,116,24.2,0,3,17,high,0
2024-10-10 18:00:00,Zone_10,109.0,107,31.7,0,3,18,high,0
2024-10-10 19:00:00,Zone_15,91.0,85,7.5,1,3,19,,0
2024-10-10 20:00:00,Zone_10,128.0,133,22.3,1,3,20,low,1
2024-10-10 21:00:00,Zone_16,31.0,29,16.2,1,3,21,medium,0
2024-10-10 22:00:00,Zone_12,158.0,167,17.9,1,3,22,high,1
2024-10-10 23:00:00,Zone_18,28.0,28,26.5,1,3,23,medium,0
2024-10-11 00:00:00,Zone_01,27.0,30,10.5,0,4,0,high,0
2024-10-11 01:00:00,Zone_16,105.0,97,23.1,0,4,1,high,1
2024-10-11 02:00:00,Zone_06,104.0,113,22.2,1,4,2,high,1
2024-10-11 03:00:00,Zone_03,6.0,2,13.6,0,4,3,medium,0
2024-10-11 04:00:00,Zone_02,10.0,10,23.3,0,4,4,medium,0
2024-10-11 05:00:00,Zone_02,,109,15.9,0,4,5,low,1
2024-10-11 06:00:00,Zone_13,104.0,111,39.6,0,4,6,medium,1
2024-10-11 07:00:00,Zone_09,102.0,110,31.6,0,4,7,medium,0
2024-10-11 08:00:00,Zone_16,93.0,99,22.5,0,4,8,medium,0
2024-10-11 09:00:00,Zone_05,76.0,74,18.5,0,4,9,medium,0
2024-10-11 10:00:00,Zone_07,18.0,21,26.0,1,4,10,medium,0
2024-10-11 11:00:00,Zone_13,134.0,134,28.1,0,4,11,high,1
2024-10-11 12:00:00,Zone_20,28.0,32,24.0,0,4,12,medium,0
2024-10-11 13:00:00,Zone_13,132.0,125,13.9,1,4,13,low,1
2024-10-11 14:00:00,Zone_07,21.0,29,20.3,0,4,14,,0
2024-10-11 15:00:00,Zone_10,54.0,52,22.6,0,4,15,high,0
2024-10-11 16:00:00,Zone_15,127.0,118,24.3,0,4,16,high,1
2024-10-11 17:00:00,Zone_06,105.0,102,24.5,0,4,17,low,0
2024-10-11 18:00:00,Zone_05,107.0,103,27.8,1,4,18,medium,0
2024-10-11 19:00:00,Zone_02,231.0,238,32.7,0,4,19,high,1
2024-10-11 20:00:00,Zone_15,25.0,33,30.1,0,4,20,low,0
2024-10-11 21:00:00,Zone_16,20.0,27,26.7,0,4,21,low,0
2024-10-11 22:00:00,Zone_19,20.0,24,11.9,1,4,22,low,0
2024-10-11 23:00:00,Zone_09,44.0,44,31.5,0,4,23,medium,0
2024-10-12 00:00:00,Zone_19,9.0,10,28.6,1,5,0,medium,0
2024-10-12 01:00:00,Zone_07,59.0,51,20.0,0,5,1,low,1
2024-10-12 02:00:00,Zone_04,19.0,12,22.2,0,5,2,medium,0
2024-10-12 03:00:00,Zone_03,8.0,15,22.5,0,5,3,,0
2024-10-12 04:00:00,Zone_20,79.0,80,18.5,1,5,4,medium,1
2024-10-12 05:00:00,Zone_11,14.0,19,8.0,1,5,5,medium,0
2024-10-12 06:00:00,Zone_01,33.0,34,13.1,0,5,6,medium,0
2024-10-12 07:00:00,Zone_06,157.0,153,14.7,0,5,7,low,1
2024-10-12 08:00:00,Zone_11,188.0,189,6.3,0,5,8,medium,1
2024-10-12 09:00:00,Zone_01,90.0,83,13.1,0,5,9,medium,0
2024-10-12 10:00:00,Zone_07,26.0,31,31.1,0,5,10,medium,0
2024-10-12 11:00:00,Zone_06,26.0,31,25.9,0,5,11,medium,0
2024-10-12 12:00:00,Zone_14,35.0,41,14.2,0,5,12,medium,0
2024-10-12 13:00:00,Zone_02,27.0,36,16.5,0,5,13,low,0
2024-10-12 14:00:00,Zone_04,24.0,22,31.8,0,5,14,low,0
2024-10-12 15:00:00,Zone_11,30.0,33,31.6,0,5,15,low,0
2024-10-12 16:00:00,Zone_15,39.0,33,22.6,1,5,16,medium,0
2024-10-12 17:00:00,Zone_18,113.0,120,31.4,1,5,17,medium,0
2024-10-12 18:00:00,Zone_01,122.0,123,15.9,0,5,18,high,0
2024-10-12 19:00:00,Zone_03,80.0,76,23.8,0,5,19,medium,0
2024-10-12 20:00:00,Zone_03,33.0,24,10.2,0,5,20,high,0
2024-10-12 21:00:00,Zone_07,19.0,26,19.1,0,5,21,medium,0
2024-10-12 22:00:00,Zone_01,51.0,43,22.2,0,5,22,low,0
2024-10-12 23:00:00,Zone_11,78.0,82,8.5,0,5,23,high,0
2024-10-13 00:00:00,Zone_06,1.0,1,26.7,0,6,0,low,0
2024-10-13 01:00:00,Zone_20,2.0,1,28.1,1,6,1,medium,0
2024-10-13 02:00:00,Zone_03,117.0,126,30.1,0,6,2,low,1
2024-10-13 03:00:00,Zone_19,110.0,118,40.7,0,6,3,high,1
2024-10-13 04:00:00,Zone_02,11.0,13,25.3,1,6,4,medium,0
2024-10-13 05:00:00,Zone_18,5.0,10,21.5,1,6,5,low,0
2024-10-13 06:00:00,Zone_12,31.0,40,9.2,1,6,6,medium,0
2024-10-13 07:00:00,Zone_10,95.0,102,25.1,0,6,7,low,0
2024-10-13 08:00:00,Zone_05,206.0,207,26.5,0,6,8,high,1
2024-10-13 09:00:00,Zone_09,163.0,167,11.2,0,6,9,medium,1
2024-10-13 10:00:00,Zone_02,32.0,23,20.1,0,6,10,medium,0
2024-10-13 11:00:00,Zone_02,29.0,31,22.1,0,6,11,low,0
2024-10-13 12:00:00,Zone_06,49.0,50,26.2,0,6,12,high,0
2024-10-13 13:00:00,Zone_10,35.0,39,28.8,1,6,13,high,0
2024-10-13 14:00:00,Zone_18,35.0,27,17.7,1,6,14,high,0
2024-10-13 15:00:00,Zone_12,46.0,52,23.6,0,6,15,high,0
2024-10-13 16:00:00,Zone_04,32.0,27,26.6,1,6,16,low,0
2024-10-13 17:00:00,Zone_17,129.0,129,20.5,0,6,17,high,0
2024-10-13 18:00:00,Zone_15,120.0,129,18.6,0,6,18,medium,0
2024-10-13 19:00:00,Zone_06,109.0,102,27.7,0,6,19,high,0
2024-10-13 20:00:00,Zone_16,25.0,24,20.6,0,6,20,medium,0
2024-10-13 21:00:00,Zone_17,17.0,25,12.4,0,6,21,low,0
2024-10-13 22:00:00,Zone_03,60.0,58,33.0,0,6,22,medium,0
2024-10-13 23:00:00,Zone_10,57.0,65,13.3,0,6,23,low,0
2024-10-14 00:00:00,Zone_05,13.0,17,21.2,0,0,0,medium,0
2024-10-14 01:00:00,Zone_14,12.0,10,24.6,0,0,1,medium,0
2024-10-14 02:00:00,Zone_13,2.0,4,25.6,1,0,2,low,0
2024-10-14 03:00:00,Zone_06,80.0,71,23.4,0,0,3,high,1
2024-10-14 04:00:00,Zone_12,11.0,8,0.0,0,0,4,high,0
2024-10-14 05:00:00,Zone_08,21.0,22,16.4,0,0,5,high,0
2024-10-14 06:00:00,Zone_05,41.0,39,24.4,0,0,6,high,0
2024-10-14 07:00:00,Zone_15,72.0,66,21.1,1,0,7,medium,0
2024-10-14 08:00:00,Zone_16,113.0,106,26.1,0,0,8,medium,0
2024-10-14 09:00:00,Zone_01,73.0,75,30.2,0,0,9,low,0
2024-10-14 10:00:00,Zone_16,58.0,62,26.1,0,0,10,high,0
2024-10-14 11:00:00,Zone_05,43.0,34,16.2,0,0,11,high,0
2024-10-14 12:00:00,Zone_03,114.0,104,17.7,1,0,12,medium,1
2024-10-14 13:00:00,Zone_20,34.0,27,35.1,0,0,13,high,0
2024-10-14 14:00:00,Zone_15,30.0,29,20.6,0,0,14,medium,0
2024-10-14 15:00:00,Zone_13,108.0,98,21.2,0,0,15,medium,1
2024-10-14 16:00:00,Zone_16,41.0,32,26.1,1,0,16,high,0
2024-10-14 17:00:00,Zone_11,143.0,144,31.9,0,0,17,medium,1
2024-10-14 18:00:00,Zone_02,200.0,205,14.8,0,0,18,medium,1
2024-10-14 19:00:00,Zone_06,125.0,117,18.0,1,0,19,medium,0
2024-10-14 20:00:00,Zone_06,93.0,91,9.2,0,0,20,medium,1
2024-10-14 21:00:00,Zone_14,32.0,24,19.6,0,0,21,medium,0
2024-10-14 22:00:00,Zone_11,89.0,98,26.5,1,0,22,medium,1
2024-10-14 23:00:00,Zone_08,39.0,44,19.1,1,0,23,medium,0
2024-10-15 00:00:00,Zone_08,1.0,1,36.1,0,1,0,low,0
2024-10-15 01:00:00,Zone_01,12.0,20,22.9,0,1,1,medium,0
2024-10-15 02:00:00,Zone_07,131.0,131,21.2,0,1,2,high,1
2024-10-15 03:00:00,Zone_06,2.0,1,19.2,1,1,3,low,0
2024-10-15 04:00:00,Zone_08,79.0,82,11.1,0,1,4,low,1
2024-10-15 05:00:00,Zone_19,6.0,1,21.3,0,1,5,low,0
2024-10-15 06:00:00,Zone_20,135.0,136,24.9,0,1,6,high,1
2024-10-15 07:00:00,Zone_08,96.0,100,21.1,0,1,7,medium,0
2024-10-15 08:00:00,Zone_14,94.0,99,23.8,1,1,8,high,0
2024-10-15 09:00:00,Zone_18,75.0,68,16.6,1,1,9,medium,0
2024-10-15 10:00:00,Zone_16,33.0,30,12.0,0,1,10,medium,0
2024-10-15 11:00:00,Zone_09,113.0,119,21.2,1,1,11,high,1
2024-10-15 12:00:00,Zone_15,26.0,18,23.8,0,1,12,low,0
2024-10-15 13:00:00,Zone_10,34.0,26,20.7,1,1,13,medium,0
2024-10-15 14:00:00,Zone_16,36.0,40,23.6,1,1,14,medium,0
2024-10-15 15:00:00,Zone_04,21.0,25,28.2,0,1,15,low,0
2024-10-15 16:00:00,Zone_20,32.0,29,28.2,0,1,16,medium,0
2024-10-15 17:00:00,Zone_13,73.0,77,28.9,0,1,17,low,0
2024-10-15 18:00:00,Zone_05,111.0,108,30.0,0,1,18,low,0
2024-10-15 19:00:00,Zone_07,109.0,117,26.0,0,1,19,low,0
2024-10-15 20:00:00,Zone_09,140.0,133,24.9,0,1,20,high,1
2024-10-15 21:00:00,Zone_08,111.0,101,37.5,0,1,21,low,1
2024-10-15 22:00:00,Zone_16,36.0,28,28.3,1,1,22,low,0
2024-10-15 23:00:00,Zone_06,26.0,23,15.2,0,1,23,low,0
2024-10-16 00:00:00,Zone_16,23.0,29,7.1,0,2,0,medium,0
2024-10-16 01:00:00,Zone_06,11.0,17,20.1,1,2,1,medium,0
2024-10-16 02:00:00,Zone_14,22.0,17,27.0,1,2,2,high,0
2024-10-16 03:00:00,Zone_01,28.0,28,29.7,0,2,3,high,0
2024-10-16 04:00:00,Zone_09,5.0,1,12.0,0,2,4,low,0
2024-10-16 05:00:00,Zone_13,14.0,4,27.8,0,2,5,low,0
2024-10-16 06:00:00,Zone_19,138.0,130,31.1,0,2,6,low,1
2024-10-16 07:00:00,Zone_17,86.0,95,26.9,0,2,7,high,0
2024-10-16 08:00:00,Zone_11,91.0,89,,0,2,8,medium,0
2024-10-16 09:00:00,Zone_08,85.0,89,,1,2,9,low,0
2024-10-16 10:00:00,Zone_05,19.0,16,18.3,0,2,10,low,0
2024-10-16 11:00:00,Zone_10,22.0,31,28.3,0,2,11,medium,0
2024-10-16 12:00:00,Zone_07,28.0,33,,1,2,12,low,0
2024-10-16 13:00:00,Zone_10,47.0,46,19.4,0,2,13,high,0
2024-10-16 14:00:00,Zone_04,26.0,29,42.3,0,2,14,medium,0
2024-10-16 15:00:00,Zone_09,43.0,48,9.9,1,2,15,medium,0
2024-10-16 16:00:00,Zone_14,115.0,119,20.1,1,2,16,medium,1
2024-10-16 17:00:00,Zone_02,91.0,89,15.8,0,2,17,low,0
2024-10-16 18:00:00,Zone_09,95.0,94,25.1,0,2,18,medium,0
2024-10-16 19:00:00,Zone_01,88.0,85,6.4,0,2,19,medium,0
2024-10-16 20:00:00,Zone_10,30.0,31,32.2,0,2,20,medium,0
2024-10-16 21:00:00,Zone_10,20.0,14,30.0,0,2,21,medium,0
2024-10-16 22:00:00,Zone_20,132.0,135,24.1,1,2,22,high,1
2024-10-16 23:00:00,Zone_03,18.0,10,19.5,0,2,23,low,0
2024-10-17 00:00:00,Zone_06,96.0,100,27.7,1,3,0,medium,1
2024-10-17 01:00:00,Zone_06,13.0,8,24.6,0,3,1,low,0
2024-10-17 02:00:00,Zone_02,74.0,82,29.6,1,3,2,medium,1
2024-10-17 03:00:00,Zone_18,91.0,98,21.0,0,3,3,low,1
2024-10-17 04:00:00,Zone_02,22.0,18,20.5,0,3,4,medium,0
2024-10-17 05:00:00,Zone_12,99.0,91,30.6,0,3,5,low,1
2024-10-17 06:00:00,Zone_05,23.0,17,27.1,0,3,6,low,0
2024-10-17 07:00:00,Zone_20,99.0,104,20.6,1,3,7,medium,0
2024-10-17 08:00:00,Zone_07,97.0,101,24.9,0,3,8,medium,0
2024-10-17 09:00:00,Zone_16,121.0,130,23.5,0,3,9,high,0
2024-10-17 10:00:00,Zone_20,32.0,30,25.7,0,3,10,medium,0
2024-10-17 11:00:00,Zone_01,91.0,83,32.2,0,3,11,medium,1
2024-10-17 12:00:00,Zone_01,28.0,29,19.2,1,3,12,medium,0
2024-10-17 13:00:00,Zone_17,19.0,9,16.8,0,3,13,low,0
2024-10-17 14:00:00,Zone_01,25.0,34,24.2,0,3,14,low,0
2024-10-17 15:00:00,Zone_20,27.0,22,17.7,0,3,15,low,0
2024-10-17 16:00:00,Zone_13,109.0,100,14.7,0,3,16,low,1
2024-10-17 17:00:00,Zone_09,173.0,175,29.9,0,3,17,low,1
2024-10-17 18:00:00,Zone_15,243.0,252,19.7,1,3,18,high,1
2024-10-17 19:00:00,Zone_03,122.0,119,7.1,1,3,19,high,0
2024-10-17 20:00:00,Zone_14,44.0,51,28.8,0,3,20,high,0
2024-10-17 21:00:00,Zone_11,150.0,155,18.5,0,3,21,high,1
2024-10-17 22:00:00,Zone_12,23.0,14,26.6,0,3,22,medium,0
2024-10-17 23:00:00,Zone_13,89.0,94,30.7,0,3,23,low,1
2024-10-18 00:00:00,Zone_13,16.0,8,23.5,0,4,0,medium,0
2024-10-18 01:00:00,Zone_01,20.0,25,5.7,0,4,1,high,0
2024-10-18 02:00:00,Zone_10,11.0,16,6.3,0,4,2,medium,0
2024-10-18 03:00:00,Zone_03,14.0,12,16.6,0,4,3,medium,0
2024-10-18 04:00:00,Zone_04,7.0,15,21.5,0,4,4,low,0
2024-10-18 05:00:00,Zone_16,21.0,21,31.6,0,4,5,medium,0
2024-10-18 06:00:00,Zone_08,118.0,109,24.3,1,4,6,medium,1
2024-10-18 07:00:00,Zone_16,92.0,97,42.9,0,4,7,medium,0
2024-10-18 08:00:00,Zone_17,137.0,142,10.1,0,4,8,high,0
2024-10-18 09:00:00,Zone_19,172.0,176,23.0,0,4,9,low,1
2024-10-18 10:00:00,Zone_15,43.0,52,18.4,0,4,10,high,0
2024-10-18 11:00:00,Zone_16,25.0,21,23.9,0,4,11,low,0
2024-10-18 12:00:00,Zone_15,37.0,38,36.0,0,4,12,high,0
2024-10-18 13:00:00,Zone_02,29.0,33,36.5,0,4,13,medium,0
2024-10-18 14:00:00,Zone_11,31.0,22,22.4,1,4,14,medium,0
2024-10-18 15:00:00,Zone_01,97.0,93,28.9,0,4,15,low,1
2024-10-18 16:00:00,Zone_15,32.0,41,23.7,1,4,16,medium,0
2024-10-18 17:00:00,Zone_19,114.0,115,13.4,0,4,17,high,0
2024-10-18 18:00:00,Zone_04,186.0,195,22.1,1,4,18,low,1
2024-10-18 19:00:00,Zone_11,107.0,115,18.0,0,4,19,low,0
2024-10-18 20:00:00,Zone_05,27.0,30,21.5,0,4,20,low,0
2024-10-18 21:00:00,Zone_03,,13,15.2,0,4,21,low,0
2024-10-18 22:00:00,Zone_13,26.0,29,23.2,1,4,22,low,0
2024-10-18 23:00:00,Zone_10,35.0,44,24.4,0,4,23,medium,0
2024-10-19 00:00:00,Zone_11,1.0,4,27.6,0,5,0,low,0
2024-10-19 01:00:00,Zone_18,12.0,19,,0,5,1,medium,0
2024-10-19 02:00:00,Zone_02,7.0,1,35.1,0,5,2,high,0
2024-10-19 03:00:00,Zone_07,5.0,11,39.5,0,5,3,medium,0
2024-10-19 04:00:00,Zone_09,1.0,6,18.8,0,5,4,low,0
2024-10-19 05:00:00,Zone_10,5.0,7,29.8,0,5,5,medium,0
2024-10-19 06:00:00,Zone_18,109.0,115,38.9,0,5,6,medium,1
2024-10-19 07:00:00,Zone_07,92.0,87,30.0,0,5,7,low,0
2024-10-19 08:00:00,Zone_07,,91,27.7,0,5,8,low,0
2024-10-19 09:00:00,Zone_03,99.0,105,7.4,0,5,9,high,0
2024-10-19 10:00:00,Zone_12,32.0,36,17.5,0,5,10,medium,0
2024-10-19 11:00:00,Zone_07,134.0,125,18.7,0,5,11,low,1
2024-10-19 12:00:00,Zone_17,30.0,26,33.1,0,5,12,medium,0
2024-10-19 13:00:00,Zone_01,128.0,121,16.2,0,5,13,low,1
2024-10-19 14:00:00,Zone_05,41.0,49,21.3,0,5,14,high,0
2024-10-19 15:00:00,Zone_16,129.0,131,28.7,1,5,15,high,1
2024-10-19 16:00:00,Zone_15,23.0,15,15.8,0,5,16,low,0
2024-10-19 17:00:00,Zone_02,121.0,119,24.2,0,5,17,medium,0
2024-10-19 18:00:00,Zone_09,116.0,115,23.2,0,5,18,medium,0
2024-10-19 19:00:00,Zone_07,124.0,131,29.0,0,5,19,medium,0
2024-10-19 20:00:00,Zone_04,24.0,29,27.3,0,5,20,low,0
2024-10-19 21:00:00,Zone_20,23.0,16,27.0,0,5,21,medium,0
2024-10-19 22:00:00,Zone_18,57.0,63,23.6,0,5,22,low,0
2024-10-19 23:00:00,Zone_04,71.0,76,8.6,0,5,23,medium,0
2024-10-20 00:00:00,Zone_13,1.0,1,23.1,0,6,0,medium,0
2024-10-20 01:00:00,Zone_01,112.0,106,22.4,0,6,1,medium,1
2024-10-20 02:00:00,Zone_03,10.0,1,28.1,0,6,2,medium,0
2024-10-20 03:00:00,Zone_16,101.0,98,18.6,0,6,3,medium,1
2024-10-20 04:00:00,Zone_04,105.0,110,22.3,0,6,4,medium,1
2024-10-20 05:00:00,Zone_16,8.0,3,22.6,0,6,5,medium,0
2024-10-20 06:00:00,Zone_19,20.0,23,16.3,0,6,6,low,0
2024-10-20 07:00:00,Zone_01,72.0,65,12.8,0,6,7,low,0
2024-10-20 08:00:00,Zone_05,83.0,80,25.1,0,6,8,low,0
2024-10-20 09:00:00,Zone_19,186.0,195,30.1,1,6,9,low,1
2024-10-20 10:00:00,Zone_11,,39,17.0,0,6,10,medium,0
2024-10-20 11:00:00,Zone_13,31.0,24,20.3,0,6,11,medium,0
2024-10-20 12:00:00,Zone_20,21.0,24,28.6,1,6,12,low,0
2024-10-20 13:00:00,Zone_05,48.0,45,29.4,0,6,13,high,0
2024-10-20 14:00:00,Zone_04,100.0,108,23.9,0,6,14,medium,1
2024-10-20 15:00:00,Zone_04,41.0,35,25.3,0,6,15,medium,0
2024-10-20 16:00:00,Zone_04,115.0,116,26.3,1,6,16,low,1
2024-10-20 17:00:00,Zone_04,118.0,110,27.7,0,6,17,low,0
2024-10-20 18:00:00,Zone_20,91.0,97,13.4,1,6,18,medium,0
2024-10-20 19:00:00,Zone_18,179.0,187,37.3,0,6,19,high,1
2024-10-20 20:00:00,Zone_18,28.0,23,24.2,1,6,20,low,0
2024-10-20 21:00:00,Zone_16,28.0,36,27.8,0,6,21,medium,0
2024-10-20 22:00:00,Zone_09,78.0,80,15.9,0,6,22,high,0
2024-10-20 23:00:00,Zone_18,52.0,50,20.5,1,6,23,medium,0
2024-10-21 00:00:00,Zone_02,118.0,125,25.0,0,0,0,medium,1
2024-10-21 01:00:00,Zone_04,12.0,15,7.6,1,0,1,medium,0
2024-10-21 02:00:00,Zone_12,28.0,25,14.8,0,0,2,high,0
2024-10-21 03:00:00,Zone_07,8.0,8,16.2,0,0,3,medium,0
2024-10-21 04:00:00,Zone_15,87.0,94,11.8,0,0,4,high,1
2024-10-21 05:00:00,Zone_07,15.0,22,22.8,0,0,5,medium,0
2024-10-21 06:00:00,Zone_17,45.0,49,21.4,0,0,6,high,0
2024-10-21 07:00:00,Zone_16,120.0,115,,0,0,7,high,0
2024-10-21 08:00:00,Zone_19,151.0,157,13.0,1,0,8,medium,1
2024-10-21 09:00:00,Zone_09,171.0,168,23.9,0,0,9,medium,1
2024-10-21 10:00:00,Zone_14,30.0,39,15.0,1,0,10,medium,0
2024-10-21 11:00:00,Zone_17,48.0,53,8.3,0,0,11,high,0
2024-10-21 12:00:00,Zone_05,111.0,102,26.7,0,0,12,high,1
2024-10-21 13:00:00,Zone_02,27.0,17,27.4,0,0,13,low,0
2024-10-21 14:00:00,Zone_20,32.0,34,26.4,0,0,14,medium,0
2024-10-21 15:00:00,Zone_16,43.0,39,11.5,1,0,15,high,0
2024-10-21 16:00:00,Zone_14,23.0,31,22.7,0,0,16,medium,0
2024-10-21 17:00:00,Zone_14,103.0,95,26.8,0,0,17,medium,0
2024-10-21 18:00:00,Zone_01,87.0,88,29.6,0,0,18,low,0
2024-10-21 19:00:00,Zone_03,84.0,85,,0,0,19,medium,0
2024-10-21 20:00:00,Zone_07,57.0,63,29.7,0,0,20,high,0
2024-10-21 21:00:00,Zone_15,41.0,47,30.5,0,0,21,high,0
2024-10-21 22:00:00,Zone_19,20.0,27,22.8,0,0,22,low,0
2024-10-21 23:00:00,Zone_20,31.0,23,26.0,1,0,23,medium,0
2024-10-22 00:00:00,Zone_02,22.0,31,30.0,0,1,0,high,0
2024-10-22 01:00:00,Zone_19,34.0,38,25.1,0,1,1,high,0
2024-10-22 02:00:00,Zone_09,15.0,6,31.6,0,1,2,medium,0
2024-10-22 03:00:00,Zone_19,69.0,65,29.0,0,1,3,low,1
2024-10-22 04:00:00,Zone_05,1.0,3,16.9,0,1,4,medium,0
2024-10-22 05:00:00,Zone_18,19.0,21,11.6,0,1,5,high,0
2024-10-22 06:00:00,Zone_16,24.0,32,22.2,0,1,6,medium,0
2024-10-22 07:00:00,Zone_04,130.0,125,12.6,1,1,7,high,0
2024-10-22 08:00:00,Zone_12,72.0,71,22.7,0,1,8,,0
2024-10-22 09:00:00,Zone_07,214.0,211,21.9,0,1,9,high,1
2024-10-22 10:00:00,Zone_14,48.0,47,32.4,1,1,10,high,0
2024-10-22 11:00:00,Zone_12,31.0,26,26.0,0,1,11,medium,0
2024-10-22 12:00:00,Zone_03,55.0,56,29.8,1,1,12,high,0
2024-10-22 13:00:00,Zone_05,41.0,31,18.1,0,1,13,high,0
2024-10-22 14:00:00,Zone_17,48.0,39,34.2,1,1,14,high,0
2024-10-22 15:00:00,Zone_10,105.0,105,29.1,1,1,15,medium,1
2024-10-22 16:00:00,Zone_10,35.0,27,25.4,0,1,16,medium,0
2024-10-22 17:00:00,Zone_11,106.0,96,7.5,0,1,17,low,0
2024-10-22 18:00:00,Zone_17,90.0,83,31.4,0,1,18,low,0
2024-10-22 19:00:00,Zone_05,95.0,87,36.2,1,1,19,medium,0
2024-10-22 20:00:00,Zone_13,144.0,150,22.1,0,1,20,medium,1
2024-10-22 21:00:00,Zone_10,133.0,142,22.3,0,1,21,low,1
2024-10-22 22:00:00,Zone_09,49.0,45,17.9,0,1,22,high,0
2024-10-22 23:00:00,Zone_17,28.0,29,,1,1,23,medium,0
2024-10-23 00:00:00,Zone_01,6.0,14,17.5,0,2,0,medium,0
2024-10-23 01:00:00,Zone_04,8.0,3,35.3,0,2,1,medium,0
2024-10-23 02:00:00,Zone_04,4.0,1,30.6,0,2,2,low,0
2024-10-23 03:00:00,Zone_18,95.0,89,15.8,0,2,3,high,1
2024-10-23 04:00:00,Zone_09,16.0,9,17.4,1,2,4,low,0
2024-10-23 05:00:00,Zone_18,2.0,2,39.1,0,2,5,medium,0
2024-10-23 06:00:00,Zone_14,27.0,26,13.8,0,2,6,medium,0
2024-10-23 07:00:00,Zone_15,77.0,69,16.3,1,2,7,medium,0
2024-10-23 08:00:00,Zone_06,106.0,113,18.6,1,2,8,medium,0
2024-10-23 09:00:00,Zone_10,99.0,103,11.1,0,2,9,low,0
2024-10-23 10:00:00,Zone_15,26.0,27,,0,2,10,low,0
2024-10-23 11:00:00,Zone_04,29.0,34,17.8,1,2,11,medium,0
2024-10-23 12:00:00,Zone_18,57.0,51,14.8,0,2,12,high,0
2024-10-23 13:00:00,Zone_18,33.0,32,32.6,0,2,13,medium,0
2024-10-23 14:00:00,Zone_17,91.0,91,12.7,0,2,14,low,1
2024-10-23 15:00:00,Zone_12,21.0,11,20.9,0,2,15,low,0
2024-10-23 16:00:00,Zone_07,114.0,119,15.0,0,2,16,,1
2024-10-23 17:00:00,Zone_16,85.0,86,20.3,0,2,17,medium,0
2024-10-23 18:00:00,Zone_11,103.0,94,14.6,0,2,18,low,0
2024-10-23 19:00:00,Zone_14,104.0,105,22.6,0,2,19,medium,0
2024-10-23 20:00:00,Zone_03,20.0,11,24.6,0,2,20,low,0
2024-10-23 21:00:00,Zone_19,34.0,34,33.2,0,2,21,medium,0
2024-10-23 22:00:00,Zone_18,23.0,15,17.3,1,2,22,low,0
2024-10-23 23:00:00,Zone_10,44.0,38,34.9,0,2,23,high,0
2024-10-24 00:00:00,Zone_06,2.0,6,15.5,0,3,0,low,0
2024-10-24 01:00:00,Zone_13,111.0,105,20.1,1,3,1,medium,1
2024-10-24 02:00:00,Zone_10,13.0,21,36.1,0,3,2,high,0
2024-10-24 03:00:00,Zone_18,6.0,7,45.0,0,3,3,,0
2024-10-24 04:00:00,Zone_20,1.0,1,35.5,0,3,4,medium,0
2024-10-24 05:00:00,Zone_16,5.0,1,20.2,1,3,5,low,0
2024-10-24 06:00:00,Zone_06,100.0,102,26.1,1,3,6,low,1
2024-10-24 07:00:00,Zone_13,85.0,85,27.5,0,3,7,medium,0
2024-10-24 08:00:00,Zone_04,85.0,85,24.8,0,3,8,high,0
2024-10-24 09:00:00,Zone_14,62.0,58,13.9,0,3,9,medium,0
2024-10-24 10:00:00,Zone_01,32.0,27,23.9,0,3,10,medium,0
2024-10-24 11:00:00,Zone_20,26.0,26,18.0,0,3,11,medium,0
2024-10-24 12:00:00,Zone_05,35.0,33,14.3,0,3,12,medium,0
2024-10-24 13:00:00,Zone_08,35.0,39,19.5,0,3,13,,0
2024-10-24 14:00:00,Zone_12,19.0,24,24.5,0,3,14,low,0
2024-10-24 15:00:00,Zone_02,94.0,85,30.0,0,3,15,medium,1
2024-10-24 16:00:00,Zone_12,25.0,25,20.0,0,3,16,medium,0
2024-10-24 17:00:00,Zone_05,119.0,114,21.4,0,3,17,high,0
2024-10-24 18:00:00,Zone_05,185.0,186,28.4,0,3,18,low,1
2024-10-24 19:00:00,Zone_13,104.0,98,22.6,1,3,19,medium,0
2024-10-24 20:00:00,Zone_09,,48,25.1,0,3,20,low,0
2024-10-24 21:00:00,Zone_10,31.0,32,22.6,0,3,21,low,0
2024-10-24 22:00:00,Zone_01,36.0,33,23.6,0,3,22,medium,0
2024-10-24 23:00:00,Zone_03,55.0,45,13.4,0,3,23,high,0
2024-10-25 00:00:00,Zone_18,2.0,1,23.0,1,4,0,medium,0
2024-10-25 01:00:00,Zone_12,64.0,57,33.4,1,4,1,low,1
2024-10-25 02:00:00,Zone_03,96.0,93,23.4,0,4,2,high,1
2024-10-25 03:00:00,Zone_09,7.0,14,15.3,0,4,3,low,0
2024-10-25 04:00:00,Zone_02,101.0,98,33.8,0,4,4,medium,1
2024-10-25 05:00:00,Zone_03,10.0,1,27.8,1,4,5,medium,0
2024-10-25 06:00:00,Zone_14,102.0,103,28.1,0,4,6,medium,1
2024-10-25 07:00:00,Zone_04,114.0,122,27.9,0,4,7,high,0
2024-10-25 08:00:00,Zone_19,181.0,178,13.0,0,4,8,medium,1
2024-10-25 09:00:00,Zone_13,89.0,87,27.2,1,4,9,low,0
2024-10-25 10:00:00,Zone_07,19.0,28,33.1,1,4,10,medium,0
2024-10-25 11:00:00,Zone_12,23.0,27,18.2,0,4,11,medium,0
2024-10-25 12:00:00,Zone_03,30.0,38,6.6,1,4,12,low,0
2024-10-25 13:00:00,Zone_09,51.0,55,24.9,1,4,13,high,0
2024-10-25 14:00:00,Zone_02,110.0,118,22.3,1,4,14,low,1
2024-10-25 15:00:00,Zone_09,30.0,28,9.6,0,4,15,medium,0
2024-10-25 16:00:00,Zone_12,33.0,42,26.8,0,4,16,medium,0
2024-10-25 17:00:00,Zone_12,189.0,196,26.2,0,4,17,high,1
2024-10-25 18:00:00,Zone_15,87.0,92,10.3,0,4,18,medium,0
2024-10-25 19:00:00,Zone_02,94.0,96,37.1,0,4,19,medium,0
2024-10-25 20:00:00,Zone_18,,28,28.0,0,4,20,low,0
2024-10-25 21:00:00,Zone_13,111.0,120,6.9,0,4,21,medium,1
2024-10-25 22:00:00,Zone_14,38.0,46,28.6,0,4,22,low,0
2024-10-25 23:00:00,Zone_05,45.0,49,28.3,0,4,23,high,0
2024-10-26 00:00:00,Zone_10,107.0,101,33.3,0,5,0,low,1
2024-10-26 01:00:00,Zone_12,2.0,1,17.0,0,5,1,low,0
2024-10-26 02:00:00,Zone_10,6.0,13,28.7,0,5,2,medium,0
2024-10-26 03:00:00,Zone_11,23.0,26,20.1,0,5,3,high,0
2024-10-26 04:00:00,Zone_02,7.0,6,17.5,0,5,4,medium,0
2024-10-26 05:00:00,Zone_05,1.0,1,15.1,1,5,5,low,0
2024-10-26 06:00:00,Zone_07,16.0,22,6.8,0,5,6,low,0
2024-10-26 07:00:00,Zone_06,163.0,153,26.3,1,5,7,low,1
2024-10-26 08:00:00,Zone_03,90.0,98,19.8,0,5,8,medium,0
2024-10-26 09:00:00,Zone_13,148.0,152,0.2,1,5,9,medium,1
2024-10-26 10:00:00,Zone_03,24.0,15,22.6,0,5,10,medium,0
2024-10-26 11:00:00,Zone_06,107.0,100,31.3,0,5,11,medium,1
2024-10-26 12:00:00,Zone_11,35.0,27,,0,5,12,medium,0
2024-10-26 13:00:00,Zone_17,39.0,36,16.3,0,5,13,high,0
2024-10-26 14:00:00,Zone_10,29.0,29,25.5,0,5,14,low,0
2024-10-26 15:00:00,Zone_12,108.0,103,1.5,0,5,15,medium,1
2024-10-26 16:00:00,Zone_17,102.0,100,17.7,1,5,16,medium,1
2024-10-26 17:00:00,Zone_04,74.0,80,24.8,0,5,17,low,0
2024-10-26 18:00:00,Zone_02,190.0,194,17.5,0,5,18,medium,1
2024-10-26 19:00:00,Zone_11,194.0,196,11.6,0,5,19,medium,1
2024-10-26 20:00:00,Zone_07,28.0,32,12.0,0,5,20,low,0
2024-10-26 21:00:00,Zone_02,29.0,36,9.1,1,5,21,medium,0
2024-10-26 22:00:00,Zone_18,74.0,80,16.9,0,5,22,medium,0
2024-10-26 23:00:00,Zone_04,53.0,51,30.5,0,5,23,low,0
2024-10-27 00:00:00,Zone_08,117.0,108,40.9,0,6,0,medium,1
2024-10-27 01:00:00,Zone_20,72.0,79,22.3,0,6,1,,1
2024-10-27 02:00:00,Zone_14,1.0,1,28.1,0,6,2,low,0
2024-10-27 03:00:00,Zone_12,69.0,77,14.5,0,6,3,low,1
2024-10-27 04:00:00,Zone_18,1.0,1,5.3,0,6,4,medium,0
2024-10-27 05:00:00,Zone_11,9.0,12,36.8,1,6,5,medium,0
2024-10-27 06:00:00,Zone_08,47.0,37,17.2,0,6,6,high,0
2024-10-27 07:00:00,Zone_02,105.0,112,27.7,0,6,7,low,0
2024-10-27 08:00:00,Zone_15,91.0,81,23.3,0,6,8,low,0
2024-10-27 09:00:00,Zone_09,76.0,74,30.0,0,6,9,low,0
2024-10-27 10:00:00,Zone_19,33.0,42,29.6,0,6,10,medium,0
2024-10-27 11:00:00,Zone_20,31.0,36,24.2,0,6,11,medium,0
2024-10-27 12:00:00,Zone_08,120.0,128,25.1,0,6,12,medium,1
2024-10-27 13:00:00,Zone_19,144.0,136,31.7,0,6,13,high,1
2024-10-27 14:00:00,Zone_05,39.0,29,18.7,0,6,14,medium,0
2024-10-27 15:00:00,Zone_11,54.0,51,34.4,0,6,15,high,0
2024-10-27 16:00:00,Zone_15,23.0,32,16.3,1,6,16,low,0
2024-10-27 17:00:00,Zone_08,174.0,180,22.6,0,6,17,low,1
2024-10-27 18:00:00,Zone_19,118.0,112,27.0,0,6,18,low,0
2024-10-27 19:00:00,Zone_08,80.0,79,9.0,0,6,19,low,0
2024-10-27 20:00:00,Zone_19,43.0,40,33.1,0,6,20,high,0
2024-10-27 21:00:00,Zone_18,34.0,35,25.8,0,6,21,low,0
2024-10-27 22:00:00,Zone_10,50.0,55,45.0,0,6,22,medium,0
2024-10-27 23:00:00,Zone_07,145.0,153,38.6,1,6,23,low,1
2024-10-28 00:00:00,Zone_09,7.0,1,21.9,0,0,0,low,0
2024-10-28 01:00:00,Zone_01,1.0,1,36.3,0,0,1,low,0
2024-10-28 02:00:00,Zone_19,11.0,4,28.8,0,0,2,low,0
2024-10-28 03:00:00,Zone_05,1.0,6,23.8,1,0,3,medium,0
2024-10-28 04:00:00,Zone_19,36.0,28,8.7,1,0,4,high,0
2024-10-28 05:00:00,Zone_01,91.0,99,10.6,0,0,5,medium,1
2024-10-28 06:00:00,Zone_15,118.0,109,22.0,0,0,6,,1
2024-10-28 07:00:00,Zone_16,216.0,213,18.0,0,0,7,low,1
2024-10-28 08:00:00,Zone_07,87.0,87,23.8,0,0,8,high,0
2024-10-28 09:00:00,Zone_12,77.0,73,33.0,0,0,9,low,0
2024-10-28 10:00:00,Zone_08,47.0,42,28.9,1,0,10,high,0
2024-10-28 11:00:00,Zone_05,23.0,21,16.4,1,0,11,medium,0
2024-10-28 12:00:00,Zone_10,19.0,12,29.4,0,0,12,low,0
2024-10-28 13:00:00,Zone_05,114.0,117,14.7,1,0,13,medium,1
2024-10-28 14:00:00,Zone_17,153.0,157,12.9,0,0,14,high,1
2024-10-28 15:00:00,Zone_05,13.0,21,25.1,1,0,15,low,0
2024-10-28 16:00:00,Zone_15,19.0,27,15.5,1,0,16,low,0
2024-10-28 17:00:00,Zone_13,109.0,114,16.9,0,0,17,low,0
2024-10-28 18:00:00,Zone_01,90.0,91,30.0,0,0,18,medium,0
2024-10-28 19:00:00,Zone_11,82.0,81,27.3,0,0,19,low,0
2024-10-28 20:00:00,Zone_01,49.0,44,19.0,0,0,20,high,0
2024-10-28 21:00:00,Zone_11,38.0,45,9.0,0,0,21,high,0
2024-10-28 22:00:00,Zone_18,58.0,66,16.1,0,0,22,high,0
2024-10-28 23:00:00,Zone_18,110.0,107,37.5,0,0,23,low,1
2024-10-29 00:00:00,Zone_16,6.0,10,29.7,1,1,0,medium,0
2024-10-29 01:00:00,Zone_13,12.0,6,33.4,0,1,1,low,0
2024-10-29 02:00:00,Zone_07,11.0,13,24.0,0,1,2,medium,0
2024-10-29 03:00:00,Zone_01,24.0,27,19.2,0,1,3,high,0
2024-10-29 04:00:00,Zone_16,25.0,29,29.2,0,1,4,medium,0
2024-10-29 05:00:00,Zone_01,23.0,14,32.3,0,1,5,high,0
2024-10-29 06:00:00,Zone_17,53.0,61,18.2,0,1,6,high,0
2024-10-29 07:00:00,Zone_06,155.0,146,16.3,0,1,7,low,1
2024-10-29 08:00:00,Zone_02,79.0,73,,0,1,8,medium,0
2024-10-29 09:00:00,Zone_17,96.0,90,16.1,0,1,9,low,0
2024-10-29 10:00:00,Zone_06,150.0,141,27.4,1,1,10,medium,1
2024-10-29 11:00:00,Zone_14,11.0,17,17.2,0,1,11,low,0
2024-10-29 12:00:00,Zone_18,50.0,46,29.5,1,1,12,high,0
2024-10-29 13:00:00,Zone_06,22.0,21,37.7,1,1,13,medium,0
2024-10-29 14:00:00,Zone_10,101.0,105,22.2,0,1,14,medium,1
2024-10-29 15:00:00,Zone_18,109.0,116,21.9,0,1,15,medium,1
2024-10-29 16:00:00,Zone_09,40.0,37,26.4,1,1,16,high,0
2024-10-29 17:00:00,Zone_08,218.0,211,17.4,0,1,17,medium,1
2024-10-29 18:00:00,Zone_10,192.0,192,16.8,1,1,18,low,1
2024-10-29 19:00:00,Zone_17,95.0,91,17.1,0,1,19,medium,0
2024-10-29 20:00:00,Zone_06,32.0,37,12.8,1,1,20,medium,0
2024-10-29 21:00:00,Zone_14,28.0,20,29.2,1,1,21,medium,0
2024-10-29 22:00:00,Zone_06,30.0,39,18.0,1,1,22,low,0
2024-10-29 23:00:00,Zone_07,18.0,22,30.9,0,1,23,low,0
2024-10-30 00:00:00,Zone_12,18.0,16,26.2,1,2,0,high,0
2024-10-30 01:00:00,Zone_03,2.0,10,21.8,0,2,1,low,0
2024-10-30 02:00:00,Zone_14,14.0,17,28.5,1,2,2,medium,0
2024-10-30 03:00:00,Zone_19,85.0,76,14.5,0,2,3,low,1
2024-10-30 04:00:00,Zone_16,,10,15.8,1,2,4,low,0
2024-10-30 05:00:00,Zone_07,7.0,14,27.7,1,2,5,low,0
2024-10-30 06:00:00,Zone_08,105.0,105,4.4,1,2,6,medium,1
2024-10-30 07:00:00,Zone_18,95.0,95,22.1,0,2,7,high,0
2024-10-30 08:00:00,Zone_13,167.0,174,26.7,0,2,8,low,1
2024-10-30 09:00:00,Zone_09,96.0,86,32.5,0,2,9,low,0
2024-10-30 10:00:00,Zone_10,28.0,25,34.1,0,2,10,medium,0
2024-10-30 11:00:00,Zone_09,23.0,13,21.0,0,2,11,medium,0
2024-10-30 12:00:00,Zone_15,54.0,52,28.2,0,2,12,high,0
2024-10-30 13:00:00,Zone_20,33.0,29,15.6,0,2,13,medium,0
2024-10-30 14:00:00,Zone_02,25.0,31,18.5,0,2,14,medium,0
2024-10-30 15:00:00,Zone_13,36.0,42,32.9,1,2,15,medium,0
2024-10-30 16:00:00,Zone_02,43.0,44,21.7,1,2,16,high,0
2024-10-30 17:00:00,Zone_19,193.0,183,23.3,1,2,17,,1
2024-10-30 18:00:00,Zone_02,79.0,71,13.7,1,2,18,low,0
2024-10-30 19:00:00,Zone_03,171.0,175,25.4,1,2,19,low,1
2024-10-30 20:00:00,Zone_06,46.0,43,28.0,0,2,20,high,0
2024-10-30 21:00:00,Zone_03,38.0,39,27.8,0,2,21,high,0
2024-10-30 22:00:00,Zone_10,25.0,31,12.3,0,2,22,low,0
2024-10-30 23:00:00,Zone_06,129.0,124,30.0,0,2,23,high,1
2024-10-31 00:00:00,Zone_16,5.0,6,14.0,0,3,0,medium,0
2024-10-31 01:00:00,Zone_17,20.0,20,21.8,0,3,1,medium,0
2024-10-31 02:00:00,Zone_19,1.0,1,9.1,0,3,2,low,0
2024-10-31 03:00:00,Zone_03,27.0,36,20.6,0,3,3,high,0
2024-10-31 04:00:00,Zone_18,3.0,8,14.0,0,3,4,low,0
2024-10-31 05:00:00,Zone_07,17.0,26,18.4,0,3,5,medium,0
2024-10-31 06:00:00,Zone_09,126.0,119,22.5,0,3,6,low,1
2024-10-31 07:00:00,Zone_20,99.0,97,28.6,0,3,7,high,0
2024-10-31 08:00:00,Zone_12,77.0,83,28.3,1,3,8,low,0
2024-10-31 09:00:00,Zone_05,64.0,70,3.3,0,3,9,low,0
2024-10-31 10:00:00,Zone_03,17.0,8,27.4,1,3,10,low,0
2024-10-31 11:00:00,Zone_11,117.0,117,23.7,0,3,11,low,1
2024-10-31 12:00:00,Zone_04,32.0,27,17.5,0,3,12,medium,0
2024-10-31 13:00:00,Zone_05,18.0,26,15.0,1,3,13,low,0
2024-10-31 14:00:00,Zone_01,35.0,41,21.5,0,3,14,high,0
2024-10-31 15:00:00,Zone_18,25.0,30,23.8,0,3,15,medium,0
2024-10-31 16:00:00,Zone_12,149.0,155,25.0,0,3,16,medium,1
2024-10-31 17:00:00,Zone_13,113.0,117,20.4,0,3,17,low,0
2024-10-31 18:00:00,Zone_09,84.0,86,1.8,0,3,18,medium,0
2024-10-31 19:00:00,Zone_02,76.0,82,18.0,0,3,19,low,0
2024-10-31 20:00:00,Zone_05,39.0,36,12.5,0,3,20,high,0
2024-10-31 21:00:00,Zone_13,131.0,129,38.4,0,3,21,low,1
2024-10-31 22:00:00,Zone_16,122.0,119,22.5,1,3,22,high,1
2024-10-31 23:00:00,Zone_16,34.0,40,27.9,1,3,23,medium,0
2024-11-01 00:00:00,Zone_03,29.0,38,27.1,0,4,0,high,0
2024-11-01 01:00:00,Zone_04,8.0,11,24.5,1,4,1,low,0
2024-11-01 02:00:00,Zone_11,9.0,18,18.7,1,4,2,low,0
2024-11-01 03:00:00,Zone_14,23.0,24,17.6,0,4,3,medium,0
2024-11-01 04:00:00,Zone_03,29.0,19,5.8,0,4,4,high,0
2024-11-01 05:00:00,Zone_16,14.0,16,23.1,0,4,5,medium,0
2024-11-01 06:00:00,Zone_15,119.0,115,24.4,0,4,6,low,1
2024-11-01 07:00:00,Zone_10,177.0,182,21.6,1,4,7,medium,1
2024-11-01 08:00:00,Zone_09,108.0,100,23.1,0,4,8,high,0
2024-11-01 09:00:00,Zone_11,74.0,74,12.3,0,4,9,low,0
2024-11-01 10:00:00,Zone_16,17.0,24,19.6,0,4,10,low,0
2024-11-01 11:00:00,Zone_10,152.0,151,16.8,1,4,11,high,1
2024-11-01 12:00:00,Zone_17,31.0,36,27.3,0,4,12,high,0
2024-11-01 13:00:00,Zone_19,24.0,32,22.3,0,4,13,medium,0
2024-11-01 14:00:00,Zone_02,48.0,45,16.9,1,4,14,high,0
2024-11-01 15:00:00,Zone_02,133.0,128,20.7,0,4,15,low,1
2024-11-01 16:00:00,Zone_06,37.0,29,13.7,1,4,16,medium,0
2024-11-01 17:00:00,Zone_19,83.0,74,19.4,0,4,17,medium,0
2024-11-01 18:00:00,Zone_08,76.0,82,26.7,0,4,18,medium,0
2024-11-01 19:00:00,Zone_03,116.0,108,11.3,0,4,19,high,0
2024-11-01 20:00:00,Zone_14,124.0,116,21.5,0,4,20,high,1
2024-11-01 21:00:00,Zone_16,41.0,45,16.0,0,4,21,medium,0
2024-11-01 22:00:00,Zone_01,18.0,12,11.3,0,4,22,low,0
2024-11-01 23:00:00,Zone_03,15.0,18,36.9,0,4,23,medium,0
2024-11-02 00:00:00,Zone_18,14.0,10,32.0,0,5,0,medium,0
2024-11-02 01:00:00,Zone_09,6.0,1,17.2,0,5,1,low,0
2024-11-02 02:00:00,Zone_06,29.0,32,19.7,0,5,2,high,0
2024-11-02 03:00:00,Zone_01,1.0,9,5.8,0,5,3,low,0
2024-11-02 04:00:00,Zone_10,10.0,10,9.3,1,5,4,low,0
2024-11-02 05:00:00,Zone_06,6.0,2,13.0,1,5,5,medium,0
2024-11-02 06:00:00,Zone_12,27.0,24,21.7,1,5,6,medium,0
2024-11-02 07:00:00,Zone_04,73.0,66,21.1,0,5,7,low,0
2024-11-02 08:00:00,Zone_13,79.0,74,24.7,1,5,8,medium,0
2024-11-02 09:00:00,Zone_17,216.0,210,27.4,0,5,9,medium,1
2024-11-02 10:00:00,Zone_08,119.0,118,24.2,1,5,10,low,1
2024-11-02 11:00:00,Zone_20,98.0,105,13.3,0,5,11,low,1
2024-11-02 12:00:00,Zone_03,21.0,27,24.6,0,5,12,medium,0
2024-11-02 13:00:00,Zone_12,135.0,138,27.1,1,5,13,medium,1
2024-11-02 14:00:00,Zone_07,139.0,141,18.6,0,5,14,high,1
2024-11-02 15:00:00,Zone_12,36.0,31,7.2,1,5,15,medium,0
2024-11-02 16:00:00,Zone_02,19.0,24,31.5,0,5,16,low,0
2024-11-02 17:00:00,Zone_14,77.0,76,22.7,0,5,17,low,0
2024-11-02 18:00:00,Zone_05,85.0,81,0.0,0,5,18,low,0
2024-11-02 19:00:00,Zone_09,218.0,208,38.6,0,5,19,medium,1
2024-11-02 20:00:00,Zone_11,38.0,38,18.2,0,5,20,medium,0
2024-11-02 21:00:00,Zone_05,40.0,35,41.5,1,5,21,high,0
2024-11-02 22:00:00,Zone_03,54.0,47,25.0,0,5,22,low,0
2024-11-02 23:00:00,Zone_17,59.0,59,20.4,0,5,23,low,0
2024-11-03 00:00:00,Zone_02,2.0,1,23.5,1,6,0,low,0
2024-11-03 01:00:00,Zone_01,6.0,4,16.3,1,6,1,low,0
2024-11-03 02:00:00,Zone_07,97.0,93,22.5,0,6,2,medium,1
2024-11-03 03:00:00,Zone_14,16.0,19,38.1,0,6,3,high,0
2024-11-03 04:00:00,Zone_05,4.0,1,14.8,1,6,4,medium,0
2024-11-03 05:00:00,Zone_19,29.0,36,26.3,0,6,5,high,0
2024-11-03 06:00:00,Zone_11,25.0,31,16.2,1,6,6,low,0
2024-11-03 07:00:00,Zone_02,87.0,90,20.7,0,6,7,low,0
2024-11-03 08:00:00,Zone_08,61.0,66,37.8,0,6,8,low,0
2024-11-03 09:00:00,Zone_09,190.0,198,26.2,1,6,9,low,1
2024-11-03 10:00:00,Zone_03,22.0,22,28.0,0,6,10,medium,0
2024-11-03 11:00:00,Zone_02,23.0,13,22.6,1,6,11,low,0
2024-11-03 12:00:00,Zone_07,31.0,25,43.6,0,6,12,high,0
2024-11-03 13:00:00,Zone_05,111.0,111,14.4,1,6,13,high,1
2024-11-03 14:00:00,Zone_05,33.0,42,9.4,0,6,14,low,0
2024-11-03 15:00:00,Zone_20,29.0,31,35.5,0,6,15,medium,0
2024-11-03 16:00:00,Zone_13,126.0,117,18.9,0,6,16,medium,1
2024-11-03 17:00:00,Zone_20,83.0,73,,0,6,17,low,0
2024-11-03 18:00:00,Zone_06,120.0,120,35.7,0,6,18,high,0
2024-11-03 19:00:00,Zone_20,116.0,109,25.4,0,6,19,low,0
2024-11-03 20:00:00,Zone_18,28.0,25,39.8,0,6,20,medium,0
2024-11-03 21:00:00,Zone_02,30.0,37,23.1,1,6,21,low,0
2024-11-03 22:00:00,Zone_06,59.0,59,16.3,0,6,22,medium,0
2024-11-03 23:00:00,Zone_09,40.0,31,3.2,0,6,23,medium,0
2024-11-04 00:00:00,Zone_03,25.0,18,24.4,0,0,0,high,0
2024-11-04 01:00:00,Zone_01,5.0,4,4.1,0,0,1,low,0
2024-11-04 02:00:00,Zone_01,1.0,10,24.6,1,0,2,low,0
2024-11-04 03:00:00,Zone_19,96.0,97,33.7,0,0,3,medium,1
2024-11-04 04:00:00,Zone_05,1.0,8,21.9,1,0,4,low,0
2024-11-04 05:00:00,Zone_13,7.0,11,23.5,0,0,5,medium,0
2024-11-04 06:00:00,Zone_19,45.0,46,29.3,0,0,6,high,0
2024-11-04 07:00:00,Zone_12,101.0,91,27.4,0,0,7,high,0
2024-11-04 08:00:00,Zone_16,100.0,95,31.3,1,0,8,medium,0
2024-11-04 09:00:00,Zone_19,215.0,215,21.8,0,0,9,high,1
2024-11-04 10:00:00,Zone_03,18.0,8,4.0,0,0,10,medium,0
2024-11-04 11:00:00,Zone_12,40.0,35,31.4,1,0,11,high,0
2024-11-04 12:00:00,Zone_05,26.0,23,20.1,0,0,12,low,0
2024-11-04 13:00:00,Zone_02,30.0,25,15.0,0,0,13,medium,0
2024-11-04 14:00:00,Zone_07,149.0,158,24.7,0,0,14,high,1
2024-11-04 15:00:00,Zone_13,30.0,31,23.5,0,0,15,medium,0
2024-11-04 16:00:00,Zone_15,49.0,56,16.0,0,0,16,high,0
2024-11-04 17:00:00,Zone_03,167.0,161,11.7,0,0,17,low,1
2024-11-04 18:00:00,Zone_20,203.0,197,25.7,0,0,18,high,1
2024-11-04 19:00:00,Zone_05,86.0,83,15.2,0,0,19,medium,0
2024-11-04 20:00:00,Zone_08,98.0,106,22.9,0,0,20,low,1
2024-11-04 21:00:00,Zone_01,18.0,9,25.0,0,0,21,low,0
2024-11-04 22:00:00,Zone_08,22.0,25,29.7,0,0,22,low,0
2024-11-04 23:00:00,Zone_18,33.0,39,39.0,1,0,23,high,0
2024-11-05 00:00:00,Zone_20,5.0,12,23.9,0,1,0,medium,0
2024-11-05 01:00:00,Zone_16,23.0,30,18.6,0,1,1,high,0
2024-11-05 02:00:00,Zone_18,1.0,7,35.3,0,1,2,medium,0
2024-11-05 03:00:00,Zone_20,24.0,21,30.4,1,1,3,high,0
2024-11-05 04:00:00,Zone_12,74.0,73,23.3,0,1,4,medium,1
2024-11-05 05:00:00,Zone_13,1.0,1,23.9,0,1,5,low,0
2024-11-05 06:00:00,Zone_13,89.0,97,22.2,0,1,6,low,1
2024-11-05 07:00:00,Zone_10,97.0,103,23.3,0,1,7,high,0
2024-11-05 08:00:00,Zone_07,92.0,94,21.2,0,1,8,low,0
2024-11-05 09:00:00,Zone_14,71.0,68,14.2,0,1,9,low,0
2024-11-05 10:00:00,Zone_16,20.0,13,22.1,1,1,10,low,0
2024-11-05 11:00:00,Zone_15,11.0,5,36.1,0,1,11,low,0
2024-11-05 12:00:00,Zone_12,151.0,160,15.5,0,1,12,high,1
2024-11-05 13:00:00,Zone_09,23.0,27,19.8,0,1,13,medium,0
2024-11-05 14:00:00,Zone_08,136.0,145,14.9,0,1,14,medium,1
2024-11-05 15:00:00,Zone_18,43.0,41,31.3,0,1,15,high,0
2024-11-05 16:00:00,Zone_18,26.0,16,28.6,1,1,16,medium,0
2024-11-05 17:00:00,Zone_13,100.0,99,11.8,0,1,17,high,0
2024-11-05 18:00:00,Zone_18,86.0,78,5.9,1,1,18,low,0
2024-11-05 19:00:00,Zone_15,,125,,0,1,19,high,0
2024-11-05 20:00:00,Zone_04,,34,11.3,1,1,20,low,0
2024-11-05 21:00:00,Zone_17,31.0,34,28.6,0,1,21,medium,0
2024-11-05 22:00:00,Zone_05,33.0,34,16.9,1,1,22,medium,0
2024-11-05 23:00:00,Zone_16,152.0,152,27.6,1,1,23,low,1
2024-11-06 00:00:00,Zone_09,15.0,19,25.6,1,2,0,medium,0
2024-11-06 01:00:00,Zone_10,12.0,18,17.7,0,2,1,low,0
2024-11-06 02:00:00,Zone_18,10.0,1,15.0,0,2,2,low,0
2024-11-06 03:00:00,Zone_17,14.0,4,26.6,1,2,3,medium,0
2024-11-06 04:00:00,Zone_18,23.0,32,16.5,0,2,4,high,0
2024-11-06 05:00:00,Zone_07,17.0,19,30.9,0,2,5,medium,0
2024-11-06 06:00:00,Zone_04,152.0,153,15.3,1,2,6,medium,1
2024-11-06 07:00:00,Zone_05,74.0,71,24.8,1,2,7,low,0
2024-11-06 08:00:00,Zone_16,98.0,106,18.9,0,2,8,low,0
2024-11-06 09:00:00,Zone_03,103.0,107,22.0,0,2,9,medium,0
2024-11-06 10:00:00,Zone_18,34.0,33,16.4,0,2,10,high,0
2024-11-06 11:00:00,Zone_14,46.0,55,20.6,0,2,11,high,0
2024-11-06 12:00:00,Zone_15,79.0,70,1.5,0,2,12,low,1
2024-11-06 13:00:00,Zone_17,34.0,25,15.5,0,2,13,medium,0
2024-11-06 14:00:00,Zone_01,34.0,41,17.3,0,2,14,medium,0
2024-11-06 15:00:00,Zone_17,36.0,26,21.4,1,2,15,medium,0
2024-11-06 16:00:00,Zone_11,26.0,25,32.3,0,2,16,medium,0
2024-11-06 17:00:00,Zone_17,107.0,112,16.4,0,2,17,high,0
2024-11-06 18:00:00,Zone_14,157.0,160,33.3,0,2,18,low,1
2024-11-06 19:00:00,Zone_20,171.0,171,15.1,0,2,19,high,1
2024-11-06 20:00:00,Zone_19,21.0,23,13.1,0,2,20,low,0
2024-11-06 21:00:00,Zone_07,25.0,33,6.9,0,2,21,medium,0
2024-11-06 22:00:00,Zone_13,41.0,46,26.9,0,2,22,high,0
2024-11-06 23:00:00,Zone_18,25.0,33,22.7,0,2,23,medium,0
2024-11-07 00:00:00,Zone_14,7.0,1,26.4,0,3,0,low,0
2024-11-07 01:00:00,Zone_01,111.0,108,23.1,0,3,1,low,1
2024-11-07 02:00:00,Zone_07,7.0,6,21.9,0,3,2,medium,0
2024-11-07 03:00:00,Zone_08,84.0,84,24.3,0,3,3,low,1
2024-11-07 04:00:00,Zone_18,11.0,13,39.2,0,3,4,,0
2024-11-07 05:00:00,Zone_09,6.0,8,18.2,0,3,5,low,0
2024-11-07 06:00:00,Zone_01,49.0,51,38.4,0,3,6,high,0
2024-11-07 07:00:00,Zone_17,66.0,66,28.8,1,3,7,low,0
2024-11-07 08:00:00,Zone_19,,106,24.9,0,3,8,medium,0
2024-11-07 09:00:00,Zone_06,161.0,165,26.4,0,3,9,medium,1
2024-11-07 10:00:00,Zone_03,87.0,80,0.0,0,3,10,medium,1
2024-11-07 11:00:00,Zone_05,35.0,26,19.9,1,3,11,low,0
2024-11-07 12:00:00,Zone_02,109.0,114,16.6,0,3,12,medium,1
2024-11-07 13:00:00,Zone_20,18.0,18,38.9,0,3,13,medium,0
2024-11-07 14:00:00,Zone_04,36.0,42,19.3,0,3,14,low,0
2024-11-07 15:00:00,Zone_10,39.0,36,21.8,0,3,15,high,0
2024-11-07 16:00:00,Zone_10,53.0,44,21.6,0,3,16,high,0
2024-11-07 17:00:00,Zone_11,105.0,102,11.5,0,3,17,low,0
2024-11-07 18:00:00,Zone_16,112.0,121,17.5,0,3,18,medium,0
2024-11-07 19:00:00,Zone_17,84.0,90,28.5,0,3,19,medium,0
2024-11-07 20:00:00,Zone_16,20.0,17,4.9,0,3,20,low,0
2024-11-07 21:00:00,Zone_07,24.0,14,24.5,0,3,21,low,0
2024-11-07 22:00:00,Zone_16,39.0,42,14.8,0,3,22,high,0
2024-11-07 23:00:00,Zone_03,26.0,20,32.4,0,3,23,medium,0
2024-11-08 00:00:00,Zone_16,27.0,32,25.2,0,4,0,high,0
2024-11-08 01:00:00,Zone_08,10.0,16,9.8,0,4,1,medium,0
2024-11-08 02:00:00,Zone_12,5.0,6,18.7,0,4,2,low,0
2024-11-08 03:00:00,Zone_03,1.0,10,25.6,0,4,3,low,0
2024-11-08 04:00:00,Zone_17,5.0,2,19.6,1,4,4,medium,0
2024-11-08 05:00:00,Zone_18,5.0,2,23.2,0,4,5,medium,0
2024-11-08 06:00:00,Zone_11,26.0,17,21.8,0,4,6,low,0
2024-11-08 07:00:00,Zone_04,91.0,85,28.9,1,4,7,medium,0
2024-11-08 08:00:00,Zone_16,115.0,117,25.5,0,4,8,high,0
2024-11-08 09:00:00,Zone_17,182.0,188,21.6,0,4,9,high,1
2024-11-08 10:00:00,Zone_09,31.0,23,22.1,1,4,10,low,0
2024-11-08 11:00:00,Zone_06,36.0,40,13.3,1,4,11,low,0
2024-11-08 12:00:00,Zone_20,40.0,41,33.7,0,4,12,high,0
2024-11-08 13:00:00,Zone_02,99.0,91,45.0,0,4,13,high,1
2024-11-08 14:00:00,Zone_09,27.0,26,19.4,0,4,14,low,0
2024-11-08 15:00:00,Zone_06,44.0,49,22.4,1,4,15,high,0
2024-11-08 16:00:00,Zone_03,19.0,27,30.1,0,4,16,low,0
2024-11-08 17:00:00,Zone_20,90.0,82,30.1,0,4,17,low,0
2024-11-08 18:00:00,Zone_06,89.0,88,23.4,0,4,18,low,0
2024-11-08 19:00:00,Zone_07,93.0,84,14.2,0,4,19,low,0
2024-11-08 20:00:00,Zone_01,143.0,147,36.5,0,4,20,high,1
2024-11-08 21:00:00,Zone_01,30.0,26,27.4,0,4,21,medium,0
2024-11-08 22:00:00,Zone_05,26.0,35,23.8,0,4,22,low,0
2024-11-08 23:00:00,Zone_06,49.0,46,16.2,0,4,23,high,0
2024-11-09 00:00:00,Zone_13,119.0,123,22.5,0,5,0,high,1
2024-11-09 01:00:00,Zone_02,76.0,73,7.5,0,5,1,low,1
2024-11-09 02:00:00,Zone_15,6.0,8,27.9,0,5,2,medium,0
2024-11-09 03:00:00,Zone_15,87.0,96,29.9,0,5,3,medium,1
2024-11-09 04:00:00,Zone_13,7.0,1,23.8,0,5,4,medium,0
2024-11-09 05:00:00,Zone_14,15.0,16,14.3,0,5,5,,0
2024-11-09 06:00:00,Zone_07,125.0,126,25.6,0,5,6,low,1
2024-11-09 07:00:00,Zone_14,158.0,152,28.3,0,5,7,low,1
2024-11-09 08:00:00,Zone_10,99.0,90,16.1,0,5,8,high,0
2024-11-09 09:00:00,Zone_17,113.0,108,29.5,0,5,9,high,0
2024-11-09 10:00:00,Zone_14,111.0,111,26.2,0,5,10,low,1
2024-11-09 11:00:00,Zone_08,14.0,14,19.8,0,5,11,low,0
2024-11-09 12:00:00,Zone_04,40.0,32,17.5,0,5,12,high,0
2024-11-09 13:00:00,Zone_16,33.0,32,20.6,0,5,13,medium,0
2024-11-09 14:00:00,Zone_13,133.0,138,14.2,0,5,14,low,1
2024-11-09 15:00:00,Zone_20,16.0,21,24.1,1,5,15,low,0
2024-11-09 16:00:00,Zone_18,22.0,30,26.5,1,5,16,medium,0
2024-11-09 17:00:00,Zone_14,212.0,215,31.3,0,5,17,medium,1
2024-11-09 18:00:00,Zone_18,78.0,75,24.4,0,5,18,medium,0
2024-11-09 19:00:00,Zone_05,152.0,157,25.1,0,5,19,low,1
2024-11-09 20:00:00,Zone_09,145.0,150,19.9,0,5,20,high,1
2024-11-09 21:00:00,Zone_03,45.0,41,15.0,0,5,21,high,0
2024-11-09 22:00:00,Zone_08,56.0,46,18.6,0,5,22,high,0
2024-11-09 23:00:00,Zone_20,90.0,95,33.4,1,5,23,high,0
2024-11-10 00:00:00,Zone_10,1.0,10,27.1,0,6,0,medium,0
2024-11-10 01:00:00,Zone_19,2.0,1,25.3,1,6,1,low,0
2024-11-10 02:00:00,Zone_03,1.0,1,7.5,0,6,2,low,0
2024-11-10 03:00:00,Zone_11,1.0,1,24.5,0,6,3,low,0
2024-11-10 04:00:00,Zone_11,62.0,68,11.4,0,6,4,low,1
2024-11-10 05:00:00,Zone_17,3.0,1,11.9,0,6,5,medium,0
2024-11-10 06:00:00,Zone_16,39.0,40,12.8,0,6,6,high,0
2024-11-10 07:00:00,Zone_07,203.0,201,15.8,0,6,7,medium,1
2024-11-10 08:00:00,Zone_04,74.0,74,28.7,0,6,8,medium,0
2024-11-10 09:00:00,Zone_19,78.0,86,23.8,0,6,9,medium,0
2024-11-10 10:00:00,Zone_12,31.0,35,14.5,0,6,10,low,0
2024-11-10 11:00:00,Zone_15,138.0,139,17.4,0,6,11,high,1
2024-11-10 12:00:00,Zone_11,27.0,31,26.0,1,6,12,medium,0
2024-11-10 13:00:00,Zone_05,23.0,29,27.6,1,6,13,low,0
2024-11-10 14:00:00,Zone_05,62.0,62,23.1,0,6,14,high,0
2024-11-10 15:00:00,Zone_15,27.0,33,12.8,0,6,15,medium,0
2024-11-10 16:00:00,Zone_18,103.0,104,18.7,0,6,16,medium,1
2024-11-10 17:00:00,Zone_11,86.0,85,41.0,0,6,17,medium,0
2024-11-10 18:00:00,Zone_12,102.0,97,12.3,0,6,18,medium,0
2024-11-10 19:00:00,Zone_02,158.0,154,25.0,0,6,19,low,1
2024-11-10 20:00:00,Zone_20,33.0,36,39.0,0,6,20,high,0
2024-11-10 21:00:00,Zone_15,46.0,51,19.8,0,6,21,high,0
2024-11-10 22:00:00,Zone_20,67.0,59,36.7,0,6,22,medium,0
2024-11-10 23:00:00,Zone_04,67.0,65,16.5,0,6,23,medium,0
2024-11-11 00:00:00,Zone_18,30.0,25,6.2,0,0,0,high,0
2024-11-11 01:00:00,Zone_06,4.0,1,17.4,0,0,1,medium,0
2024-11-11 02:00:00,Zone_19,18.0,11,15.9,0,0,2,high,0
2024-11-11 03:00:00,Zone_11,6.0,10,8.6,1,0,3,medium,0
2024-11-11 04:00:00,Zone_02,108.0,107,18.7,0,0,4,medium,1
2024-11-11 05:00:00,Zone_08,8.0,1,29.9,0,0,5,medium,0
2024-11-11 06:00:00,Zone_11,27.0,23,17.2,0,0,6,medium,0
2024-11-11 07:00:00,Zone_05,64.0,70,19.0,0,0,7,low,0
2024-11-11 08:00:00,Zone_18,208.0,201,33.0,0,0,8,high,1
2024-11-11 09:00:00,Zone_18,,183,16.0,0,0,9,medium,1
2024-11-11 10:00:00,Zone_14,53.0,43,27.0,1,0,10,high,0
2024-11-11 11:00:00,Zone_10,23.0,22,8.3,0,0,11,low,0
2024-11-11 12:00:00,Zone_03,23.0,32,14.3,1,0,12,medium,0
2024-11-11 13:00:00,Zone_09,38.0,34,20.3,0,0,13,high,0
2024-11-11 14:00:00,Zone_03,42.0,40,31.7,0,0,14,high,0
2024-11-11 15:00:00,Zone_11,121.0,112,14.7,0,0,15,high,1
2024-11-11 16:00:00,Zone_12,50.0,43,14.6,0,0,16,high,0
2024-11-11 17:00:00,Zone_12,84.0,90,24.2,0,0,17,low,0
2024-11-11 18:00:00,Zone_03,181.0,176,25.5,0,0,18,high,1
2024-11-11 19:00:00,Zone_07,194.0,191,13.7,0,0,19,low,1
2024-11-11 20:00:00,Zone_14,,25,17.8,0,0,20,low,0
2024-11-11 21:00:00,Zone_11,24.0,25,,0,0,21,low,0
2024-11-11 22:00:00,Zone_07,46.0,54,12.6,1,0,22,high,0
2024-11-11 23:00:00,Zone_10,31.0,25,24.7,1,0,23,low,0
2024-11-12 00:00:00,Zone_11,79.0,79,,0,1,0,low,1
2024-11-12 01:00:00,Zone_15,1.0,7,33.2,0,1,1,low,0
2024-11-12 02:00:00,Zone_19,19.0,20,26.6,1,1,2,medium,0
2024-11-12 03:00:00,Zone_16,144.0,138,29.0,0,1,3,high,1
2024-11-12 04:00:00,Zone_20,18.0,8,17.7,0,1,4,medium,0
2024-11-12 05:00:00,Zone_12,70.0,66,28.6,1,1,5,medium,1
2024-11-12 06:00:00,Zone_18,29.0,25,28.4,1,1,6,low,0
2024-11-12 07:00:00,Zone_13,86.0,86,26.2,0,1,7,low,0
2024-11-12 08:00:00,Zone_05,196.0,191,19.7,1,1,8,low,1
2024-11-12 09:00:00,Zone_04,92.0,87,23.3,0,1,9,medium,0
2024-11-12 10:00:00,Zone_14,22.0,21,7.2,0,1,10,medium,0
2024-11-12 11:00:00,Zone_08,36.0,28,36.1,0,1,11,low,0
2024-11-12 12:00:00,Zone_09,43.0,37,17.2,0,1,12,high,0
2024-11-12 13:00:00,Zone_19,57.0,64,19.3,0,1,13,high,0
2024-11-12 14:00:00,Zone_03,81.0,85,11.5,0,1,14,low,1
2024-11-12 15:00:00,Zone_05,20.0,21,27.4,0,1,15,low,0
2024-11-12 16:00:00,Zone_18,42.0,39,26.2,0,1,16,high,0
2024-11-12 17:00:00,Zone_01,120.0,116,19.6,0,1,17,low,0
2024-11-12 18:00:00,Zone_08,170.0,162,3.3,0,1,18,,1
2024-11-12 19:00:00,Zone_19,175.0,171,16.3,0,1,19,medium,1
2024-11-12 20:00:00,Zone_17,46.0,53,25.7,0,1,20,high,0
2024-11-12 21:00:00,Zone_17,31.0,36,24.0,0,1,21,medium,0
2024-11-12 22:00:00,Zone_11,16.0,25,21.6,0,1,22,low,0
2024-11-12 23:00:00,Zone_02,26.0,17,18.6,0,1,23,low,0
2024-11-13 00:00:00,Zone_06,3.0,1,9.4,0,2,0,low,0
2024-11-13 01:00:00,Zone_14,1.0,1,29.7,0,2,1,low,0
2024-11-13 02:00:00,Zone_03,5.0,8,10.5,0,2,2,medium,0
2024-11-13 03:00:00,Zone_12,29.0,33,20.4,1,2,3,high,0
2024-11-13 04:00:00,Zone_04,113.0,118,13.7,1,2,4,low,1
2024-11-13 05:00:00,Zone_12,13.0,4,29.9,1,2,5,medium,0
2024-11-13 06:00:00,Zone_13,22.0,31,26.7,0,2,6,low,0
2024-11-13 07:00:00,Zone_02,218.0,226,19.1,0,2,7,low,1
2024-11-13 08:00:00,Zone_02,215.0,214,27.5,0,2,8,high,1
2024-11-13 09:00:00,Zone_15,101.0,108,10.1,0,2,9,low,0
2024-11-13 10:00:00,Zone_17,32.0,23,21.4,0,2,10,low,0
2024-11-13 11:00:00,Zone_07,29.0,26,13.6,0,2,11,low,0
2024-11-13 12:00:00,Zone_14,28.0,23,30.2,0,2,12,medium,0
2024-11-13 13:00:00,Zone_12,53.0,61,25.0,0,2,13,high,0
2024-11-13 14:00:00,Zone_17,111.0,108,27.2,0,2,14,low,1
2024-11-13 15:00:00,Zone_14,27.0,35,17.6,0,2,15,medium,0
2024-11-13 16:00:00,Zone_06,92.0,82,28.0,1,2,16,low,1
2024-11-13 17:00:00,Zone_19,178.0,180,13.1,1,2,17,high,1
2024-11-13 18:00:00,Zone_06,98.0,104,14.2,0,2,18,medium,0
2024-11-13 19:00:00,Zone_18,182.0,181,20.6,0,2,19,medium,1
2024-11-13 20:00:00,Zone_05,91.0,98,14.5,1,2,20,,1
2024-11-13 21:00:00,Zone_06,128.0,134,27.7,0,2,21,high,1
2024-11-13 22:00:00,Zone_02,27.0,32,18.2,0,2,22,medium,0
2024-11-13 23:00:00,Zone_08,41.0,45,13.4,0,2,23,medium,0
2024-11-14 00:00:00,Zone_15,20.0,19,12.3,0,3,0,medium,0
2024-11-14 01:00:00,Zone_15,7.0,1,27.6,0,3,1,medium,0
2024-11-14 02:00:00,Zone_11,1.0,1,1.6,1,3,2,low,0
2024-11-14 03:00:00,Zone_01,7.0,7,13.9,0,3,3,low,0
2024-11-14 04:00:00,Zone_18,3.0,6,33.2,1,3,4,low,0
2024-11-14 05:00:00,Zone_12,8.0,3,19.2,1,3,5,medium,0
2024-11-14 06:00:00,Zone_12,31.0,35,27.7,0,3,6,medium,0
2024-11-14 07:00:00,Zone_11,97.0,100,25.4,0,3,7,low,0
2024-11-14 08:00:00,Zone_08,166.0,167,20.5,0,3,8,medium,1
2024-11-14 09:00:00,Zone_07,91.0,94,8.7,0,3,9,high,0
2024-11-14 10:00:00,Zone_02,29.0,29,11.4,1,3,10,low,0
2024-11-14 11:00:00,Zone_11,139.0,146,11.3,0,3,11,low,1
2024-11-14 12:00:00,Zone_10,48.0,55,25.9,0,3,12,high,0
2024-11-14 13:00:00,Zone_03,19.0,22,27.4,0,3,13,medium,0
2024-11-14 14:00:00,Zone_20,24.0,20,15.0,0,3,14,low,0
2024-11-14 15:00:00,Zone_10,31.0,25,21.4,0,3,15,medium,0
2024-11-14 16:00:00,Zone_18,15.0,21,22.1,0,3,16,medium,0
2024-11-14 17:00:00,Zone_14,163.0,160,22.6,0,3,17,medium,1
2024-11-14 18:00:00,Zone_18,191.0,197,15.9,0,3,18,medium,1
2024-11-14 19:00:00,Zone_08,91.0,95,35.1,0,3,19,medium,0
2024-11-14 20:00:00,Zone_10,49.0,55,27.4,0,3,20,high,0
2024-11-14 21:00:00,Zone_13,151.0,142,22.6,0,3,21,,1
2024-11-14 22:00:00,Zone_08,29.0,23,17.8,1,3,22,medium,0
2024-11-14 23:00:00,Zone_04,42.0,51,15.3,0,3,23,high,0
2024-11-15 00:00:00,Zone_04,87.0,80,25.2,0,4,0,medium,1
2024-11-15 01:00:00,Zone_05,23.0,29,18.2,1,4,1,high,0
2024-11-15 02:00:00,Zone_01,67.0,57,23.1,0,4,2,low,1
2024-11-15 03:00:00,Zone_17,1.0,1,6.8,1,4,3,low,0
2024-11-15 04:00:00,Zone_02,27.0,18,17.8,1,4,4,high,0
2024-11-15 05:00:00,Zone_08,8.0,15,21.1,0,4,5,low,0
2024-11-15 06:00:00,Zone_07,8.0,1,29.7,0,4,6,low,0
2024-11-15 07:00:00,Zone_15,189.0,188,14.6,1,4,7,medium,1
2024-11-15 08:00:00,Zone_05,102.0,110,10.1,0,4,8,medium,0
2024-11-15 09:00:00,Zone_02,74.0,74,25.6,1,4,9,medium,0
2024-11-15 10:00:00,Zone_07,16.0,24,21.5,0,4,10,low,0
2024-11-15 11:00:00,Zone_08,156.0,147,8.2,1,4,11,low,1
2024-11-15 12:00:00,Zone_07,25.0,15,8.6,0,4,12,medium,0
2024-11-15 13:00:00,Zone_07,31.0,33,16.8,0,4,13,medium,0
2024-11-15 14:00:00,Zone_14,32.0,24,21.3,0,4,14,medium,0
2024-11-15 15:00:00,Zone_18,35.0,31,33.1,0,4,15,medium,0
2024-11-15 16:00:00,Zone_06,111.0,115,13.4,0,4,16,medium,1
2024-11-15 17:00:00,Zone_04,99.0,108,26.3,0,4,17,low,0
2024-11-15 18:00:00,Zone_10,126.0,119,6.3,0,4,18,high,0
2024-11-15 19:00:00,Zone_18,81.0,72,24.9,0,4,19,low,0
2024-11-15 20:00:00,Zone_12,37.0,32,34.1,0,4,20,low,0
2024-11-15 21:00:00,Zone_16,36.0,28,23.1,1,4,21,medium,0
2024-11-15 22:00:00,Zone_07,116.0,107,16.7,0,4,22,low,1
2024-11-15 23:00:00,Zone_06,31.0,40,31.9,1,4,23,medium,0
2024-11-16 00:00:00,Zone_05,1.0,1,,0,5,0,low,0
2024-11-16 01:00:00,Zone_03,15.0,21,23.2,1,5,1,medium,0
2024-11-16 02:00:00,Zone_12,14.0,17,13.9,0,5,2,low,0
2024-11-16 03:00:00,Zone_15,39.0,42,24.9,1,5,3,high,0
2024-11-16 04:00:00,Zone_10,8.0,7,16.5,0,5,4,medium,0
2024-11-16 05:00:00,Zone_20,14.0,20,24.5,0,5,5,medium,0
2024-11-16 06:00:00,Zone_19,53.0,49,22.4,0,5,6,high,0
2024-11-16 07:00:00,Zone_16,102.0,96,30.7,0,5,7,medium,0
2024-11-16 08:00:00,Zone_11,92.0,96,17.4,1,5,8,medium,0
2024-11-16 09:00:00,Zone_08,104.0,113,20.8,0,5,9,medium,0
2024-11-16 10:00:00,Zone_03,26.0,31,28.4,1,5,10,medium,0
2024-11-16 11:00:00,Zone_07,56.0,59,20.1,0,5,11,high,0
2024-11-16 12:00:00,Zone_07,30.0,24,21.8,0,5,12,low,0
2024-11-16 13:00:00,Zone_14,42.0,34,18.7,0,5,13,high,0
2024-11-16 14:00:00,Zone_02,23.0,29,20.7,0,5,14,medium,0
2024-11-16 15:00:00,Zone_10,44.0,38,27.4,0,5,15,high,0
2024-11-16 16:00:00,Zone_19,2.0,1,36.7,0,5,16,low,0
2024-11-16 17:00:00,Zone_09,118.0,123,8.6,0,5,17,high,0
2024-11-16 18:00:00,Zone_16,83.0,87,11.9,0,5,18,low,0
2024-11-16 19:00:00,Zone_19,92.0,89,20.9,0,5,19,medium,0
2024-11-16 20:00:00,Zone_18,35.0,34,22.4,0,5,20,medium,0
2024-11-16 21:00:00,Zone_09,30.0,33,20.3,0,5,21,medium,0
2024-11-16 22:00:00,Zone_16,50.0,49,17.6,0,5,22,medium,0
2024-11-16 23:00:00,Zone_13,73.0,81,12.1,0,5,23,low,0
2024-11-17 00:00:00,Zone_10,9.0,12,,1,6,0,medium,0
2024-11-17 01:00:00,Zone_20,1.0,8,28.5,0,6,1,low,0
2024-11-17 02:00:00,Zone_14,7.0,14,22.7,1,6,2,medium,0
2024-11-17 03:00:00,Zone_12,2.0,1,27.4,0,6,3,medium,0
2024-11-17 04:00:00,Zone_19,104.0,96,12.4,0,6,4,low,1
2024-11-17 05:00:00,Zone_07,5.0,11,33.6,0,6,5,medium,0
2024-11-17 06:00:00,Zone_15,28.0,20,17.5,0,6,6,medium,0
2024-11-17 07:00:00,Zone_16,92.0,88,25.8,0,6,7,low,0
2024-11-17 08:00:00,Zone_08,116.0,111,21.0,0,6,8,high,0
2024-11-17 09:00:00,Zone_10,84.0,76,17.7,1,6,9,medium,0
2024-11-17 10:00:00,Zone_04,21.0,23,25.5,0,6,10,low,0
2024-11-17 11:00:00,Zone_19,125.0,132,26.8,0,6,11,low,1
2024-11-17 12:00:00,Zone_19,134.0,136,43.5,1,6,12,medium,1
2024-11-17 13:00:00,Zone_15,20.0,21,27.1,0,6,13,medium,0
2024-11-17 14:00:00,Zone_14,129.0,125,27.0,0,6,14,low,1
2024-11-17 15:00:00,Zone_01,21.0,28,31.2,0,6,15,low,0
2024-11-17 16:00:00,Zone_16,139.0,147,26.3,0,6,16,medium,1
2024-11-17 17:00:00,Zone_10,89.0,92,21.7,1,6,17,medium,0
2024-11-17 18:00:00,Zone_19,105.0,106,24.6,0,6,18,low,0
2024-11-17 19:00:00,Zone_03,109.0,115,28.8,1,6,19,medium,0
2024-11-17 20:00:00,Zone_05,54.0,52,33.1,0,6,20,high,0
2024-11-17 21:00:00,Zone_09,115.0,108,9.9,0,6,21,high,1
2024-11-17 22:00:00,Zone_18,81.0,75,6.9,0,6,22,high,0
2024-11-17 23:00:00,Zone_11,151.0,143,32.8,1,6,23,high,1
2024-11-18 00:00:00,Zone_16,1.0,1,15.6,1,0,0,low,0
2024-11-18 01:00:00,Zone_02,119.0,124,8.7,1,0,1,low,1
2024-11-18 02:00:00,Zone_12,17.0,26,8.0,0,0,2,medium,0
2024-11-18 03:00:00,Zone_06,1.0,1,36.4,0,0,3,medium,0
2024-11-18 04:00:00,Zone_11,37.0,35,29.0,0,0,4,high,0
2024-11-18 05:00:00,Zone_08,9.0,1,15.6,1,0,5,low,0
2024-11-18 06:00:00,Zone_12,22.0,30,16.0,0,0,6,medium,0
2024-11-18 07:00:00,Zone_02,102.0,104,22.4,0,0,7,medium,0
2024-11-18 08:00:00,Zone_09,66.0,73,28.9,0,0,8,medium,0
2024-11-18 09:00:00,Zone_15,78.0,69,19.6,1,0,9,medium,0
2024-11-18 10:00:00,Zone_02,26.0,20,15.7,0,0,10,low,0
2024-11-18 11:00:00,Zone_01,43.0,46,31.1,0,0,11,high,0
2024-11-18 12:00:00,Zone_10,103.0,105,21.8,0,0,12,medium,1
2024-11-18 13:00:00,Zone_02,34.0,33,20.5,1,0,13,medium,0
2024-11-18 14:00:00,Zone_12,24.0,25,26.7,0,0,14,low,0
2024-11-18 15:00:00,Zone_08,90.0,85,4.9,0,0,15,medium,1
2024-11-18 16:00:00,Zone_05,24.0,28,25.8,0,0,16,low,0
2024-11-18 17:00:00,Zone_01,87.0,77,25.3,0,0,17,low,0
2024-11-18 18:00:00,Zone_15,77.0,69,11.0,1,0,18,,0
2024-11-18 19:00:00,Zone_06,93.0,89,6.5,0,0,19,low,0
2024-11-18 20:00:00,Zone_12,105.0,98,17.5,1,0,20,medium,1
2024-11-18 21:00:00,Zone_08,31.0,26,23.5,1,0,21,medium,0
2024-11-18 22:00:00,Zone_13,52.0,56,24.3,0,0,22,high,0
2024-11-18 23:00:00,Zone_19,8.0,8,35.6,0,0,23,low,0
2024-11-19 00:00:00,Zone_01,6.0,9,23.5,0,1,0,low,0
2024-11-19 01:00:00,Zone_11,105.0,112,10.8,0,1,1,high,1
2024-11-19 02:00:00,Zone_20,72.0,77,20.0,0,1,2,low,1
2024-11-19 03:00:00,Zone_01,5.0,11,11.6,1,1,3,low,0
2024-11-19 04:00:00,Zone_08,86.0,92,20.6,0,1,4,low,1
2024-11-19 05:00:00,Zone_05,20.0,26,33.3,0,1,5,high,0
2024-11-19 06:00:00,Zone_17,51.0,60,25.7,1,1,6,high,0
2024-11-19 07:00:00,Zone_08,77.0,68,16.2,0,1,7,low,0
2024-11-19 08:00:00,Zone_10,147.0,140,26.7,0,1,8,medium,1
2024-11-19 09:00:00,Zone_02,70.0,70,15.8,0,1,9,medium,0
2024-11-19 10:00:00,Zone_09,43.0,50,0.0,0,1,10,high,0
2024-11-19 11:00:00,Zone_03,31.0,33,12.1,0,1,11,,0
2024-11-19 12:00:00,Zone_18,37.0,45,25.7,0,1,12,high,0
2024-11-19 13:00:00,Zone_07,24.0,25,28.2,1,1,13,low,0
2024-11-19 14:00:00,Zone_15,22.0,28,35.7,0,1,14,medium,0
2024-11-19 15:00:00,Zone_20,20.0,18,24.7,0,1,15,low,0
2024-11-19 16:00:00,Zone_18,24.0,24,32.8,0,1,16,medium,0
2024-11-19 17:00:00,Zone_03,71.0,66,27.0,0,1,17,medium,0
2024-11-19 18:00:00,Zone_14,223.0,225,29.5,1,1,18,medium,1
2024-11-19 19:00:00,Zone_02,77.0,77,30.8,0,1,19,medium,0
2024-11-19 20:00:00,Zone_14,31.0,35,25.9,1,1,20,medium,0
2024-11-19 21:00:00,Zone_11,45.0,45,30.6,1,1,21,high,0
2024-11-19 22:00:00,Zone_16,16.0,9,16.4,0,1,22,low,0
2024-11-19 23:00:00,Zone_08,14.0,23,2.6,0,1,23,medium,0
2024-11-20 00:00:00,Zone_07,12.0,11,27.2,0,2,0,low,0
2024-11-20 01:00:00,Zone_11,16.0,15,25.0,0,2,1,medium,0
2024-11-20 02:00:00,Zone_03,14.0,11,15.0,0,2,2,medium,0
2024-11-20 03:00:00,Zone_17,1.0,1,11.9,0,2,3,medium,0
2024-11-20 04:00:00,Zone_14,12.0,5,23.0,0,2,4,medium,0
2024-11-20 05:00:00,Zone_06,110.0,103,27.7,0,2,5,low,1
2024-11-20 06:00:00,Zone_08,28.0,25,26.2,1,2,6,medium,0
2024-11-20 07:00:00,Zone_05,82.0,87,13.8,1,2,7,medium,0
2024-11-20 08:00:00,Zone_08,99.0,102,15.6,0,2,8,high,0
2024-11-20 09:00:00,Zone_02,184.0,175,27.4,0,2,9,low,1
2024-11-20 10:00:00,Zone_15,23.0,14,22.6,0,2,10,medium,0
2024-11-20 11:00:00,Zone_12,46.0,40,30.5,0,2,11,high,0
2024-11-20 12:00:00,Zone_17,41.0,33,19.4,0,2,12,high,0
2024-11-20 13:00:00,Zone_01,27.0,25,27.9,0,2,13,medium,0
2024-11-20 14:00:00,Zone_15,35.0,30,21.7,1,2,14,medium,0
2024-11-20 15:00:00,Zone_14,,29,16.2,0,2,15,medium,0
2024-11-20 16:00:00,Zone_20,18.0,26,29.4,1,2,16,low,0
2024-11-20 17:00:00,Zone_16,205.0,203,14.1,0,2,17,medium,1
2024-11-20 18:00:00,Zone_09,124.0,120,22.6,0,2,18,high,0
2024-11-20 19:00:00,Zone_01,87.0,90,23.4,0,2,19,low,0
2024-11-20 20:00:00,Zone_17,25.0,21,21.0,0,2,20,medium,0
2024-11-20 21:00:00,Zone_13,42.0,41,,0,2,21,high,0
2024-11-20 22:00:00,Zone_05,102.0,93,26.6,0,2,22,low,1
2024-11-20 23:00:00,Zone_10,22.0,17,25.6,0,2,23,medium,0
2024-11-21 00:00:00,Zone_06,24.0,18,22.5,1,3,0,high,0
2024-11-21 01:00:00,Zone_19,18.0,13,36.9,1,3,1,high,0
2024-11-21 02:00:00,Zone_13,6.0,10,33.7,0,3,2,medium,0
2024-11-21 03:00:00,Zone_01,1.0,2,29.4,0,3,3,low,0
2024-11-21 04:00:00,Zone_20,110.0,111,28.0,1,3,4,low,1
2024-11-21 05:00:00,Zone_15,10.0,2,17.2,0,3,5,medium,0
2024-11-21 06:00:00,Zone_14,31.0,29,21.6,0,3,6,,0
2024-11-21 07:00:00,Zone_08,165.0,170,27.1,0,3,7,low,1
2024-11-21 08:00:00,Zone_10,84.0,80,30.4,0,3,8,high,0
2024-11-21 09:00:00,Zone_09,99.0,101,29.1,0,3,9,high,0
2024-11-21 10:00:00,Zone_17,43.0,52,26.6,0,3,10,high,0
2024-11-21 11:00:00,Zone_09,123.0,131,38.0,0,3,11,low,1
2024-11-21 12:00:00,Zone_03,18.0,22,20.9,0,3,12,low,0
2024-11-21 13:00:00,Zone_11,37.0,45,30.1,0,3,13,high,0
2024-11-21 14:00:00,Zone_12,26.0,24,29.1,0,3,14,medium,0
2024-11-21 15:00:00,Zone_10,132.0,138,25.6,0,3,15,high,1
2024-11-21 16:00:00,Zone_17,38.0,36,25.8,0,3,16,high,0
2024-11-21 17:00:00,Zone_17,172.0,162,25.7,0,3,17,high,1
2024-11-21 18:00:00,Zone_11,98.0,107,16.3,0,3,18,medium,0
2024-11-21 19:00:00,Zone_04,85.0,82,25.2,0,3,19,low,0
2024-11-21 20:00:00,Zone_07,16.0,22,28.0,0,3,20,medium,0
2024-11-21 21:00:00,Zone_14,29.0,22,24.6,0,3,21,medium,0
2024-11-21 22:00:00,Zone_07,32.0,23,7.3,1,3,22,low,0
2024-11-21 23:00:00,Zone_08,41.0,31,9.3,0,3,23,high,0
2024-11-22 00:00:00,Zone_01,9.0,18,15.5,0,4,0,low,0
2024-11-22 01:00:00,Zone_04,24.0,32,21.1,0,4,1,high,0
2024-11-22 02:00:00,Zone_12,97.0,100,15.9,0,4,2,low,1
2024-11-22 03:00:00,Zone_03,73.0,63,27.2,0,4,3,medium,1
2024-11-22 04:00:00,Zone_13,25.0,28,31.5,1,4,4,high,0
2024-11-22 05:00:00,Zone_20,1.0,1,32.7,0,4,5,low,0
2024-11-22 06:00:00,Zone_06,83.0,92,24.7,1,4,6,medium,1
2024-11-22 07:00:00,Zone_11,101.0,93,30.7,0,4,7,low,0
2024-11-22 08:00:00,Zone_04,237.0,244,17.5,0,4,8,high,1
2024-11-22 09:00:00,Zone_20,85.0,94,20.8,0,4,9,,0
2024-11-22 10:00:00,Zone_16,49.0,45,12.7,0,4,10,high,0
2024-11-22 11:00:00,Zone_07,54.0,44,31.7,1,4,11,high,0
2024-11-22 12:00:00,Zone_11,21.0,26,37.7,0,4,12,medium,0
2024-11-22 13:00:00,Zone_01,30.0,32,19.2,0,4,13,low,0
2024-11-22 14:00:00,Zone_07,20.0,12,4.6,0,4,14,low,0
2024-11-22 15:00:00,Zone_12,115.0,116,14.4,1,4,15,medium,1
2024-11-22 16:00:00,Zone_07,38.0,31,16.8,0,4,16,medium,0
2024-11-22 17:00:00,Zone_07,100.0,108,11.4,0,4,17,high,0
2024-11-22 18:00:00,Zone_10,92.0,95,13.8,0,4,18,low,0
2024-11-22 19:00:00,Zone_16,101.0,97,23.6,0,4,19,low,0
2024-11-22 20:00:00,Zone_08,117.0,110,27.3,0,4,20,medium,1
2024-11-22 21:00:00,Zone_09,147.0,148,5.5,1,4,21,low,1
2024-11-22 22:00:00,Zone_09,27.0,23,17.7,0,4,22,medium,0
2024-11-22 23:00:00,Zone_02,37.0,40,22.3,0,4,23,medium,0
2024-11-23 00:00:00,Zone_13,63.0,67,13.5,0,5,0,medium,1
2024-11-23 01:00:00,Zone_13,1.0,1,23.9,0,5,1,low,0
2024-11-23 02:00:00,Zone_04,30.0,36,21.1,0,5,2,high,0
2024-11-23 03:00:00,Zone_12,16.0,22,18.4,0,5,3,low,0
2024-11-23 04:00:00,Zone_17,1.0,2,15.1,0,5,4,low,0
2024-11-23 05:00:00,Zone_02,98.0,91,24.2,0,5,5,medium,1
2024-11-23 06:00:00,Zone_13,24.0,20,15.9,0,5,6,low,0
2024-11-23 07:00:00,Zone_18,183.0,176,8.1,0,5,7,low,1
2024-11-23 08:00:00,Zone_15,86.0,82,22.2,0,5,8,low,0
2024-11-23 09:00:00,Zone_08,99.0,94,12.1,0,5,9,medium,0
2024-11-23 10:00:00,Zone_15,41.0,34,8.8,0,5,10,high,0
2024-11-23 11:00:00,Zone_01,95.0,94,23.0,0,5,11,medium,1
2024-11-23 12:00:00,Zone_20,35.0,25,20.7,0,5,12,medium,0
2024-11-23 13:00:00,Zone_10,25.0,15,15.1,0,5,13,low,0
2024-11-23 14:00:00,Zone_12,20.0,16,23.8,0,5,14,low,0
2024-11-23 15:00:00,Zone_05,27.0,20,25.4,0,5,15,low,0
2024-11-23 16:00:00,Zone_09,39.0,44,23.9,0,5,16,high,0
2024-11-23 17:00:00,Zone_08,116.0,123,23.6,1,5,17,low,0
2024-11-23 18:00:00,Zone_16,110.0,113,9.2,0,5,18,high,0
2024-11-23 19:00:00,Zone_14,94.0,96,32.3,0,5,19,low,0
2024-11-23 20:00:00,Zone_13,19.0,23,26.5,0,5,20,medium,0
2024-11-23 21:00:00,Zone_13,43.0,33,14.4,1,5,21,high,0
2024-11-23 22:00:00,Zone_05,,77,21.9,1,5,22,medium,0
2024-11-23 23:00:00,Zone_16,66.0,73,23.4,0,5,23,medium,0
2024-11-24 00:00:00,Zone_11,16.0,10,21.7,0,6,0,medium,0
2024-11-24 01:00:00,Zone_05,1.0,1,36.3,0,6,1,low,0
2024-11-24 02:00:00,Zone_13,5.0,1,6.4,0,6,2,low,0
2024-11-24 03:00:00,Zone_11,122.0,120,10.2,1,6,3,high,1
2024-11-24 04:00:00,Zone_19,1.0,1,3.6,0,6,4,low,0
2024-11-24 05:00:00,Zone_03,10.0,17,22.6,0,6,5,low,0
2024-11-24 06:00:00,Zone_15,50.0,51,26.4,1,6,6,high,0
2024-11-24 07:00:00,Zone_07,95.0,88,24.9,0,6,7,low,0
2024-11-24 08:00:00,Zone_07,75.0,80,19.7,0,6,8,medium,0
2024-11-24 09:00:00,Zone_06,106.0,106,25.3,1,6,9,high,0
2024-11-24 10:00:00,Zone_03,33.0,41,19.6,0,6,10,medium,0
2024-11-24 11:00:00,Zone_13,27.0,17,27.9,0,6,11,medium,0
2024-11-24 12:00:00,Zone_07,48.0,50,30.9,0,6,12,high,0
2024-11-24 13:00:00,Zone_05,23.0,17,14.6,1,6,13,low,0
2024-11-24 14:00:00,Zone_18,30.0,27,19.7,0,6,14,low,0
2024-11-24 15:00:00,Zone_08,31.0,30,21.0,0,6,15,medium,0
2024-11-24 16:00:00,Zone_17,27.0,31,33.4,1,6,16,medium,0
2024-11-24 17:00:00,Zone_20,103.0,107,15.5,1,6,17,low,0
2024-11-24 18:00:00,Zone_01,97.0,99,30.8,1,6,18,medium,0
2024-11-24 19:00:00,Zone_14,91.0,82,10.3,0,6,19,low,0
2024-11-24 20:00:00,Zone_17,28.0,21,31.9,0,6,20,low,0
2024-11-24 21:00:00,Zone_10,32.0,34,28.8,0,6,21,medium,0
2024-11-24 22:00:00,Zone_12,39.0,37,20.8,0,6,22,low,0
2024-11-24 23:00:00,Zone_16,48.0,42,,0,6,23,medium,0
2024-11-25 00:00:00,Zone_14,5.0,6,18.0,1,0,0,medium,0
2024-11-25 01:00:00,Zone_16,10.0,1,14.6,0,0,1,,0
2024-11-25 02:00:00,Zone_08,3.0,12,35.7,0,0,2,low,0
2024-11-25 03:00:00,Zone_10,,108,17.7,0,0,3,low,1
2024-11-25 04:00:00,Zone_17,99.0,108,27.4,0,0,4,low,1
2024-11-25 05:00:00,Zone_18,14.0,19,30.9,1,0,5,medium,0
2024-11-25 06:00:00,Zone_20,27.0,36,28.5,0,0,6,medium,0
2024-11-25 07:00:00,Zone_16,202.0,199,26.8,0,0,7,low,1
2024-11-25 08:00:00,Zone_17,202.0,210,27.4,1,0,8,medium,1
2024-11-25 09:00:00,Zone_16,,99,30.5,0,0,9,high,0
2024-11-25 10:00:00,Zone_19,99.0,98,24.5,0,0,10,low,1
2024-11-25 11:00:00,Zone_08,38.0,32,21.7,1,0,11,medium,0
2024-11-25 12:00:00,Zone_06,23.0,15,11.0,0,0,12,medium,0
2024-11-25 13:00:00,Zone_06,16.0,24,24.5,0,0,13,low,0
2024-11-25 14:00:00,Zone_09,60.0,69,30.2,0,0,14,high,0
2024-11-25 15:00:00,Zone_04,56.0,47,13.2,0,0,15,high,0
2024-11-25 16:00:00,Zone_12,122.0,118,20.2,0,0,16,low,1
2024-11-25 17:00:00,Zone_12,101.0,99,25.4,0,0,17,high,0
2024-11-25 18:00:00,Zone_17,83.0,80,34.1,0,0,18,medium,0
2024-11-25 19:00:00,Zone_15,102.0,110,12.7,1,0,19,low,0
2024-11-25 20:00:00,Zone_09,115.0,109,28.3,0,0,20,medium,1
2024-11-25 21:00:00,Zone_07,12.0,9,19.1,1,0,21,low,0
2024-11-25 22:00:00,Zone_10,139.0,143,16.6,0,0,22,medium,1
2024-11-25 23:00:00,Zone_16,16.0,7,14.7,0,0,23,low,0
2024-11-26 00:00:00,Zone_12,11.0,12,16.8,0,1,0,medium,0
2024-11-26 01:00:00,Zone_07,21.0,27,26.0,1,1,1,medium,0
2024-11-26 02:00:00,Zone_18,13.0,18,20.2,1,1,2,medium,0
2024-11-26 03:00:00,Zone_15,1.0,1,27.7,0,1,3,low,0
2024-11-26 04:00:00,Zone_06,15.0,5,13.0,0,1,4,,0
2024-11-26 05:00:00,Zone_12,5.0,7,27.6,1,1,5,low,0
2024-11-26 06:00:00,Zone_11,34.0,30,,0,1,6,medium,0
2024-11-26 07:00:00,Zone_20,203.0,200,9.9,0,1,7,low,1
2024-11-26 08:00:00,Zone_03,71.0,79,34.0,1,1,8,medium,0
2024-11-26 09:00:00,Zone_02,89.0,92,24.7,0,1,9,low,0
2024-11-26 10:00:00,Zone_06,36.0,35,28.1,0,1,10,medium,0
2024-11-26 11:00:00,Zone_05,37.0,43,31.2,0,1,11,medium,0
2024-11-26 12:00:00,Zone_18,20.0,27,29.7,0,1,12,medium,0
2024-11-26 13:00:00,Zone_16,36.0,27,21.0,0,1,13,medium,0
2024-11-26 14:00:00,Zone_08,42.0,41,27.8,0,1,14,medium,0
2024-11-26 15:00:00,Zone_20,43.0,50,7.5,1,1,15,high,0
2024-11-26 16:00:00,Zone_11,148.0,147,25.2,0,1,16,medium,1
2024-11-26 17:00:00,Zone_10,102.0,93,35.9,0,1,17,medium,0
2024-11-26 18:00:00,Zone_12,95.0,93,16.4,0,1,18,high,0
2024-11-26 19:00:00,Zone_06,124.0,129,29.3,0,1,19,high,0
2024-11-26 20:00:00,Zone_20,26.0,21,36.2,1,1,20,medium,0
2024-11-26 21:00:00,Zone_05,16.0,12,27.5,1,1,21,low,0
2024-11-26 22:00:00,Zone_09,27.0,19,30.2,0,1,22,medium,0
2024-11-26 23:00:00,Zone_16,26.0,22,9.4,0,1,23,medium,0
2024-11-27 00:00:00,Zone_14,1.0,10,14.5,0,2,0,medium,0
2024-11-27 01:00:00,Zone_08,17.0,14,33.4,1,2,1,medium,0
2024-11-27 02:00:00,Zone_20,93.0,87,29.7,1,2,2,medium,1
2024-11-27 03:00:00,Zone_19,4.0,1,26.0,1,2,3,medium,0
2024-11-27 04:00:00,Zone_14,3.0,6,19.9,1,2,4,medium,0
2024-11-27 05:00:00,Zone_07,1.0,1,24.3,0,2,5,low,0
2024-11-27 06:00:00,Zone_05,22.0,14,35.9,0,2,6,low,0
2024-11-27 07:00:00,Zone_18,88.0,84,21.2,0,2,7,,0
2024-11-27 08:00:00,Zone_02,107.0,102,27.6,0,2,8,medium,0
2024-11-27 09:00:00,Zone_11,154.0,163,27.4,0,2,9,high,1
2024-11-27 10:00:00,Zone_08,29.0,36,16.7,1,2,10,low,0
2024-11-27 11:00:00,Zone_01,108.0,107,17.3,1,2,11,low,1
2024-11-27 12:00:00,Zone_12,39.0,33,34.2,1,2,12,medium,0
2024-11-27 13:00:00,Zone_02,,34,26.6,0,2,13,medium,0
2024-11-27 14:00:00,Zone_18,22.0,26,16.6,0,2,14,low,0
2024-11-27 15:00:00,Zone_07,27.0,32,19.5,1,2,15,medium,0
2024-11-27 16:00:00,Zone_17,21.0,21,14.1,1,2,16,low,0
2024-11-27 17:00:00,Zone_14,91.0,90,30.5,0,2,17,low,0
2024-11-27 18:00:00,Zone_07,86.0,76,20.0,0,2,18,low,0
2024-11-27 19:00:00,Zone_03,198.0,188,20.1,0,2,19,medium,1
2024-11-27 20:00:00,Zone_06,138.0,144,28.7,0,2,20,high,1
2024-11-27 21:00:00,Zone_20,26.0,19,8.6,1,2,21,low,0
2024-11-27 22:00:00,Zone_02,23.0,28,21.7,0,2,22,low,0
2024-11-27 23:00:00,Zone_17,33.0,41,21.9,0,2,23,medium,0
2024-11-28 00:00:00,Zone_12,16.0,10,19.7,0,3,0,high,0
2024-11-28 01:00:00,Zone_12,8.0,1,17.6,0,3,1,low,0
2024-11-28 02:00:00,Zone_17,,21,16.3,0,3,2,medium,0
2024-11-28 03:00:00,Zone_10,7.0,14,24.3,1,3,3,low,0
2024-11-28 04:00:00,Zone_03,9.0,16,13.9,0,3,4,low,0
2024-11-28 05:00:00,Zone_20,5.0,1,23.3,0,3,5,medium,0
2024-11-28 06:00:00,Zone_18,37.0,36,17.6,0,3,6,high,0
2024-11-28 07:00:00,Zone_13,163.0,171,18.1,0,3,7,medium,1
2024-11-28 08:00:00,Zone_12,106.0,98,23.6,0,3,8,high,0
2024-11-28 09:00:00,Zone_17,90.0,93,18.0,0,3,9,medium,0
2024-11-28 10:00:00,Zone_04,41.0,38,32.1,0,3,10,high,0
2024-11-28 11:00:00,Zone_10,23.0,31,20.9,1,3,11,low,0
2024-11-28 12:00:00,Zone_11,20.0,15,30.4,0,3,12,low,0
2024-11-28 13:00:00,Zone_06,26.0,24,15.9,1,3,13,medium,0
2024-11-28 14:00:00,Zone_06,131.0,136,15.7,0,3,14,medium,1
2024-11-28 15:00:00,Zone_09,23.0,18,8.7,0,3,15,low,0
2024-11-28 16:00:00,Zone_15,23.0,28,18.1,0,3,16,medium,0
2024-11-28 17:00:00,Zone_02,200.0,199,20.1,0,3,17,low,1
2024-11-28 18:00:00,Zone_04,99.0,96,22.6,0,3,18,medium,0
2024-11-28 19:00:00,Zone_05,177.0,181,27.6,0,3,19,low,1
2024-11-28 20:00:00,Zone_17,140.0,140,27.0,0,3,20,high,1
2024-11-28 21:00:00,Zone_08,14.0,14,31.1,1,3,21,low,0
2024-11-28 22:00:00,Zone_08,22.0,25,14.9,0,3,22,medium,0
2024-11-28 23:00:00,Zone_12,22.0,17,22.2,1,3,23,low,0
2024-11-29 00:00:00,Zone_08,33.0,34,14.0,0,4,0,high,0
2024-11-29 01:00:00,Zone_19,1.0,5,25.3,0,4,1,medium,0
2024-11-29 02:00:00,Zone_03,1.0,1,36.4,1,4,2,low,0
2024-11-29 03:00:00,Zone_18,84.0,84,12.4,0,4,3,low,1
2024-11-29 04:00:00,Zone_19,1.0,1,,0,4,4,low,0
2024-11-29 05:00:00,Zone_19,3.0,1,,0,4,5,medium,0
2024-11-29 06:00:00,Zone_15,35.0,34,14.9,1,4,6,medium,0
2024-11-29 07:00:00,Zone_06,79.0,78,25.5,0,4,7,low,0
2024-11-29 08:00:00,Zone_16,87.0,96,19.1,0,4,8,medium,0
2024-11-29 09:00:00,Zone_08,190.0,184,21.0,0,4,9,high,1
2024-11-29 10:00:00,Zone_16,26.0,24,18.9,0,4,10,low,0
2024-11-29 11:00:00,Zone_18,129.0,128,20.2,0,4,11,medium,1
2024-11-29 12:00:00,Zone_20,105.0,105,31.2,0,4,12,medium,1
2024-11-29 13:00:00,Zone_16,28.0,19,21.4,0,4,13,medium,0
2024-11-29 14:00:00,Zone_11,25.0,16,17.2,0,4,14,low,0
2024-11-29 15:00:00,Zone_07,14.0,17,22.6,0,4,15,low,0
2024-11-29 16:00:00,Zone_17,19.0,25,5.0,0,4,16,low,0
2024-11-29 17:00:00,Zone_17,85.0,82,15.5,1,4,17,medium,0
2024-11-29 18:00:00,Zone_12,78.0,84,32.0,0,4,18,medium,0
2024-11-29 19:00:00,Zone_13,,114,20.8,0,4,19,low,0
2024-11-29 20:00:00,Zone_10,28.0,23,18.2,0,4,20,low,0
2024-11-29 21:00:00,Zone_07,133.0,124,23.4,0,4,21,low,1
2024-11-29 22:00:00,Zone_14,43.0,52,27.9,0,4,22,high,0
2024-11-29 23:00:00,Zone_01,28.0,35,32.6,0,4,23,low,0
2024-11-30 00:00:00,Zone_17,89.0,85,18.4,0,5,0,medium,1
2024-11-30 01:00:00,Zone_04,101.0,95,18.6,1,5,1,high,1
2024-11-30 02:00:00,Zone_05,29.0,19,20.2,1,5,2,high,0
2024-11-30 03:00:00,Zone_20,14.0,21,30.2,0,5,3,medium,0
2024-11-30 04:00:00,Zone_07,1.0,1,22.5,1,5,4,low,0
2024-11-30 05:00:00,Zone_10,16.0,21,39.3,0,5,5,high,0
2024-11-30 06:00:00,Zone_17,28.0,23,20.7,0,5,6,medium,0
2024-11-30 07:00:00,Zone_07,84.0,90,36.1,0,5,7,medium,0
2024-11-30 08:00:00,Zone_01,,85,14.9,1,5,8,low,0
2024-11-30 09:00:00,Zone_07,104.0,101,10.9,1,5,9,low,0
2024-11-30 10:00:00,Zone_11,30.0,32,21.2,0,5,10,medium,0
2024-11-30 11:00:00,Zone_09,30.0,39,31.1,0,5,11,high,0
2024-11-30 12:00:00,Zone_12,39.0,32,18.2,1,5,12,high,0
2024-11-30 13:00:00,Zone_03,45.0,39,17.1,1,5,13,high,0
2024-11-30 14:00:00,Zone_04,29.0,29,30.2,1,5,14,medium,0
2024-11-30 15:00:00,Zone_04,101.0,93,27.6,0,5,15,low,1
2024-11-30 16:00:00,Zone_13,28.0,35,15.7,0,5,16,medium,0
2024-11-30 17:00:00,Zone_19,86.0,87,15.2,0,5,17,medium,0
2024-11-30 18:00:00,Zone_10,101.0,93,28.6,1,5,18,medium,0
2024-11-30 19:00:00,Zone_05,114.0,114,8.9,1,5,19,high,0
2024-11-30 20:00:00,Zone_07,39.0,43,30.6,1,5,20,medium,0
2024-11-30 21:00:00,Zone_16,20.0,12,27.5,0,5,21,low,0
2024-11-30 22:00:00,Zone_01,58.0,54,3.8,0,5,22,,0
2024-11-30 23:00:00,Zone_12,66.0,61,22.1,1,5,23,low,0
2024-12-01 00:00:00,Zone_02,83.0,75,6.2,1,6,0,medium,1
2024-12-01 01:00:00,Zone_07,23.0,18,12.4,0,6,1,high,0
2024-12-01 02:00:00,Zone_11,1.0,1,18.0,0,6,2,low,0
2024-12-01 03:00:00,Zone_13,29.0,32,11.9,0,6,3,high,0
2024-12-01 04:00:00,Zone_02,1.0,10,39.7,0,6,4,low,0
2024-12-01 05:00:00,Zone_07,34.0,26,28.9,0,6,5,high,0
2024-12-01 06:00:00,Zone_15,28.0,36,32.9,0,6,6,low,0
2024-12-01 07:00:00,Zone_11,71.0,68,20.9,0,6,7,medium,0
2024-12-01 08:00:00,Zone_02,212.0,220,22.2,0,6,8,medium,1
2024-12-01 09:00:00,Zone_07,99.0,106,34.6,1,6,9,medium,0
2024-12-01 10:00:00,Zone_04,31.0,25,25.5,0,6,10,medium,0
2024-12-01 11:00:00,Zone_11,31.0,39,26.9,1,6,11,high,0
2024-12-01 12:00:00,Zone_02,141.0,140,14.7,0,6,12,medium,1
2024-12-01 13:00:00,Zone_16,135.0,140,14.7,0,6,13,high,1
2024-12-01 14:00:00,Zone_07,31.0,39,24.1,0,6,14,medium,0
2024-12-01 15:00:00,Zone_13,120.0,117,25.0,0,6,15,medium,1
2024-12-01 16:00:00,Zone_05,107.0,105,14.0,1,6,16,low,1
2024-12-01 17:00:00,Zone_17,212.0,203,24.9,1,6,17,high,1
2024-12-01 18:00:00,Zone_12,96.0,98,12.2,0,6,18,low,0
2024-12-01 19:00:00,Zone_19,106.0,109,22.1,0,6,19,medium,0
2024-12-01 20:00:00,Zone_07,26.0,32,10.5,1,6,20,low,0
2024-12-01 21:00:00,Zone_06,25.0,24,32.6,0,6,21,medium,0
2024-12-01 22:00:00,Zone_08,83.0,78,19.5,0,6,22,high,0
2024-12-01 23:00:00,Zone_13,175.0,177,16.5,0,6,23,medium,1
2024-12-02 00:00:00,Zone_05,13.0,15,12.8,0,0,0,high,0
2024-12-02 01:00:00,Zone_02,14.0,20,12.1,1,0,1,medium,0
2024-12-02 02:00:00,Zone_09,25.0,19,25.5,0,0,2,high,0
2024-12-02 03:00:00,Zone_11,76.0,80,30.0,0,0,3,medium,1
2024-12-02 04:00:00,Zone_06,6.0,1,29.2,0,0,4,low,0
2024-12-02 05:00:00,Zone_07,13.0,21,33.2,0,0,5,medium,0
2024-12-02 06:00:00,Zone_07,99.0,90,36.0,0,0,6,medium,1
2024-12-02 07:00:00,Zone_19,71.0,69,29.7,0,0,7,low,0
2024-12-02 08:00:00,Zone_06,64.0,64,18.0,0,0,8,low,0
2024-12-02 09:00:00,Zone_11,79.0,75,23.4,0,0,9,low,0
2024-12-02 10:00:00,Zone_11,132.0,140,3.9,0,0,10,low,1
2024-12-02 11:00:00,Zone_07,138.0,128,27.1,0,0,11,medium,1
2024-12-02 12:00:00,Zone_02,30.0,37,23.2,0,0,12,medium,0
2024-12-02 13:00:00,Zone_19,29.0,24,34.8,1,0,13,medium,0
2024-12-02 14:00:00,Zone_04,39.0,44,16.1,0,0,14,high,0
2024-12-02 15:00:00,Zone_06,22.0,13,26.1,0,0,15,medium,0
2024-12-02 16:00:00,Zone_17,133.0,131,14.0,0,0,16,medium,1
2024-12-02 17:00:00,Zone_05,199.0,198,21.1,1,0,17,low,1
2024-12-02 18:00:00,Zone_07,101.0,107,8.9,0,0,18,medium,0
2024-12-02 19:00:00,Zone_09,102.0,95,32.8,0,0,19,medium,0
2024-12-02 20:00:00,Zone_01,23.0,32,30.4,1,0,20,low,0
2024-12-02 21:00:00,Zone_01,108.0,111,18.2,0,0,21,low,1
2024-12-02 22:00:00,Zone_19,35.0,41,24.1,1,0,22,medium,0
2024-12-02 23:00:00,Zone_06,46.0,41,22.3,0,0,23,high,0
2024-12-03 00:00:00,Zone_18,17.0,15,17.1,0,1,0,medium,0
2024-12-03 01:00:00,Zone_10,16.0,16,23.0,0,1,1,high,0
2024-12-03 02:00:00,Zone_11,25.0,22,18.5,1,1,2,high,0
2024-12-03 03:00:00,Zone_01,74.0,78,29.8,1,1,3,low,1
2024-12-03 04:00:00,Zone_01,5.0,14,20.3,0,1,4,low,0
2024-12-03 05:00:00,Zone_13,1.0,1,41.1,1,1,5,medium,0
2024-12-03 06:00:00,Zone_05,22.0,28,21.4,1,1,6,medium,0
2024-12-03 07:00:00,Zone_20,102.0,98,22.9,0,1,7,medium,0
2024-12-03 08:00:00,Zone_01,88.0,88,26.2,0,1,8,low,0
2024-12-03 09:00:00,Zone_20,132.0,128,28.7,0,1,9,low,1
2024-12-03 10:00:00,Zone_03,24.0,18,22.6,0,1,10,low,0
2024-12-03 11:00:00,Zone_18,48.0,53,26.1,1,1,11,high,0
2024-12-03 12:00:00,Zone_09,130.0,131,23.5,0,1,12,high,1
2024-12-03 13:00:00,Zone_14,20.0,21,15.8,0,1,13,low,0
2024-12-03 14:00:00,Zone_17,20.0,12,13.6,0,1,14,low,0
2024-12-03 15:00:00,Zone_14,33.0,39,27.6,1,1,15,low,0
2024-12-03 16:00:00,Zone_04,46.0,39,34.1,0,1,16,high,0
2024-12-03 17:00:00,Zone_05,116.0,111,9.0,0,1,17,high,0
2024-12-03 18:00:00,Zone_17,160.0,167,10.5,1,1,18,low,1
2024-12-03 19:00:00,Zone_02,76.0,81,10.4,0,1,19,low,0
2024-12-03 20:00:00,Zone_05,29.0,33,28.2,1,1,20,medium,0
2024-12-03 21:00:00,Zone_04,28.0,19,28.9,0,1,21,medium,0
2024-12-03 22:00:00,Zone_04,24.0,27,14.2,0,1,22,medium,0
2024-12-03 23:00:00,Zone_06,127.0,132,39.6,0,1,23,medium,1
2024-12-04 00:00:00,Zone_20,27.0,19,18.9,0,2,0,high,0
2024-12-04 01:00:00,Zone_13,106.0,104,33.5,1,2,1,low,1
2024-12-04 02:00:00,Zone_05,24.0,17,28.5,0,2,2,high,0
2024-12-04 03:00:00,Zone_07,114.0,114,14.3,0,2,3,low,1
2024-12-04 04:00:00,Zone_20,10.0,6,18.7,0,2,4,medium,0
2024-12-04 05:00:00,Zone_01,80.0,76,15.0,0,2,5,medium,1
2024-12-04 06:00:00,Zone_14,53.0,55,11.2,0,2,6,high,0
2024-12-04 07:00:00,Zone_04,90.0,86,20.0,0,2,7,medium,0
2024-12-04 08:00:00,Zone_17,116.0,115,12.4,0,2,8,high,0
2024-12-04 09:00:00,Zone_14,102.0,106,20.6,0,2,9,,0
2024-12-04 10:00:00,Zone_16,7.0,7,37.5,1,2,10,low,0
2024-12-04 11:00:00,Zone_14,47.0,49,27.6,0,2,11,high,0
2024-12-04 12:00:00,Zone_16,39.0,34,17.5,0,2,12,high,0
2024-12-04 13:00:00,Zone_20,139.0,132,16.9,0,2,13,medium,1
2024-12-04 14:00:00,Zone_08,20.0,20,18.8,0,2,14,medium,0
2024-12-04 15:00:00,Zone_03,40.0,49,38.6,0,2,15,high,0
2024-12-04 16:00:00,Zone_19,46.0,44,13.3,0,2,16,high,0
2024-12-04 17:00:00,Zone_01,111.0,105,22.0,0,2,17,low,0
2024-12-04 18:00:00,Zone_02,207.0,205,25.7,0,2,18,high,1
2024-12-04 19:00:00,Zone_15,103.0,101,31.7,1,2,19,high,0
2024-12-04 20:00:00,Zone_10,37.0,38,19.3,0,2,20,low,0
2024-12-04 21:00:00,Zone_18,134.0,142,14.3,0,2,21,medium,1
2024-12-04 22:00:00,Zone_14,28.0,29,24.3,0,2,22,low,0
2024-12-04 23:00:00,Zone_17,21.0,13,32.5,0,2,23,low,0
2024-12-05 00:00:00,Zone_13,125.0,118,19.8,0,3,0,medium,1
2024-12-05 01:00:00,Zone_01,18.0,26,15.3,0,3,1,high,0
2024-12-05 02:00:00,Zone_05,1.0,8,22.9,1,3,2,low,0
2024-12-05 03:00:00,Zone_13,149.0,150,9.0,0,3,3,high,1
2024-12-05 04:00:00,Zone_14,1.0,4,20.3,0,3,4,medium,0
2024-12-05 05:00:00,Zone_03,17.0,12,31.4,0,3,5,high,0
2024-12-05 06:00:00,Zone_15,157.0,161,29.0,0,3,6,high,1
2024-12-05 07:00:00,Zone_19,118.0,126,20.8,0,3,7,high,0
2024-12-05 08:00:00,Zone_17,77.0,75,35.3,0,3,8,high,0
2024-12-05 09:00:00,Zone_03,198.0,203,37.3,0,3,9,high,1
2024-12-05 10:00:00,Zone_16,25.0,20,27.3,1,3,10,low,0
2024-12-05 11:00:00,Zone_14,129.0,123,10.3,1,3,11,low,1
2024-12-05 12:00:00,Zone_12,137.0,137,7.0,1,3,12,low,1
2024-12-05 13:00:00,Zone_12,38.0,29,33.1,0,3,13,medium,0
2024-12-05 14:00:00,Zone_11,18.0,15,24.0,1,3,14,low,0
2024-12-05 15:00:00,Zone_17,134.0,142,35.1,0,3,15,low,1
2024-12-05 16:00:00,Zone_08,43.0,42,11.3,0,3,16,high,0
2024-12-05 17:00:00,Zone_17,103.0,112,20.7,1,3,17,medium,0
2024-12-05 18:00:00,Zone_20,118.0,126,30.2,1,3,18,high,0
2024-12-05 19:00:00,Zone_11,99.0,91,16.2,1,3,19,low,0
2024-12-05 20:00:00,Zone_02,121.0,112,30.1,0,3,20,medium,1
2024-12-05 21:00:00,Zone_10,26.0,34,21.0,0,3,21,low,0
2024-12-05 22:00:00,Zone_10,15.0,15,22.2,0,3,22,low,0
2024-12-05 23:00:00,Zone_11,36.0,29,12.5,0,3,23,low,0
2024-12-06 00:00:00,Zone_06,16.0,17,24.0,0,4,0,,0
2024-12-06 01:00:00,Zone_04,,1,39.5,1,4,1,low,0
2024-12-06 02:00:00,Zone_12,3.0,8,25.1,0,4,2,medium,0
2024-12-06 03:00:00,Zone_11,10.0,6,15.7,0,4,3,medium,0
2024-12-06 04:00:00,Zone_13,1.0,1,33.2,0,4,4,low,0
2024-12-06 05:00:00,Zone_05,96.0,90,15.9,0,4,5,medium,1
2024-12-06 06:00:00,Zone_06,109.0,115,35.8,0,4,6,medium,1
2024-12-06 07:00:00,Zone_01,95.0,95,11.8,0,4,7,high,0
2024-12-06 08:00:00,Zone_06,93.0,86,24.2,0,4,8,medium,0
2024-12-06 09:00:00,Zone_18,,130,34.2,0,4,9,high,0
2024-12-06 10:00:00,Zone_09,147.0,145,15.1,0,4,10,high,1
2024-12-06 11:00:00,Zone_15,28.0,25,22.7,0,4,11,medium,0
2024-12-06 12:00:00,Zone_08,128.0,124,31.3,1,4,12,medium,1
2024-12-06 13:00:00,Zone_19,107.0,114,4.0,1,4,13,low,1
2024-12-06 14:00:00,Zone_16,31.0,22,29.4,0,4,14,medium,0
2024-12-06 15:00:00,Zone_06,26.0,26,21.3,0,4,15,medium,0
2024-12-06 16:00:00,Zone_06,49.0,47,33.5,0,4,16,high,0
2024-12-06 17:00:00,Zone_03,112.0,114,15.4,0,4,17,medium,0
2024-12-06 18:00:00,Zone_10,162.0,168,10.9,0,4,18,high,1
2024-12-06 19:00:00,Zone_01,110.0,116,17.7,0,4,19,high,0
2024-12-06 20:00:00,Zone_14,123.0,122,17.5,0,4,20,high,1
2024-12-06 21:00:00,Zone_04,20.0,15,20.3,1,4,21,low,0
2024-12-06 22:00:00,Zone_12,19.0,14,18.3,0,4,22,low,0
2024-12-06 23:00:00,Zone_06,56.0,60,5.9,0,4,23,high,0
2024-12-07 00:00:00,Zone_11,25.0,25,21.2,0,5,0,high,0
2024-12-07 01:00:00,Zone_12,,95,23.9,0,5,1,low,1
2024-12-07 02:00:00,Zone_10,27.0,30,20.5,1,5,2,high,0
2024-12-07 03:00:00,Zone_18,5.0,1,24.3,1,5,3,medium,0
2024-12-07 04:00:00,Zone_07,6.0,1,22.7,0,5,4,low,0
2024-12-07 05:00:00,Zone_07,6.0,1,10.9,0,5,5,medium,0
2024-12-07 06:00:00,Zone_11,36.0,45,19.6,0,5,6,high,0
2024-12-07 07:00:00,Zone_04,77.0,85,22.9,0,5,7,medium,0
2024-12-07 08:00:00,Zone_20,85.0,89,20.1,0,5,8,high,0
2024-12-07 09:00:00,Zone_01,106.0,106,10.1,1,5,9,low,0
2024-12-07 10:00:00,Zone_13,29.0,35,31.8,0,5,10,medium,0
2024-12-07 11:00:00,Zone_18,57.0,48,14.2,0,5,11,high,0
2024-12-07 12:00:00,Zone_09,39.0,30,12.1,1,5,12,medium,0
2024-12-07 13:00:00,Zone_09,15.0,13,22.3,0,5,13,low,0
2024-12-07 14:00:00,Zone_09,34.0,43,19.5,0,5,14,medium,0
2024-12-07 15:00:00,Zone_10,40.0,48,26.8,0,5,15,high,0
2024-12-07 16:00:00,Zone_02,27.0,20,29.0,0,5,16,low,0
2024-12-07 17:00:00,Zone_06,113.0,113,27.8,1,5,17,medium,0
2024-12-07 18:00:00,Zone_15,105.0,114,22.0,0,5,18,low,0
2024-12-07 19:00:00,Zone_03,224.0,220,26.4,0,5,19,medium,1
2024-12-07 20:00:00,Zone_11,130.0,127,9.5,0,5,20,medium,1
2024-12-07 21:00:00,Zone_06,52.0,54,30.8,0,5,21,high,0
2024-12-07 22:00:00,Zone_03,56.0,57,18.8,0,5,22,medium,0
2024-12-07 23:00:00,Zone_11,64.0,70,37.8,1,5,23,medium,0
2024-12-08 00:00:00,Zone_15,132.0,131,31.0,1,6,0,high,1
2024-12-08 01:00:00,Zone_13,1.0,6,20.4,1,6,1,low,0
2024-12-08 02:00:00,Zone_20,12.0,15,22.2,0,6,2,medium,0
2024-12-08 03:00:00,Zone_10,21.0,13,31.5,0,6,3,high,0
2024-12-08 04:00:00,Zone_06,112.0,102,3.9,0,6,4,low,1
2024-12-08 05:00:00,Zone_15,1.0,1,20.7,0,6,5,low,0
2024-12-08 06:00:00,Zone_18,29.0,19,35.6,1,6,6,medium,0
2024-12-08 07:00:00,Zone_18,191.0,190,28.8,0,6,7,medium,1
2024-12-08 08:00:00,Zone_07,97.0,89,15.3,0,6,8,low,0
2024-12-08 09:00:00,Zone_15,112.0,119,24.5,0,6,9,high,0
2024-12-08 10:00:00,Zone_18,26.0,21,14.2,1,6,10,medium,0
2024-12-08 11:00:00,Zone_18,39.0,34,19.3,0,6,11,high,0
2024-12-08 12:00:00,Zone_20,122.0,118,24.7,0,6,12,low,1
2024-12-08 13:00:00,Zone_09,149.0,157,26.1,0,6,13,high,1
2024-12-08 14:00:00,Zone_02,118.0,113,27.8,0,6,14,high,1
2024-12-08 15:00:00,Zone_08,,43,31.9,1,6,15,high,0
2024-12-08 16:00:00,Zone_20,27.0,35,12.5,0,6,16,medium,0
2024-12-08 17:00:00,Zone_02,162.0,157,22.2,0,6,17,medium,1
2024-12-08 18:00:00,Zone_11,119.0,128,15.2,1,6,18,medium,0
2024-12-08 19:00:00,Zone_07,114.0,105,18.8,0,6,19,high,0
2024-12-08 20:00:00,Zone_06,116.0,112,16.0,0,6,20,high,1
2024-12-08 21:00:00,Zone_10,23.0,17,26.0,0,6,21,low,0
2024-12-08 22:00:00,Zone_05,81.0,80,30.4,0,6,22,high,0
2024-12-08 23:00:00,Zone_11,65.0,67,30.9,0,6,23,high,0
2024-12-09 00:00:00,Zone_01,12.0,13,13.2,1,0,0,medium,0
2024-12-09 01:00:00,Zone_02,131.0,125,21.0,0,0,1,low,1
2024-12-09 02:00:00,Zone_01,26.0,27,12.9,1,0,2,high,0
2024-12-09 03:00:00,Zone_19,9.0,16,12.7,0,0,3,medium,0
2024-12-09 04:00:00,Zone_02,,84,16.7,1,0,4,high,1
2024-12-09 05:00:00,Zone_20,31.0,24,24.7,0,0,5,high,0
2024-12-09 06:00:00,Zone_04,21.0,21,26.2,1,0,6,low,0
2024-12-09 07:00:00,Zone_12,91.0,99,27.2,1,0,7,medium,0
2024-12-09 08:00:00,Zone_20,66.0,58,26.7,0,0,8,medium,0
2024-12-09 09:00:00,Zone_18,115.0,111,15.2,1,0,9,high,0
2024-12-09 10:00:00,Zone_01,29.0,27,31.5,0,0,10,low,0
2024-12-09 11:00:00,Zone_01,21.0,14,28.4,0,0,11,low,0
2024-12-09 12:00:00,Zone_14,38.0,38,18.7,0,0,12,high,0
2024-12-09 13:00:00,Zone_04,26.0,34,19.0,1,0,13,low,0
2024-12-09 14:00:00,Zone_05,118.0,108,16.7,1,0,14,medium,1
2024-12-09 15:00:00,Zone_11,19.0,12,11.7,0,0,15,low,0
2024-12-09 16:00:00,Zone_13,104.0,102,27.3,0,0,16,medium,1
2024-12-09 17:00:00,Zone_16,92.0,91,28.6,0,0,17,medium,0
2024-12-09 18:00:00,Zone_13,129.0,125,14.6,0,0,18,medium,0
2024-12-09 19:00:00,Zone_02,117.0,122,12.1,0,0,19,high,0
2024-12-09 20:00:00,Zone_16,27.0,26,14.5,1,0,20,low,0
2024-12-09 21:00:00,Zone_06,34.0,33,22.9,0,0,21,medium,0
2024-12-09 22:00:00,Zone_14,20.0,10,10.9,0,0,22,medium,0
2024-12-09 23:00:00,Zone_01,39.0,32,31.0,0,0,23,medium,0
2024-12-10 00:00:00,Zone_17,9.0,1,30.5,1,1,0,medium,0
2024-12-10 01:00:00,Zone_11,1.0,1,25.4,1,1,1,low,0
2024-12-10 02:00:00,Zone_19,105.0,107,28.5,0,1,2,high,1
2024-12-10 03:00:00,Zone_03,2.0,3,22.5,0,1,3,medium,0
2024-12-10 04:00:00,Zone_11,126.0,132,25.7,0,1,4,low,1
2024-12-10 05:00:00,Zone_05,3.0,11,11.6,1,1,5,medium,0
2024-12-10 06:00:00,Zone_17,19.0,18,33.1,0,1,6,low,0
2024-12-10 07:00:00,Zone_07,201.0,201,18.1,1,1,7,low,1
2024-12-10 08:00:00,Zone_10,92.0,89,21.0,1,1,8,low,0
2024-12-10 09:00:00,Zone_11,89.0,98,41.9,0,1,9,low,0
2024-12-10 10:00:00,Zone_03,33.0,29,20.2,0,1,10,low,0
2024-12-10 11:00:00,Zone_20,25.0,16,27.9,0,1,11,medium,0
2024-12-10 12:00:00,Zone_10,25.0,26,26.1,0,1,12,medium,0
2024-12-10 13:00:00,Zone_10,35.0,31,11.3,1,1,13,medium,0
2024-12-10 14:00:00,Zone_14,25.0,22,14.0,0,1,14,low,0
2024-12-10 15:00:00,Zone_12,31.0,28,38.3,0,1,15,high,0
2024-12-10 16:00:00,Zone_15,47.0,51,26.6,0,1,16,high,0
2024-12-10 17:00:00,Zone_10,130.0,135,21.9,0,1,17,high,0
2024-12-10 18:00:00,Zone_10,109.0,102,17.7,0,1,18,medium,0
2024-12-10 19:00:00,Zone_19,184.0,182,24.6,1,1,19,medium,1
2024-12-10 20:00:00,Zone_01,26.0,19,25.3,0,1,20,low,0
2024-12-10 21:00:00,Zone_10,143.0,150,23.8,1,1,21,high,1
2024-12-10 22:00:00,Zone_02,116.0,106,30.6,0,1,22,low,1
2024-12-10 23:00:00,Zone_17,25.0,26,15.1,0,1,23,low,0
2024-12-11 00:00:00,Zone_07,1.0,8,14.0,0,2,0,medium,0
2024-12-11 01:00:00,Zone_07,1.0,1,30.3,0,2,1,medium,0
2024-12-11 02:00:00,Zone_20,1.0,3,38.9,0,2,2,medium,0
2024-12-11 03:00:00,Zone_09,,11,28.7,0,2,3,low,0
2024-12-11 04:00:00,Zone_02,8.0,1,32.4,0,2,4,medium,0
2024-12-11 05:00:00,Zone_14,28.0,18,21.4,0,2,5,high,0
2024-12-11 06:00:00,Zone_17,46.0,48,24.1,0,2,6,high,0
2024-12-11 07:00:00,Zone_01,85.0,76,24.0,0,2,7,medium,0
2024-12-11 08:00:00,Zone_09,90.0,94,21.6,0,2,8,medium,0
2024-12-11 09:00:00,Zone_20,93.0,84,33.3,1,2,9,low,0
2024-12-11 10:00:00,Zone_19,24.0,25,30.9,0,2,10,low,0
2024-12-11 11:00:00,Zone_04,103.0,110,18.8,0,2,11,low,1
2024-12-11 12:00:00,Zone_08,24.0,21,8.8,1,2,12,medium,0
2024-12-11 13:00:00,Zone_13,85.0,77,21.5,0,2,13,medium,1
2024-12-11 14:00:00,Zone_04,33.0,25,12.8,0,2,14,medium,0
2024-12-11 15:00:00,Zone_09,20.0,10,22.2,0,2,15,low,0
2024-12-11 16:00:00,Zone_09,19.0,12,13.4,1,2,16,,0
2024-12-11 17:00:00,Zone_18,82.0,76,32.1,0,2,17,low,0
2024-12-11 18:00:00,Zone_12,130.0,132,27.5,0,2,18,high,0
2024-12-11 19:00:00,Zone_10,118.0,120,27.3,0,2,19,,0
2024-12-11 20:00:00,Zone_11,22.0,14,,0,2,20,medium,0
2024-12-11 21:00:00,Zone_07,33.0,30,25.1,0,2,21,medium,0
2024-12-11 22:00:00,Zone_09,131.0,126,26.4,0,2,22,low,1
2024-12-11 23:00:00,Zone_06,99.0,89,33.5,1,2,23,low,1
2024-12-12 00:00:00,Zone_19,12.0,4,20.9,0,3,0,medium,0
2024-12-12 01:00:00,Zone_16,86.0,85,26.8,1,3,1,low,1
2024-12-12 02:00:00,Zone_15,115.0,124,13.6,1,3,2,medium,1
2024-12-12 03:00:00,Zone_07,27.0,32,22.6,0,3,3,high,0
2024-12-12 04:00:00,Zone_16,1.0,1,40.1,0,3,4,low,0
2024-12-12 05:00:00,Zone_05,2.0,7,28.5,0,3,5,medium,0
2024-12-12 06:00:00,Zone_16,43.0,45,21.3,1,3,6,high,0
2024-12-12 07:00:00,Zone_01,95.0,88,24.1,0,3,7,medium,0
2024-12-12 08:00:00,Zone_19,113.0,110,21.8,0,3,8,high,0
2024-12-12 09:00:00,Zone_05,89.0,96,23.9,0,3,9,low,0
2024-12-12 10:00:00,Zone_07,34.0,38,18.8,1,3,10,medium,0
2024-12-12 11:00:00,Zone_19,24.0,26,26.0,0,3,11,medium,0
2024-12-12 12:00:00,Zone_05,40.0,30,26.2,1,3,12,high,0
2024-12-12 13:00:00,Zone_17,15.0,9,22.1,0,3,13,low,0
2024-12-12 14:00:00,Zone_08,137.0,138,23.1,0,3,14,low,1
2024-12-12 15:00:00,Zone_01,23.0,13,24.7,0,3,15,low,0
2024-12-12 16:00:00,Zone_02,169.0,171,17.8,0,3,16,high,1
2024-12-12 17:00:00,Zone_15,84.0,91,25.9,0,3,17,medium,0
2024-12-12 18:00:00,Zone_20,105.0,107,28.2,0,3,18,high,0
2024-12-12 19:00:00,Zone_18,104.0,106,33.7,0,3,19,low,0
2024-12-12 20:00:00,Zone_11,137.0,132,24.5,0,3,20,low,1
2024-12-12 21:00:00,Zone_10,25.0,31,17.6,0,3,21,low,0
2024-12-12 22:00:00,Zone_04,34.0,42,21.2,0,3,22,medium,0
2024-12-12 23:00:00,Zone_05,156.0,165,12.9,0,3,23,high,1
2024-12-13 00:00:00,Zone_04,20.0,19,27.8,0,4,0,medium,0
2024-12-13 01:00:00,Zone_13,15.0,9,5.5,0,4,1,high,0
2024-12-13 02:00:00,Zone_13,14.0,12,30.2,0,4,2,low,0
2024-12-13 03:00:00,Zone_18,17.0,11,31.2,0,4,3,medium,0
2024-12-13 04:00:00,Zone_02,1.0,4,0.0,0,4,4,medium,0
2024-12-13 05:00:00,Zone_16,1.0,1,32.2,0,4,5,low,0
2024-12-13 06:00:00,Zone_01,20.0,25,30.2,1,4,6,low,0
2024-12-13 07:00:00,Zone_19,91.0,82,19.7,0,4,7,medium,0
2024-12-13 08:00:00,Zone_09,158.0,161,12.5,0,4,8,low,1
2024-12-13 09:00:00,Zone_03,102.0,109,15.3,0,4,9,high,0
2024-12-13 10:00:00,Zone_07,118.0,113,15.9,1,4,10,high,1
2024-12-13 11:00:00,Zone_10,114.0,113,32.5,0,4,11,medium,1
2024-12-13 12:00:00,Zone_01,20.0,15,18.4,0,4,12,medium,0
2024-12-13 13:00:00,Zone_10,28.0,27,29.2,1,4,13,low,0
2024-12-13 14:00:00,Zone_09,23.0,18,21.0,1,4,14,low,0
2024-12-13 15:00:00,Zone_15,48.0,40,22.4,0,4,15,high,0
2024-12-13 16:00:00,Zone_15,33.0,34,9.4,1,4,16,medium,0
2024-12-13 17:00:00,Zone_03,105.0,114,12.8,1,4,17,medium,0
2024-12-13 18:00:00,Zone_05,215.0,224,32.3,1,4,18,high,1
2024-12-13 19:00:00,Zone_09,106.0,98,20.8,1,4,19,medium,0
2024-12-13 20:00:00,Zone_09,24.0,14,24.4,1,4,20,low,0
2024-12-13 21:00:00,Zone_07,53.0,62,36.5,1,4,21,high,0
2024-12-13 22:00:00,Zone_12,24.0,27,21.0,0,4,22,medium,0
2024-12-13 23:00:00,Zone_09,51.0,43,20.5,0,4,23,high,0
2024-12-14 00:00:00,Zone_06,14.0,19,31.6,0,5,0,medium,0
2024-12-14 01:00:00,Zone_02,1.0,4,22.1,0,5,1,low,0
2024-12-14 02:00:00,Zone_09,1.0,1,24.6,0,5,2,low,0
2024-12-14 03:00:00,Zone_17,14.0,9,30.0,0,5,3,medium,0
2024-12-14 04:00:00,Zone_01,18.0,16,22.0,0,5,4,medium,0
2024-12-14 05:00:00,Zone_19,10.0,1,28.3,1,5,5,medium,0
2024-12-14 06:00:00,Zone_06,28.0,26,21.1,0,5,6,medium,0
2024-12-14 07:00:00,Zone_05,69.0,70,,0,5,7,medium,0
2024-12-14 08:00:00,Zone_02,83.0,74,25.4,0,5,8,low,0
2024-12-14 09:00:00,Zone_09,77.0,77,20.2,0,5,9,medium,0
2024-12-14 10:00:00,Zone_14,19.0,22,22.6,0,5,10,low,0
2024-12-14 11:00:00,Zone_04,28.0,20,2.4,1,5,11,medium,0
2024-12-14 12:00:00,Zone_04,27.0,29,31.6,1,5,12,medium,0
2024-12-14 13:00:00,Zone_15,24.0,22,,0,5,13,low,0
2024-12-14 14:00:00,Zone_08,19.0,16,13.4,0,5,14,medium,0
2024-12-14 15:00:00,Zone_04,30.0,28,18.5,1,5,15,medium,0
2024-12-14 16:00:00,Zone_16,24.0,21,7.7,0,5,16,low,0
2024-12-14 17:00:00,Zone_04,95.0,100,25.7,1,5,17,high,0
2024-12-14 18:00:00,Zone_16,176.0,168,24.9,0,5,18,low,1
2024-12-14 19:00:00,Zone_12,85.0,78,18.1,0,5,19,medium,0
2024-12-14 20:00:00,Zone_16,30.0,20,16.6,1,5,20,low,0
2024-12-14 21:00:00,Zone_19,154.0,150,16.5,1,5,21,high,1
2024-12-14 22:00:00,Zone_08,91.0,98,26.9,1,5,22,high,0
2024-12-14 23:00:00,Zone_06,,91,9.3,0,5,23,medium,0
2024-12-15 00:00:00,Zone_10,28.0,25,18.7,1,6,0,high,0
2024-12-15 01:00:00,Zone_05,64.0,63,9.8,0,6,1,low,1
2024-12-15 02:00:00,Zone_18,1.0,6,28.1,0,6,2,low,0
2024-12-15 03:00:00,Zone_10,12.0,12,19.3,0,6,3,low,0
2024-12-15 04:00:00,Zone_10,1.0,1,26.4,1,6,4,low,0
2024-12-15 05:00:00,Zone_07,1.0,3,32.0,0,6,5,medium,0
2024-12-15 06:00:00,Zone_18,125.0,123,32.1,0,6,6,medium,1
2024-12-15 07:00:00,Zone_01,72.0,65,13.8,0,6,7,medium,0
2024-12-15 08:00:00,Zone_07,102.0,94,24.5,0,6,8,medium,0
2024-12-15 09:00:00,Zone_01,105.0,104,31.0,0,6,9,low,0
2024-12-15 10:00:00,Zone_15,33.0,27,27.6,0,6,10,low,0
2024-12-15 11:00:00,Zone_04,27.0,28,28.4,0,6,11,medium,0
2024-12-15 12:00:00,Zone_20,29.0,20,7.7,0,6,12,medium,0
2024-12-15 13:00:00,Zone_10,31.0,32,27.4,0,6,13,low,0
2024-12-15 14:00:00,Zone_09,26.0,21,15.7,1,6,14,low,0
2024-12-15 15:00:00,Zone_02,24.0,28,27.3,0,6,15,medium,0
2024-12-15 16:00:00,Zone_14,26.0,19,27.1,0,6,16,low,0
2024-12-15 17:00:00,Zone_16,238.0,238,26.7,0,6,17,high,1
2024-12-15 18:00:00,Zone_01,77.0,76,21.1,1,6,18,low,0
2024-12-15 19:00:00,Zone_02,79.0,75,32.5,0,6,19,low,0
2024-12-15 20:00:00,Zone_07,123.0,121,26.1,0,6,20,medium,1
2024-12-15 21:00:00,Zone_10,49.0,56,24.6,0,6,21,high,0
2024-12-15 22:00:00,Zone_20,81.0,85,14.5,1,6,22,medium,0
2024-12-15 23:00:00,Zone_01,72.0,72,25.2,0,6,23,medium,0
2024-12-16 00:00:00,Zone_13,2.0,1,37.8,1,0,0,low,0
2024-12-16 01:00:00,Zone_01,4.0,1,10.9,1,0,1,medium,0
2024-12-16 02:00:00,Zone_05,1.0,1,27.8,0,0,2,low,0
2024-12-16 03:00:00,Zone_16,7.0,16,28.8,0,0,3,medium,0
2024-12-16 04:00:00,Zone_15,1.0,1,35.8,0,0,4,medium,0
2024-12-16 05:00:00,Zone_17,13.0,21,27.8,0,0,5,low,0
2024-12-16 06:00:00,Zone_16,22.0,13,22.1,0,0,6,low,0
2024-12-16 07:00:00,Zone_13,181.0,188,25.4,1,0,7,high,1
2024-12-16 08:00:00,Zone_11,156.0,159,19.9,1,0,8,medium,1
2024-12-16 09:00:00,Zone_17,122.0,116,31.8,0,0,9,high,0
2024-12-16 10:00:00,Zone_17,25.0,32,9.6,0,0,10,low,0
2024-12-16 11:00:00,Zone_02,151.0,153,18.1,0,0,11,medium,1
2024-12-16 12:00:00,Zone_13,24.0,32,,0,0,12,low,0
2024-12-16 13:00:00,Zone_14,23.0,27,31.4,0,0,13,low,0
2024-12-16 14:00:00,Zone_11,36.0,43,21.9,0,0,14,medium,0
2024-12-16 15:00:00,Zone_10,106.0,99,15.7,1,0,15,high,1
2024-12-16 16:00:00,Zone_03,24.0,15,20.3,0,0,16,low,0
2024-12-16 17:00:00,Zone_17,97.0,98,19.1,1,0,17,high,0
2024-12-16 18:00:00,Zone_15,111.0,106,19.4,0,0,18,medium,0
2024-12-16 19:00:00,Zone_09,77.0,81,18.5,0,0,19,low,0
2024-12-16 20:00:00,Zone_10,53.0,59,18.5,0,0,20,high,0
2024-12-16 21:00:00,Zone_08,39.0,35,8.3,0,0,21,medium,0
2024-12-16 22:00:00,Zone_13,28.0,20,24.4,0,0,22,medium,0
2024-12-16 23:00:00,Zone_18,26.0,17,27.4,0,0,23,medium,0
2024-12-17 00:00:00,Zone_05,16.0,13,34.0,0,1,0,medium,0
2024-12-17 01:00:00,Zone_06,23.0,15,28.9,0,1,1,high,0
2024-12-17 02:00:00,Zone_17,1.0,8,28.5,0,1,2,low,0
2024-12-17 03:00:00,Zone_11,15.0,20,24.4,0,1,3,low,0
2024-12-17 04:00:00,Zone_20,16.0,11,7.9,0,1,4,high,0
2024-12-17 05:00:00,Zone_16,17.0,24,24.2,0,1,5,high,0
2024-12-17 06:00:00,Zone_09,43.0,34,22.9,0,1,6,medium,0
2024-12-17 07:00:00,Zone_02,80.0,70,30.2,0,1,7,low,0
2024-12-17 08:00:00,Zone_05,183.0,181,26.5,1,1,8,medium,1
2024-12-17 09:00:00,Zone_01,60.0,53,21.0,0,1,9,low,0
2024-12-17 10:00:00,Zone_04,16.0,17,37.7,0,1,10,medium,0
2024-12-17 11:00:00,Zone_04,23.0,16,28.8,0,1,11,low,0
2024-12-17 12:00:00,Zone_03,33.0,35,24.7,0,1,12,medium,0
2024-12-17 13:00:00,Zone_09,28.0,37,25.6,1,1,13,low,0
2024-12-17 14:00:00,Zone_12,128.0,130,22.5,0,1,14,medium,1
2024-12-17 15:00:00,Zone_10,97.0,103,22.1,0,1,15,medium,1
2024-12-17 16:00:00,Zone_02,11.0,12,4.6,0,1,16,medium,0
2024-12-17 17:00:00,Zone_11,104.0,103,14.7,0,1,17,low,0
2024-12-17 18:00:00,Zone_10,207.0,210,17.7,1,1,18,low,1
2024-12-17 19:00:00,Zone_06,142.0,142,25.6,1,1,19,low,1
2024-12-17 20:00:00,Zone_18,27.0,24,8.8,0,1,20,medium,0
2024-12-17 21:00:00,Zone_02,24.0,26,17.8,0,1,21,medium,0
2024-12-17 22:00:00,Zone_02,23.0,18,16.8,0,1,22,low,0
2024-12-17 23:00:00,Zone_10,30.0,31,22.9,0,1,23,medium,0
2024-12-18 00:00:00,Zone_16,105.0,110,25.6,0,2,0,medium,1
2024-12-18 01:00:00,Zone_12,8.0,4,16.8,1,2,1,medium,0
2024-12-18 02:00:00,Zone_01,117.0,107,17.4,0,2,2,low,1
2024-12-18 03:00:00,Zone_08,79.0,73,16.6,0,2,3,high,1
2024-12-18 04:00:00,Zone_16,26.0,31,18.9,1,2,4,high,0
2024-12-18 05:00:00,Zone_18,21.0,26,21.6,1,2,5,,0
2024-12-18 06:00:00,Zone_13,28.0,32,32.5,0,2,6,medium,0
2024-12-18 07:00:00,Zone_15,110.0,115,13.9,1,2,7,high,0
2024-12-18 08:00:00,Zone_12,64.0,59,36.0,1,2,8,low,0
2024-12-18 09:00:00,Zone_08,147.0,144,12.1,1,2,9,medium,1
2024-12-18 10:00:00,Zone_10,23.0,29,29.6,0,2,10,medium,0
2024-12-18 11:00:00,Zone_14,35.0,32,18.2,1,2,11,medium,0
2024-12-18 12:00:00,Zone_05,123.0,119,14.7,0,2,12,medium,1
2024-12-18 13:00:00,Zone_18,141.0,132,32.5,0,2,13,low,1
2024-12-18 14:00:00,Zone_19,37.0,39,22.7,0,2,14,high,0
2024-12-18 15:00:00,Zone_15,106.0,99,,0,2,15,medium,1
2024-12-18 16:00:00,Zone_06,154.0,154,19.8,0,2,16,high,1
2024-12-18 17:00:00,Zone_11,96.0,89,17.3,0,2,17,low,0
2024-12-18 18:00:00,Zone_11,101.0,100,20.6,0,2,18,medium,0
2024-12-18 19:00:00,Zone_20,77.0,82,,0,2,19,medium,0
2024-12-18 20:00:00,Zone_20,35.0,26,7.2,1,2,20,,0
2024-12-18 21:00:00,Zone_18,16.0,14,25.1,0,2,21,medium,0
2024-12-18 22:00:00,Zone_18,,12,31.5,0,2,22,low,0
2024-12-18 23:00:00,Zone_10,112.0,107,32.9,0,2,23,low,1
2024-12-19 00:00:00,Zone_02,5.0,2,14.3,0,3,0,medium,0
2024-12-19 01:00:00,Zone_09,13.0,6,23.5,0,3,1,medium,0
2024-12-19 02:00:00,Zone_14,1.0,1,4.5,0,3,2,low,0
2024-12-19 03:00:00,Zone_19,12.0,18,19.2,1,3,3,medium,0
2024-12-19 04:00:00,Zone_10,14.0,18,28.6,0,3,4,medium,0
2024-12-19 05:00:00,Zone_04,20.0,10,,0,3,5,medium,0
2024-12-19 06:00:00,Zone_06,26.0,34,19.3,0,3,6,low,0
2024-12-19 07:00:00,Zone_14,78.0,81,21.9,0,3,7,medium,0
2024-12-19 08:00:00,Zone_04,163.0,159,32.3,0,3,8,medium,1
2024-12-19 09:00:00,Zone_15,97.0,88,20.0,0,3,9,medium,0
2024-12-19 10:00:00,Zone_16,38.0,38,22.6,0,3,10,high,0
2024-12-19 11:00:00,Zone_07,26.0,31,34.2,1,3,11,medium,0
2024-12-19 12:00:00,Zone_17,122.0,126,20.2,0,3,12,low,1
2024-12-19 13:00:00,Zone_19,27.0,22,8.9,0,3,13,low,0
2024-12-19 14:00:00,Zone_19,18.0,16,32.9,1,3,14,low,0
2024-12-19 15:00:00,Zone_17,20.0,13,30.1,0,3,15,low,0
2024-12-19 16:00:00,Zone_06,25.0,27,4.3,0,3,16,high,0
2024-12-19 17:00:00,Zone_11,102.0,99,21.0,1,3,17,high,0
2024-12-19 18:00:00,Zone_16,104.0,96,21.8,0,3,18,medium,0
2024-12-19 19:00:00,Zone_08,83.0,76,32.9,0,3,19,low,0
2024-12-19 20:00:00,Zone_11,122.0,119,21.9,0,3,20,low,1
2024-12-19 21:00:00,Zone_07,132.0,141,23.3,0,3,21,high,1
2024-12-19 22:00:00,Zone_19,40.0,35,23.6,0,3,22,high,0
2024-12-19 23:00:00,Zone_10,8.0,1,18.3,0,3,23,low,0
2024-12-20 00:00:00,Zone_09,9.0,1,32.4,0,4,0,medium,0
2024-12-20 01:00:00,Zone_04,7.0,1,15.7,0,4,1,low,0
2024-12-20 02:00:00,Zone_15,90.0,98,18.1,0,4,2,low,1
2024-12-20 03:00:00,Zone_13,1.0,3,22.0,0,4,3,low,0
2024-12-20 04:00:00,Zone_02,6.0,1,11.3,1,4,4,medium,0
2024-12-20 05:00:00,Zone_02,3.0,1,36.1,0,4,5,low,0
2024-12-20 06:00:00,Zone_16,123.0,122,22.0,0,4,6,low,1
2024-12-20 07:00:00,Zone_09,76.0,80,28.6,0,4,7,low,0
2024-12-20 08:00:00,Zone_13,94.0,89,14.3,1,4,8,low,0
2024-12-20 09:00:00,Zone_03,111.0,108,27.7,0,4,9,medium,0
2024-12-20 10:00:00,Zone_09,25.0,18,28.4,0,4,10,low,0
2024-12-20 11:00:00,Zone_13,48.0,42,29.5,0,4,11,high,0
2024-12-20 12:00:00,Zone_02,20.0,28,37.2,1,4,12,low,0
2024-12-20 13:00:00,Zone_08,24.0,29,17.5,1,4,13,low,0
2024-12-20 14:00:00,Zone_09,24.0,24,20.5,1,4,14,low,0
2024-12-20 15:00:00,Zone_16,31.0,27,15.2,0,4,15,low,0
2024-12-20 16:00:00,Zone_02,28.0,21,21.2,0,4,16,low,0
2024-12-20 17:00:00,Zone_06,117.0,113,,0,4,17,low,0
2024-12-20 18:00:00,Zone_08,105.0,106,26.9,1,4,18,high,0
2024-12-20 19:00:00,Zone_05,163.0,155,35.1,0,4,19,medium,1
2024-12-20 20:00:00,Zone_09,46.0,48,25.9,0,4,20,,0
2024-12-20 21:00:00,Zone_01,24.0,19,22.0,1,4,21,low,0
2024-12-20 22:00:00,Zone_09,31.0,32,13.3,0,4,22,medium,0
2024-12-20 23:00:00,Zone_10,142.0,135,28.9,1,4,23,low,1
2024-12-21 00:00:00,Zone_04,85.0,81,20.7,0,5,0,medium,1
2024-12-21 01:00:00,Zone_03,18.0,14,29.1,0,5,1,high,0
2024-12-21 02:00:00,Zone_10,26.0,27,18.6,0,5,2,high,0
2024-12-21 03:00:00,Zone_15,6.0,9,31.6,0,5,3,low,0
2024-12-21 04:00:00,Zone_11,99.0,98,25.1,0,5,4,low,1
2024-12-21 05:00:00,Zone_14,104.0,100,29.9,1,5,5,low,1
2024-12-21 06:00:00,Zone_06,19.0,13,25.1,0,5,6,low,0
2024-12-21 07:00:00,Zone_12,88.0,82,14.6,0,5,7,low,0
2024-12-21 08:00:00,Zone_13,92.0,100,19.1,0,5,8,low,0
2024-12-21 09:00:00,Zone_17,83.0,84,11.8,0,5,9,low,0
2024-12-21 10:00:00,Zone_16,30.0,28,23.5,0,5,10,medium,0
2024-12-21 11:00:00,Zone_03,96.0,86,10.3,1,5,11,medium,1
2024-12-21 12:00:00,Zone_02,46.0,55,24.4,1,5,12,high,0
2024-12-21 13:00:00,Zone_11,14.0,14,0.0,1,5,13,low,0
2024-12-21 14:00:00,Zone_09,19.0,19,28.5,1,5,14,low,0
2024-12-21 15:00:00,Zone_03,31.0,39,13.2,0,5,15,medium,0
2024-12-21 16:00:00,Zone_18,26.0,30,14.4,0,5,16,medium,0
2024-12-21 17:00:00,Zone_20,107.0,100,33.0,0,5,17,low,0
2024-12-21 18:00:00,Zone_15,117.0,124,24.6,0,5,18,high,0
2024-12-21 19:00:00,Zone_14,221.0,217,28.8,1,5,19,low,1
2024-12-21 20:00:00,Zone_02,86.0,91,14.0,0,5,20,medium,1
2024-12-21 21:00:00,Zone_17,28.0,23,29.7,0,5,21,medium,0
2024-12-21 22:00:00,Zone_08,74.0,76,20.9,0,5,22,low,0
2024-12-21 23:00:00,Zone_10,45.0,54,22.9,0,5,23,medium,0
2024-12-22 00:00:00,Zone_18,8.0,11,33.9,0,6,0,medium,0
2024-12-22 01:00:00,Zone_19,6.0,1,12.7,0,6,1,low,0
2024-12-22 02:00:00,Zone_08,142.0,141,29.3,0,6,2,high,1
2024-12-22 03:00:00,Zone_08,7.0,12,25.1,1,6,3,low,0
2024-12-22 04:00:00,Zone_03,82.0,78,20.3,0,6,4,medium,1
2024-12-22 05:00:00,Zone_03,1.0,4,13.2,0,6,5,low,0
2024-12-22 06:00:00,Zone_12,30.0,20,20.2,0,6,6,medium,0
2024-12-22 07:00:00,Zone_17,87.0,77,15.5,0,6,7,low,0
2024-12-22 08:00:00,Zone_04,113.0,113,31.5,1,6,8,high,0
2024-12-22 09:00:00,Zone_17,173.0,176,22.7,1,6,9,medium,1
2024-12-22 10:00:00,Zone_14,110.0,104,16.6,0,6,10,low,1
2024-12-22 11:00:00,Zone_19,26.0,20,10.5,0,6,11,low,0
2024-12-22 12:00:00,Zone_09,137.0,129,18.3,0,6,12,high,1
2024-12-22 13:00:00,Zone_12,46.0,49,31.9,1,6,13,high,0
2024-12-22 14:00:00,Zone_05,35.0,40,22.9,0,6,14,medium,0
2024-12-22 15:00:00,Zone_11,23.0,30,20.6,1,6,15,medium,0
2024-12-22 16:00:00,Zone_20,39.0,38,35.6,0,6,16,high,0
2024-12-22 17:00:00,Zone_03,101.0,95,18.7,0,6,17,low,0
2024-12-22 18:00:00,Zone_15,92.0,83,15.5,1,6,18,medium,0
2024-12-22 19:00:00,Zone_14,120.0,119,25.2,0,6,19,medium,0
2024-12-22 20:00:00,Zone_11,129.0,132,25.4,0,6,20,medium,1
2024-12-22 21:00:00,Zone_20,25.0,28,17.3,0,6,21,low,0
2024-12-22 22:00:00,Zone_08,73.0,77,15.6,0,6,22,medium,0
2024-12-22 23:00:00,Zone_04,57.0,58,33.6,0,6,23,medium,0
2024-12-23 00:00:00,Zone_12,124.0,122,18.5,1,0,0,high,1
2024-12-23 01:00:00,Zone_08,2.0,1,10.4,0,0,1,medium,0
2024-12-23 02:00:00,Zone_06,25.0,29,23.5,0,0,2,high,0
2024-12-23 03:00:00,Zone_15,25.0,34,29.2,0,0,3,high,0
2024-12-23 04:00:00,Zone_12,5.0,10,20.5,0,0,4,medium,0
2024-12-23 05:00:00,Zone_16,4.0,13,26.3,0,0,5,low,0
2024-12-23 06:00:00,Zone_16,26.0,23,13.6,0,0,6,medium,0
2024-12-23 07:00:00,Zone_20,83.0,90,27.0,0,0,7,high,0
2024-12-23 08:00:00,Zone_20,75.0,74,14.4,0,0,8,low,0
2024-12-23 09:00:00,Zone_04,69.0,67,24.4,0,0,9,medium,0
2024-12-23 10:00:00,Zone_11,30.0,31,28.1,1,0,10,low,0
2024-12-23 11:00:00,Zone_13,,31,22.8,0,0,11,low,0
2024-12-23 12:00:00,Zone_09,19.0,28,12.1,0,0,12,medium,0
2024-12-23 13:00:00,Zone_04,105.0,97,12.5,0,0,13,medium,1
2024-12-23 14:00:00,Zone_12,22.0,21,34.7,1,0,14,medium,0
2024-12-23 15:00:00,Zone_09,155.0,152,,0,0,15,high,1
2024-12-23 16:00:00,Zone_13,19.0,9,28.1,0,0,16,low,0
2024-12-23 17:00:00,Zone_16,70.0,66,22.9,0,0,17,low,0
2024-12-23 18:00:00,Zone_06,115.0,113,14.0,0,0,18,high,0
2024-12-23 19:00:00,Zone_10,102.0,104,17.7,0,0,19,medium,0
2024-12-23 20:00:00,Zone_13,123.0,128,35.6,0,0,20,low,1
2024-12-23 21:00:00,Zone_07,24.0,19,45.0,0,0,21,medium,0
2024-12-23 22:00:00,Zone_19,44.0,47,19.5,0,0,22,high,0
2024-12-23 23:00:00,Zone_19,29.0,19,18.9,0,0,23,medium,0
2024-12-24 00:00:00,Zone_17,20.0,11,8.9,1,1,0,high,0
2024-12-24 01:00:00,Zone_13,15.0,16,8.8,0,1,1,low,0
2024-12-24 02:00:00,Zone_13,4.0,1,15.1,0,1,2,low,0
2024-12-24 03:00:00,Zone_02,26.0,17,18.4,0,1,3,high,0
2024-12-24 04:00:00,Zone_10,5.0,1,21.8,0,1,4,medium,0
2024-12-24 05:00:00,Zone_13,12.0,11,27.5,0,1,5,low,0
2024-12-24 06:00:00,Zone_09,144.0,150,23.8,0,1,6,medium,1
2024-12-24 07:00:00,Zone_01,229.0,235,27.7,0,1,7,medium,1
2024-12-24 08:00:00,Zone_14,92.0,87,17.1,0,1,8,low,0
2024-12-24 09:00:00,Zone_16,76.0,66,21.4,0,1,9,medium,0
2024-12-24 10:00:00,Zone_20,126.0,135,19.1,0,1,10,low,1
2024-12-24 11:00:00,Zone_15,21.0,28,11.9,1,1,11,low,0
2024-12-24 12:00:00,Zone_01,27.0,25,6.2,0,1,12,medium,0
2024-12-24 13:00:00,Zone_17,24.0,30,16.6,0,1,13,low,0
2024-12-24 14:00:00,Zone_13,15.0,23,2.2,0,1,14,low,0
2024-12-24 15:00:00,Zone_15,50.0,56,12.9,1,1,15,high,0
2024-12-24 16:00:00,Zone_16,22.0,24,26.4,0,1,16,medium,0
2024-12-24 17:00:00,Zone_16,102.0,92,23.4,1,1,17,medium,0
2024-12-24 18:00:00,Zone_02,94.0,96,22.2,0,1,18,low,0
2024-12-24 19:00:00,Zone_17,110.0,105,31.4,0,1,19,low,0
2024-12-24 20:00:00,Zone_11,29.0,30,16.2,0,1,20,medium,0
2024-12-24 21:00:00,Zone_08,24.0,19,27.5,1,1,21,low,0
2024-12-24 22:00:00,Zone_20,105.0,98,15.5,1,1,22,medium,1
2024-12-24 23:00:00,Zone_03,30.0,29,24.2,1,1,23,,0
2024-12-25 00:00:00,Zone_12,18.0,10,23.2,1,2,0,medium,0
2024-12-25 01:00:00,Zone_20,2.0,7,23.7,0,2,1,low,0
2024-12-25 02:00:00,Zone_16,92.0,82,18.9,0,2,2,low,1
2024-12-25 03:00:00,Zone_14,120.0,117,24.6,0,2,3,high,1
2024-12-25 04:00:00,Zone_16,22.0,19,25.2,1,2,4,high,0
2024-12-25 05:00:00,Zone_17,5.0,14,10.6,1,2,5,medium,0
2024-12-25 06:00:00,Zone_11,39.0,30,28.8,0,2,6,high,0
2024-12-25 07:00:00,Zone_17,71.0,67,12.1,0,2,7,medium,0
2024-12-25 08:00:00,Zone_19,172.0,169,15.0,0,2,8,low,1
2024-12-25 09:00:00,Zone_01,76.0,73,23.9,0,2,9,low,0
2024-12-25 10:00:00,Zone_12,18.0,27,26.8,1,2,10,low,0
2024-12-25 11:00:00,Zone_15,30.0,20,23.8,0,2,11,medium,0
2024-12-25 12:00:00,Zone_18,28.0,30,24.6,0,2,12,medium,0
2024-12-25 13:00:00,Zone_14,40.0,38,12.9,0,2,13,high,0
2024-12-25 14:00:00,Zone_01,50.0,56,17.8,0,2,14,high,0
2024-12-25 15:00:00,Zone_13,56.0,53,5.6,1,2,15,high,0
2024-12-25 16:00:00,Zone_15,55.0,55,14.6,0,2,16,high,0
2024-12-25 17:00:00,Zone_07,105.0,99,11.3,0,2,17,high,0
2024-12-25 18:00:00,Zone_15,180.0,182,22.1,0,2,18,low,1
2024-12-25 19:00:00,Zone_20,69.0,70,40.8,0,2,19,low,0
2024-12-25 20:00:00,Zone_10,26.0,23,28.1,0,2,20,medium,0
2024-12-25 21:00:00,Zone_14,12.0,2,4.0,0,2,21,medium,0
2024-12-25 22:00:00,Zone_06,37.0,29,9.9,0,2,22,medium,0
2024-12-25 23:00:00,Zone_14,47.0,52,11.6,0,2,23,high,0
2024-12-26 00:00:00,Zone_12,20.0,15,8.0,1,3,0,,0
2024-12-26 01:00:00,Zone_11,17.0,17,19.7,1,3,1,medium,0
2024-12-26 02:00:00,Zone_20,6.0,1,23.8,1,3,2,medium,0
2024-12-26 03:00:00,Zone_19,88.0,84,11.7,1,3,3,high,1
2024-12-26 04:00:00,Zone_02,11.0,15,20.2,1,3,4,low,0
2024-12-26 05:00:00,Zone_20,19.0,21,23.8,0,3,5,low,0
2024-12-26 06:00:00,Zone_01,43.0,37,27.6,0,3,6,high,0
2024-12-26 07:00:00,Zone_08,93.0,89,23.2,0,3,7,medium,0
2024-12-26 08:00:00,Zone_14,94.0,102,24.6,0,3,8,medium,0
2024-12-26 09:00:00,Zone_09,131.0,126,21.7,0,3,9,high,0
2024-12-26 10:00:00,Zone_02,,149,13.9,0,3,10,medium,1
2024-12-26 11:00:00,Zone_05,28.0,18,15.6,0,3,11,medium,0
2024-12-26 12:00:00,Zone_08,133.0,140,11.4,0,3,12,medium,1
2024-12-26 13:00:00,Zone_16,29.0,38,,0,3,13,low,0
2024-12-26 14:00:00,Zone_16,15.0,15,10.2,0,3,14,low,0
2024-12-26 15:00:00,Zone_13,48.0,47,29.6,0,3,15,high,0
2024-12-26 16:00:00,Zone_20,19.0,14,10.3,0,3,16,low,0
2024-12-26 17:00:00,Zone_15,98.0,92,28.1,0,3,17,low,0
2024-12-26 18:00:00,Zone_01,94.0,85,29.8,0,3,18,medium,0
2024-12-26 19:00:00,Zone_03,115.0,120,31.2,0,3,19,low,0
2024-12-26 20:00:00,Zone_06,43.0,35,13.7,0,3,20,high,0
2024-12-26 21:00:00,Zone_14,110.0,101,23.3,0,3,21,low,1
2024-12-26 22:00:00,Zone_04,29.0,28,17.2,0,3,22,medium,0
2024-12-26 23:00:00,Zone_18,126.0,117,14.9,0,3,23,low,1
2024-12-27 00:00:00,Zone_15,26.0,35,22.4,0,4,0,high,0
2024-12-27 01:00:00,Zone_09,22.0,23,28.5,1,4,1,medium,0
2024-12-27 02:00:00,Zone_18,8.0,1,17.2,1,4,2,medium,0
2024-12-27 03:00:00,Zone_03,24.0,28,24.6,0,4,3,high,0
2024-12-27 04:00:00,Zone_10,11.0,18,14.7,0,4,4,low,0
2024-12-27 05:00:00,Zone_17,8.0,1,13.7,0,4,5,medium,0
2024-12-27 06:00:00,Zone_07,54.0,44,19.4,1,4,6,high,0
2024-12-27 07:00:00,Zone_15,103.0,97,19.9,0,4,7,medium,0
2024-12-27 08:00:00,Zone_01,74.0,74,27.3,0,4,8,medium,0
2024-12-27 09:00:00,Zone_11,87.0,96,12.0,0,4,9,low,0
2024-12-27 10:00:00,Zone_17,23.0,23,39.3,1,4,10,low,0
2024-12-27 11:00:00,Zone_05,20.0,10,7.7,0,4,11,low,0
2024-12-27 12:00:00,Zone_07,46.0,42,23.8,0,4,12,high,0
2024-12-27 13:00:00,Zone_19,47.0,49,19.7,0,4,13,high,0
2024-12-27 14:00:00,Zone_15,36.0,29,16.8,1,4,14,low,0
2024-12-27 15:00:00,Zone_03,25.0,33,20.6,0,4,15,low,0
2024-12-27 16:00:00,Zone_15,92.0,92,27.4,0,4,16,low,1
2024-12-27 17:00:00,Zone_05,110.0,102,28.6,0,4,17,low,0
2024-12-27 18:00:00,Zone_12,91.0,85,20.3,0,4,18,medium,0
2024-12-27 19:00:00,Zone_20,98.0,94,24.7,1,4,19,medium,0
2024-12-27 20:00:00,Zone_05,41.0,31,11.4,1,4,20,high,0
2024-12-27 21:00:00,Zone_03,132.0,132,20.5,0,4,21,medium,1
2024-12-27 22:00:00,Zone_09,107.0,99,25.2,0,4,22,medium,1
2024-12-27 23:00:00,Zone_09,34.0,42,3.7,0,4,23,high,0
2024-12-28 00:00:00,Zone_07,6.0,10,22.6,0,5,0,medium,0
2024-12-28 01:00:00,Zone_02,,3,20.7,0,5,1,medium,0
2024-12-28 02:00:00,Zone_16,1.0,1,32.2,0,5,2,low,0
2024-12-28 03:00:00,Zone_09,11.0,7,23.3,0,5,3,,0
2024-12-28 04:00:00,Zone_13,89.0,91,25.8,0,5,4,medium,1
2024-12-28 05:00:00,Zone_19,37.0,32,19.8,0,5,5,high,0
2024-12-28 06:00:00,Zone_20,19.0,13,27.1,0,5,6,medium,0
2024-12-28 07:00:00,Zone_17,93.0,91,26.5,0,5,7,high,0
2024-12-28 08:00:00,Zone_06,82.0,83,11.5,1,5,8,low,0
2024-12-28 09:00:00,Zone_04,127.0,134,24.5,1,5,9,high,0
2024-12-28 10:00:00,Zone_01,39.0,36,31.5,0,5,10,high,0
2024-12-28 11:00:00,Zone_18,28.0,37,29.9,0,5,11,medium,0
2024-12-28 12:00:00,Zone_19,34.0,29,22.2,1,5,12,high,0
2024-12-28 13:00:00,Zone_09,27.0,34,24.6,0,5,13,medium,0
2024-12-28 14:00:00,Zone_13,42.0,37,29.3,0,5,14,low,0
2024-12-28 15:00:00,Zone_08,25.0,32,12.9,0,5,15,low,0
2024-12-28 16:00:00,Zone_13,25.0,31,25.8,0,5,16,medium,0
2024-12-28 17:00:00,Zone_15,158.0,158,6.2,1,5,17,high,1
2024-12-28 18:00:00,Zone_11,67.0,60,28.9,1,5,18,low,0
2024-12-28 19:00:00,Zone_12,99.0,103,18.9,0,5,19,medium,0
2024-12-28 20:00:00,Zone_14,125.0,134,21.3,0,5,20,high,1
2024-12-28 21:00:00,Zone_04,31.0,37,17.6,0,5,21,low,0
2024-12-28 22:00:00,Zone_01,79.0,80,21.7,0,5,22,low,0
2024-12-28 23:00:00,Zone_04,43.0,43,24.0,1,5,23,medium,0
2024-12-29 00:00:00,Zone_19,5.0,2,28.0,0,6,0,low,0
2024-12-29 01:00:00,Zone_09,115.0,121,32.4,1,6,1,low,1
2024-12-29 02:00:00,Zone_10,6.0,1,22.4,0,6,2,low,0
2024-12-29 03:00:00,Zone_04,9.0,10,8.7,0,6,3,low,0
2024-12-29 04:00:00,Zone_20,8.0,13,32.4,0,6,4,medium,0
2024-12-29 05:00:00,Zone_09,13.0,18,10.2,0,6,5,medium,0
2024-12-29 06:00:00,Zone_13,104.0,110,18.6,0,6,6,medium,1
2024-12-29 07:00:00,Zone_12,79.0,78,18.1,1,6,7,medium,0
2024-12-29 08:00:00,Zone_11,98.0,97,22.1,0,6,8,high,0
2024-12-29 09:00:00,Zone_12,94.0,86,11.9,0,6,9,high,0
2024-12-29 10:00:00,Zone_18,46.0,46,11.5,0,6,10,,0
2024-12-29 11:00:00,Zone_12,28.0,29,21.8,0,6,11,medium,0
2024-12-29 12:00:00,Zone_16,54.0,63,15.6,0,6,12,high,0
2024-12-29 13:00:00,Zone_05,53.0,44,32.8,0,6,13,high,0
2024-12-29 14:00:00,Zone_20,,22,17.6,1,6,14,low,0
2024-12-29 15:00:00,Zone_12,16.0,6,13.8,1,6,15,low,0
2024-12-29 16:00:00,Zone_11,87.0,80,35.4,0,6,16,medium,1
2024-12-29 17:00:00,Zone_09,96.0,95,25.8,0,6,17,low,0
2024-12-29 18:00:00,Zone_18,99.0,101,43.7,0,6,18,,0
2024-12-29 19:00:00,Zone_03,194.0,202,6.6,0,6,19,medium,1
2024-12-29 20:00:00,Zone_20,131.0,123,23.7,0,6,20,medium,1
2024-12-29 21:00:00,Zone_17,39.0,39,25.9,1,6,21,high,0
2024-12-29 22:00:00,Zone_14,70.0,61,22.2,0,6,22,medium,0
2024-12-29 23:00:00,Zone_01,55.0,52,19.1,0,6,23,medium,0
2024-12-30 00:00:00,Zone_17,1.0,1,32.0,0,0,0,low,0
2024-12-30 01:00:00,Zone_08,16.0,14,25.7,0,0,1,medium,0
2024-12-30 02:00:00,Zone_05,13.0,15,8.5,0,0,2,medium,0
2024-12-30 03:00:00,Zone_05,20.0,23,15.0,0,0,3,high,0
2024-12-30 04:00:00,Zone_09,7.0,16,12.7,1,0,4,medium,0
2024-12-30 05:00:00,Zone_03,15.0,20,21.0,0,0,5,medium,0
2024-12-30 06:00:00,Zone_19,109.0,109,29.6,0,0,6,medium,1
2024-12-30 07:00:00,Zone_09,105.0,110,19.0,0,0,7,high,0
2024-12-30 08:00:00,Zone_18,186.0,186,20.0,0,0,8,high,1
2024-12-30 09:00:00,Zone_16,98.0,105,14.2,1,0,9,low,0
2024-12-30 10:00:00,Zone_01,24.0,32,28.1,1,0,10,medium,0
2024-12-30 11:00:00,Zone_02,37.0,45,31.9,0,0,11,medium,0
2024-12-30 12:00:00,Zone_14,56.0,58,21.7,1,0,12,high,0
2024-12-30 13:00:00,Zone_14,36.0,26,34.6,0,0,13,medium,0
2024-12-30 14:00:00,Zone_01,23.0,15,17.6,0,0,14,low,0
2024-12-30 15:00:00,Zone_16,21.0,25,10.8,1,0,15,medium,0
2024-12-30 16:00:00,Zone_15,30.0,39,28.4,0,0,16,medium,0
2024-12-30 17:00:00,Zone_15,186.0,179,21.2,0,0,17,medium,1
2024-12-30 18:00:00,Zone_12,80.0,88,17.4,0,0,18,low,0
2024-12-30 19:00:00,Zone_16,78.0,83,22.6,0,0,19,low,0
2024-12-30 20:00:00,Zone_14,112.0,111,9.3,0,0,20,medium,1
2024-12-30 21:00:00,Zone_15,46.0,39,8.0,0,0,21,high,0
2024-12-30 22:00:00,Zone_15,42.0,42,22.7,0,0,22,high,0
2024-12-30 23:00:00,Zone_19,106.0,99,25.5,0,0,23,medium,1
2024-12-31 00:00:00,Zone_08,14.0,6,33.2,0,1,0,high,0
2024-12-31 01:00:00,Zone_02,1.0,1,29.1,1,1,1,low,0
2024-12-31 02:00:00,Zone_02,1.0,2,27.1,1,1,2,medium,0
2024-12-31 03:00:00,Zone_10,1.0,9,32.2,0,1,3,low,0
2024-12-31 04:00:00,Zone_03,4.0,1,25.9,1,1,4,medium,0
2024-12-31 05:00:00,Zone_17,106.0,98,19.2,0,1,5,high,1
2024-12-31 06:00:00,Zone_08,52.0,51,29.3,1,1,6,high,0
2024-12-31 07:00:00,Zone_04,68.0,76,29.0,1,1,7,medium,0
2024-12-31 08:00:00,Zone_14,198.0,188,21.9,0,1,8,,1
2024-12-31 09:00:00,Zone_10,172.0,176,12.4,1,1,9,high,1
2024-12-31 10:00:00,Zone_01,135.0,139,7.7,0,1,10,low,1
2024-12-31 11:00:00,Zone_04,47.0,47,28.7,1,1,11,high,0
2024-12-31 12:00:00,Zone_01,125.0,118,25.8,1,1,12,low,1
2024-12-31 13:00:00,Zone_17,41.0,33,27.0,0,1,13,high,0
2024-12-31 14:00:00,Zone_17,23.0,29,29.0,0,1,14,low,0
2024-12-31 15:00:00,Zone_07,18.0,24,14.8,0,1,15,low,0
2024-12-31 16:00:00,Zone_20,32.0,32,7.0,0,1,16,medium,0
2024-12-31 17:00:00,Zone_15,185.0,178,26.1,1,1,17,low,1
2024-12-31 18:00:00,Zone_13,107.0,101,31.6,0,1,18,low,0
2024-12-31 19:00:00,Zone_02,108.0,115,24.8,0,1,19,medium,0
2024-12-31 20:00:00,Zone_19,46.0,38,10.1,0,1,20,high,0
2024-12-31 21:00:00,Zone_13,17.0,7,23.9,0,1,21,low,0
2024-12-31 22:00:00,Zone_11,157.0,166,13.0,0,1,22,high,1
2024-12-31 23:00:00,Zone_15,41.0,38,9.7,0,1,23,high,0
2025-01-01 00:00:00,Zone_10,12.0,13,21.9,1,2,0,medium,0
2025-01-01 01:00:00,Zone_09,1.0,2,23.3,0,2,1,medium,0
2025-01-01 02:00:00,Zone_09,1.0,9,21.2,0,2,2,low,0
2025-01-01 03:00:00,Zone_20,8.0,11,25.5,1,2,3,medium,0
2025-01-01 04:00:00,Zone_01,,7,15.7,0,2,4,low,0
2025-01-01 05:00:00,Zone_17,5.0,14,22.7,0,2,5,low,0
2025-01-01 06:00:00,Zone_12,28.0,27,18.1,0,2,6,medium,0
2025-01-01 07:00:00,Zone_10,92.0,89,20.0,0,2,7,medium,0
2025-01-01 08:00:00,Zone_05,68.0,72,24.1,0,2,8,medium,0
2025-01-01 09:00:00,Zone_18,99.0,107,30.5,0,2,9,medium,0
2025-01-01 10:00:00,Zone_15,46.0,39,24.3,1,2,10,high,0
2025-01-01 11:00:00,Zone_06,29.0,33,27.0,0,2,11,low,0
2025-01-01 12:00:00,Zone_07,22.0,16,22.1,1,2,12,low,0
2025-01-01 13:00:00,Zone_17,32.0,36,25.9,0,2,13,medium,0
2025-01-01 14:00:00,Zone_06,19.0,9,30.3,0,2,14,low,0
2025-01-01 15:00:00,Zone_08,26.0,34,37.0,1,2,15,,0
2025-01-01 16:00:00,Zone_12,28.0,30,31.7,1,2,16,medium,0
2025-01-01 17:00:00,Zone_14,87.0,93,21.6,0,2,17,medium,0
2025-01-01 18:00:00,Zone_12,96.0,104,31.2,0,2,18,medium,0
2025-01-01 19:00:00,Zone_10,163.0,165,26.4,0,2,19,medium,1
2025-01-01 20:00:00,Zone_20,139.0,134,17.1,1,2,20,medium,1
2025-01-01 21:00:00,Zone_15,19.0,16,26.5,0,2,21,low,0
2025-01-01 22:00:00,Zone_07,132.0,125,13.0,0,2,22,low,1
2025-01-01 23:00:00,Zone_09,125.0,127,26.5,0,2,23,medium,1
2025-01-02 00:00:00,Zone_10,4.0,10,36.0,0,3,0,low,0
2025-01-02 01:00:00,Zone_10,28.0,31,28.6,0,3,1,high,0
2025-01-02 02:00:00,Zone_16,1.0,1,31.6,0,3,2,low,0
2025-01-02 03:00:00,Zone_07,115.0,120,19.0,0,3,3,low,1
2025-01-02 04:00:00,Zone_05,1.0,10,25.8,0,3,4,low,0
2025-01-02 05:00:00,Zone_03,,7,27.6,1,3,5,medium,0
2025-01-02 06:00:00,Zone_18,23.0,22,19.6,0,3,6,low,0
2025-01-02 07:00:00,Zone_11,75.0,68,27.5,0,3,7,low,0
2025-01-02 08:00:00,Zone_15,63.0,57,,0,3,8,low,0
2025-01-02 09:00:00,Zone_20,78.0,84,27.6,0,3,9,low,0
2025-01-02 10:00:00,Zone_05,44.0,53,13.8,0,3,10,high,0
2025-01-02 11:00:00,Zone_12,44.0,41,32.2,1,3,11,high,0
2025-01-02 12:00:00,Zone_04,29.0,36,25.6,1,3,12,,0
2025-01-02 13:00:00,Zone_15,27.0,24,21.1,0,3,13,low,0
2025-01-02 14:00:00,Zone_09,23.0,20,21.2,0,3,14,medium,0
2025-01-02 15:00:00,Zone_07,42.0,46,21.7,0,3,15,high,0
2025-01-02 16:00:00,Zone_10,49.0,46,15.4,0,3,16,high,0
2025-01-02 17:00:00,Zone_13,93.0,92,31.5,1,3,17,low,0
2025-01-02 18:00:00,Zone_08,93.0,99,29.7,1,3,18,medium,0
2025-01-02 19:00:00,Zone_12,80.0,83,30.2,0,3,19,medium,0
2025-01-02 20:00:00,Zone_19,41.0,46,34.1,1,3,20,high,0
2025-01-02 21:00:00,Zone_01,101.0,110,23.5,0,3,21,low,1
2025-01-02 22:00:00,Zone_16,30.0,21,8.8,1,3,22,medium,0
2025-01-02 23:00:00,Zone_17,34.0,43,27.0,0,3,23,low,0
2025-01-03 00:00:00,Zone_18,3.0,1,26.7,1,4,0,low,0
2025-01-03 01:00:00,Zone_11,13.0,22,34.4,1,4,1,medium,0
2025-01-03 02:00:00,Zone_18,2.0,1,30.7,0,4,2,low,0
2025-01-03 03:00:00,Zone_07,4.0,12,23.1,0,4,3,medium,0
2025-01-03 04:00:00,Zone_18,8.0,8,20.8,0,4,4,medium,0
2025-01-03 05:00:00,Zone_08,25.0,30,30.0,1,4,5,high,0
2025-01-03 06:00:00,Zone_06,20.0,27,0.8,1,4,6,medium,0
2025-01-03 07:00:00,Zone_07,83.0,79,23.9,0,4,7,low,0
2025-01-03 08:00:00,Zone_10,59.0,67,29.6,0,4,8,low,0
2025-01-03 09:00:00,Zone_11,216.0,219,21.0,0,4,9,medium,1
2025-01-03 10:00:00,Zone_13,25.0,24,18.9,0,4,10,medium,0
2025-01-03 11:00:00,Zone_09,27.0,22,24.4,1,4,11,medium,0
2025-01-03 12:00:00,Zone_07,29.0,26,32.8,1,4,12,medium,0
2025-01-03 13:00:00,Zone_09,37.0,44,25.6,0,4,13,medium,0
2025-01-03 14:00:00,Zone_13,29.0,24,16.6,1,4,14,low,0
2025-01-03 15:00:00,Zone_03,29.0,21,31.7,1,4,15,medium,0
2025-01-03 16:00:00,Zone_03,42.0,34,33.3,0,4,16,medium,0
2025-01-03 17:00:00,Zone_01,122.0,125,15.5,1,4,17,high,0
2025-01-03 18:00:00,Zone_20,98.0,100,44.4,1,4,18,medium,0
2025-01-03 19:00:00,Zone_02,119.0,117,22.0,0,4,19,low,0
2025-01-03 20:00:00,Zone_03,32.0,37,29.6,0,4,20,medium,0
2025-01-03 21:00:00,Zone_15,153.0,153,27.8,0,4,21,medium,1
2025-01-03 22:00:00,Zone_06,124.0,129,16.4,0,4,22,low,1
2025-01-03 23:00:00,Zone_13,42.0,41,18.4,1,4,23,high,0
2025-01-04 00:00:00,Zone_01,8.0,10,,0,5,0,low,0
2025-01-04 01:00:00,Zone_20,79.0,88,7.0,0,5,1,medium,1
2025-01-04 02:00:00,Zone_19,33.0,39,28.6,1,5,2,high,0
2025-01-04 03:00:00,Zone_01,1.0,10,6.8,0,5,3,medium,0
2025-01-04 04:00:00,Zone_02,1.0,8,22.1,0,5,4,medium,0
2025-01-04 05:00:00,Zone_15,3.0,8,16.6,0,5,5,low,0
2025-01-04 06:00:00,Zone_14,24.0,21,26.6,0,5,6,low,0
2025-01-04 07:00:00,Zone_19,69.0,76,4.4,1,5,7,medium,0
2025-01-04 08:00:00,Zone_11,87.0,85,8.7,0,5,8,medium,0
2025-01-04 09:00:00,Zone_15,86.0,89,17.2,0,5,9,medium,0
2025-01-04 10:00:00,Zone_06,40.0,35,26.2,0,5,10,high,0
2025-01-04 11:00:00,Zone_20,121.0,115,23.8,0,5,11,low,1
2025-01-04 12:00:00,Zone_09,34.0,36,30.4,1,5,12,medium,0
2025-01-04 13:00:00,Zone_05,29.0,31,22.9,1,5,13,medium,0
2025-01-04 14:00:00,Zone_20,37.0,28,21.9,0,5,14,medium,0
2025-01-04 15:00:00,Zone_02,33.0,39,13.4,0,5,15,medium,0
2025-01-04 16:00:00,Zone_06,29.0,38,20.2,1,5,16,,0
2025-01-04 17:00:00,Zone_18,218.0,225,21.8,0,5,17,high,1
2025-01-04 18:00:00,Zone_19,89.0,84,5.6,1,5,18,medium,0
2025-01-04 19:00:00,Zone_09,99.0,89,14.9,0,5,19,medium,0
2025-01-04 20:00:00,Zone_06,28.0,37,25.7,0,5,20,medium,0
2025-01-04 21:00:00,Zone_14,79.0,83,23.4,0,5,21,low,1
2025-01-04 22:00:00,Zone_13,171.0,171,20.0,0,5,22,high,1
2025-01-04 23:00:00,Zone_11,80.0,84,17.1,0,5,23,medium,0
2025-01-05 00:00:00,Zone_12,12.0,21,8.1,0,6,0,medium,0
2025-01-05 01:00:00,Zone_19,125.0,124,4.6,0,6,1,high,1
2025-01-05 02:00:00,Zone_19,27.0,27,19.5,0,6,2,high,0
2025-01-05 03:00:00,Zone_19,9.0,5,33.9,0,6,3,medium,0
2025-01-05 04:00:00,Zone_13,14.0,22,22.3,0,6,4,high,0
2025-01-05 05:00:00,Zone_14,15.0,12,30.2,0,6,5,low,0
2025-01-05 06:00:00,Zone_18,37.0,28,12.6,0,6,6,medium,0
2025-01-05 07:00:00,Zone_12,64.0,57,24.3,0,6,7,low,0
2025-01-05 08:00:00,Zone_04,77.0,86,16.4,1,6,8,low,0
2025-01-05 09:00:00,Zone_10,99.0,102,16.1,0,6,9,low,0
2025-01-05 10:00:00,Zone_17,24.0,18,28.0,0,6,10,low,0
2025-01-05 11:00:00,Zone_04,23.0,22,21.0,0,6,11,low,0
2025-01-05 12:00:00,Zone_12,28.0,25,10.9,0,6,12,medium,0
2025-01-05 13:00:00,Zone_13,32.0,29,22.8,0,6,13,low,0
2025-01-05 14:00:00,Zone_04,20.0,25,,0,6,14,medium,0
2025-01-05 15:00:00,Zone_10,27.0,25,10.4,0,6,15,low,0
2025-01-05 16:00:00,Zone_03,16.0,7,14.0,1,6,16,low,0
2025-01-05 17:00:00,Zone_15,108.0,110,38.4,0,6,17,medium,0
2025-01-05 18:00:00,Zone_02,94.0,86,31.7,0,6,18,medium,0
2025-01-05 19:00:00,Zone_17,104.0,96,5.9,1,6,19,low,0
2025-01-05 20:00:00,Zone_06,36.0,30,20.5,1,6,20,high,0
2025-01-05 21:00:00,Zone_08,22.0,30,,1,6,21,low,0
2025-01-05 22:00:00,Zone_03,132.0,125,19.9,0,6,22,medium,1
2025-01-05 23:00:00,Zone_18,183.0,175,16.7,0,6,23,low,1
2025-01-06 00:00:00,Zone_01,20.0,19,28.0,0,0,0,high,0
2025-01-06 01:00:00,Zone_16,,13,29.5,0,0,1,medium,0
2025-01-06 02:00:00,Zone_07,20.0,26,30.4,0,0,2,high,0
2025-01-06 03:00:00,Zone_03,20.0,19,24.6,1,0,3,low,0
2025-01-06 04:00:00,Zone_04,10.0,10,26.9,0,0,4,low,0
2025-01-06 05:00:00,Zone_09,18.0,23,19.2,0,0,5,medium,0
2025-01-06 06:00:00,Zone_05,21.0,17,9.4,0,0,6,medium,0
2025-01-06 07:00:00,Zone_19,77.0,74,9.2,1,0,7,low,0
2025-01-06 08:00:00,Zone_15,152.0,142,15.2,0,0,8,low,1
2025-01-06 09:00:00,Zone_08,101.0,103,20.4,1,0,9,high,0
2025-01-06 10:00:00,Zone_06,26.0,22,11.7,1,0,10,low,0
2025-01-06 11:00:00,Zone_18,30.0,28,13.0,1,0,11,medium,0
2025-01-06 12:00:00,Zone_19,105.0,98,19.0,0,0,12,medium,1
2025-01-06 13:00:00,Zone_15,147.0,138,28.9,1,0,13,medium,1
2025-01-06 14:00:00,Zone_07,37.0,43,24.7,0,0,14,low,0
2025-01-06 15:00:00,Zone_10,141.0,138,15.1,0,0,15,medium,1
2025-01-06 16:00:00,Zone_06,127.0,125,22.4,0,0,16,low,1
2025-01-06 17:00:00,Zone_14,184.0,184,11.4,0,0,17,low,1
2025-01-06 18:00:00,Zone_17,90.0,91,15.1,0,0,18,medium,0
2025-01-06 19:00:00,Zone_09,178.0,186,8.7,0,0,19,high,1
2025-01-06 20:00:00,Zone_19,33.0,36,25.4,0,0,20,low,0
2025-01-06 21:00:00,Zone_05,30.0,34,19.7,0,0,21,low,0
2025-01-06 22:00:00,Zone_07,,29,20.7,0,0,22,medium,0
2025-01-06 23:00:00,Zone_19,38.0,35,28.4,1,0,23,,0
2025-01-07 00:00:00,Zone_20,6.0,1,14.0,0,1,0,medium,0
2025-01-07 01:00:00,Zone_07,26.0,17,25.7,0,1,1,high,0
2025-01-07 02:00:00,Zone_02,14.0,5,37.9,0,1,2,high,0
2025-01-07 03:00:00,Zone_16,7.0,16,14.1,0,1,3,medium,0
2025-01-07 04:00:00,Zone_13,90.0,97,9.5,0,1,4,medium,1
2025-01-07 05:00:00,Zone_08,37.0,30,11.9,0,1,5,high,0
2025-01-07 06:00:00,Zone_06,31.0,23,25.1,0,1,6,low,0
2025-01-07 07:00:00,Zone_06,98.0,104,,0,1,7,medium,0
2025-01-07 08:00:00,Zone_09,71.0,66,35.6,0,1,8,medium,0
2025-01-07 09:00:00,Zone_04,96.0,89,28.8,1,1,9,low,0
2025-01-07 10:00:00,Zone_11,42.0,40,29.0,1,1,10,high,0
2025-01-07 11:00:00,Zone_05,81.0,71,25.7,0,1,11,medium,1
2025-01-07 12:00:00,Zone_17,33.0,24,27.8,0,1,12,medium,0
2025-01-07 13:00:00,Zone_20,43.0,45,24.4,0,1,13,high,0
2025-01-07 14:00:00,Zone_07,40.0,37,15.6,0,1,14,medium,0
2025-01-07 15:00:00,Zone_15,32.0,37,35.7,1,1,15,high,0
2025-01-07 16:00:00,Zone_15,33.0,40,32.7,0,1,16,low,0
2025-01-07 17:00:00,Zone_14,116.0,120,15.8,0,1,17,low,0
2025-01-07 18:00:00,Zone_13,206.0,200,27.2,0,1,18,low,1
2025-01-07 19:00:00,Zone_11,88.0,87,33.7,0,1,19,medium,0
2025-01-07 20:00:00,Zone_13,93.0,92,25.3,0,1,20,low,1
2025-01-07 21:00:00,Zone_09,37.0,40,20.4,0,1,21,low,0
2025-01-07 22:00:00,Zone_10,110.0,119,33.4,0,1,22,high,1
2025-01-07 23:00:00,Zone_04,36.0,38,24.0,0,1,23,high,0
2025-01-08 00:00:00,Zone_17,2.0,7,17.0,0,2,0,medium,0
2025-01-08 01:00:00,Zone_14,27.0,36,12.8,1,2,1,high,0
2025-01-08 02:00:00,Zone_18,16.0,24,0.0,0,2,2,high,0
2025-01-08 03:00:00,Zone_11,7.0,1,37.8,0,2,3,medium,0
2025-01-08 04:00:00,Zone_16,1.0,1,15.3,0,2,4,medium,0
2025-01-08 05:00:00,Zone_01,22.0,12,29.7,1,2,5,high,0
2025-01-08 06:00:00,Zone_07,147.0,140,14.6,0,2,6,medium,1
2025-01-08 07:00:00,Zone_10,107.0,107,23.3,0,2,7,low,0
2025-01-08 08:00:00,Zone_09,90.0,84,25.6,0,2,8,medium,0
2025-01-08 09:00:00,Zone_03,105.0,113,12.1,0,2,9,medium,0
2025-01-08 10:00:00,Zone_14,39.0,30,29.7,1,2,10,high,0
2025-01-08 11:00:00,Zone_15,30.0,27,20.4,0,2,11,medium,0
2025-01-08 12:00:00,Zone_02,104.0,106,26.4,0,2,12,high,1
2025-01-08 13:00:00,Zone_14,47.0,43,33.6,0,2,13,high,0
2025-01-08 14:00:00,Zone_16,19.0,25,27.9,0,2,14,low,0
2025-01-08 15:00:00,Zone_07,24.0,24,21.2,1,2,15,medium,0
2025-01-08 16:00:00,Zone_04,2.0,1,37.6,0,2,16,low,0
2025-01-08 17:00:00,Zone_18,119.0,119,21.6,0,2,17,medium,0
2025-01-08 18:00:00,Zone_05,99.0,95,22.7,1,2,18,,0
2025-01-08 19:00:00,Zone_06,120.0,114,20.7,0,2,19,medium,0
2025-01-08 20:00:00,Zone_07,39.0,34,12.2,1,2,20,high,0
2025-01-08 21:00:00,Zone_15,23.0,25,11.3,0,2,21,low,0
2025-01-08 22:00:00,Zone_01,22.0,16,17.6,0,2,22,medium,0
2025-01-08 23:00:00,Zone_04,20.0,21,13.9,0,2,23,low,0
2025-01-09 00:00:00,Zone_01,8.0,10,19.8,1,3,0,medium,0
2025-01-09 01:00:00,Zone_11,114.0,121,28.6,0,3,1,,1
2025-01-09 02:00:00,Zone_18,22.0,23,18.7,1,3,2,medium,0
2025-01-09 03:00:00,Zone_14,9.0,1,23.8,1,3,3,low,0
2025-01-09 04:00:00,Zone_11,1.0,6,18.0,0,3,4,medium,0
2025-01-09 05:00:00,Zone_10,3.0,1,42.4,0,3,5,medium,0
2025-01-09 06:00:00,Zone_17,29.0,35,,0,3,6,medium,0
2025-01-09 07:00:00,Zone_04,82.0,81,20.0,1,3,7,medium,0
2025-01-09 08:00:00,Zone_15,105.0,107,24.2,1,3,8,medium,0
2025-01-09 09:00:00,Zone_16,204.0,198,11.3,0,3,9,high,1
2025-01-09 10:00:00,Zone_13,155.0,161,20.3,0,3,10,high,1
2025-01-09 11:00:00,Zone_09,30.0,28,17.2,1,3,11,medium,0
2025-01-09 12:00:00,Zone_11,31.0,22,27.9,0,3,12,medium,0
2025-01-09 13:00:00,Zone_11,28.0,33,14.6,1,3,13,medium,0
2025-01-09 14:00:00,Zone_06,12.0,18,35.3,0,3,14,low,0
2025-01-09 15:00:00,Zone_01,147.0,138,21.5,0,3,15,low,1
2025-01-09 16:00:00,Zone_06,23.0,16,15.0,0,3,16,low,0
2025-01-09 17:00:00,Zone_13,94.0,97,22.3,1,3,17,low,0
2025-01-09 18:00:00,Zone_05,116.0,107,27.9,0,3,18,medium,0
2025-01-09 19:00:00,Zone_15,100.0,105,26.2,1,3,19,medium,0
2025-01-09 20:00:00,Zone_18,125.0,120,23.3,1,3,20,low,1
2025-01-09 21:00:00,Zone_20,,37,29.0,0,3,21,high,0
2025-01-09 22:00:00,Zone_14,120.0,123,28.5,1,3,22,high,1
2025-01-09 23:00:00,Zone_15,51.0,53,28.6,0,3,23,high,0
2025-01-10 00:00:00,Zone_05,109.0,109,19.8,0,4,0,medium,1
2025-01-10 01:00:00,Zone_04,5.0,2,19.7,0,4,1,,0
2025-01-10 02:00:00,Zone_02,1.0,1,20.3,1,4,2,low,0
2025-01-10 03:00:00,Zone_07,119.0,127,18.0,0,4,3,low,1
2025-01-10 04:00:00,Zone_10,113.0,103,22.8,1,4,4,low,1
2025-01-10 05:00:00,Zone_16,160.0,164,22.0,1,4,5,high,1
2025-01-10 06:00:00,Zone_10,38.0,36,,0,4,6,high,0
2025-01-10 07:00:00,Zone_18,119.0,122,18.0,0,4,7,high,0
2025-01-10 08:00:00,Zone_17,97.0,102,14.1,0,4,8,medium,0
2025-01-10 09:00:00,Zone_13,93.0,84,27.2,0,4,9,medium,0
2025-01-10 10:00:00,Zone_01,43.0,43,22.6,0,4,10,high,0
2025-01-10 11:00:00,Zone_01,115.0,105,16.5,0,4,11,high,1
2025-01-10 12:00:00,Zone_15,23.0,14,28.3,0,4,12,medium,0
2025-01-10 13:00:00,Zone_01,27.0,33,19.8,0,4,13,low,0
2025-01-10 14:00:00,Zone_06,112.0,114,34.2,0,4,14,low,1
2025-01-10 15:00:00,Zone_13,25.0,17,14.4,0,4,15,medium,0
2025-01-10 16:00:00,Zone_01,29.0,27,17.4,1,4,16,low,0
2025-01-10 17:00:00,Zone_05,193.0,190,23.0,0,4,17,high,1
2025-01-10 18:00:00,Zone_09,187.0,190,32.9,1,4,18,medium,1
2025-01-10 19:00:00,Zone_17,93.0,91,16.3,0,4,19,medium,0
2025-01-10 20:00:00,Zone_16,22.0,15,25.0,0,4,20,low,0
2025-01-10 21:00:00,Zone_08,95.0,87,12.7,0,4,21,medium,1
2025-01-10 22:00:00,Zone_17,18.0,26,29.3,0,4,22,medium,0
2025-01-10 23:00:00,Zone_15,44.0,44,16.8,0,4,23,medium,0
2025-01-11 00:00:00,Zone_01,10.0,3,27.0,1,5,0,medium,0
2025-01-11 01:00:00,Zone_12,13.0,7,27.4,0,5,1,high,0
2025-01-11 02:00:00,Zone_05,77.0,80,7.5,0,5,2,medium,1
2025-01-11 03:00:00,Zone_06,7.0,11,23.7,1,5,3,medium,0
2025-01-11 04:00:00,Zone_01,22.0,27,18.0,0,5,4,,0
2025-01-11 05:00:00,Zone_01,29.0,30,26.0,1,5,5,high,0
2025-01-11 06:00:00,Zone_10,10.0,19,15.0,0,5,6,low,0
2025-01-11 07:00:00,Zone_10,102.0,105,17.3,0,5,7,high,0
2025-01-11 08:00:00,Zone_03,67.0,60,31.6,0,5,8,low,0
2025-01-11 09:00:00,Zone_17,88.0,80,31.0,0,5,9,medium,0
2025-01-11 10:00:00,Zone_19,93.0,89,14.0,0,5,10,low,1
2025-01-11 11:00:00,Zone_11,26.0,20,36.4,1,5,11,medium,0
2025-01-11 12:00:00,Zone_18,26.0,33,1.3,0,5,12,medium,0
2025-01-11 13:00:00,Zone_02,38.0,44,23.7,1,5,13,medium,0
2025-01-11 14:00:00,Zone_09,27.0,28,11.7,0,5,14,medium,0
2025-01-11 15:00:00,Zone_17,38.0,31,25.0,0,5,15,medium,0
2025-01-11 16:00:00,Zone_14,20.0,20,19.9,0,5,16,low,0
2025-01-11 17:00:00,Zone_04,99.0,102,,0,5,17,high,0
2025-01-11 18:00:00,Zone_17,85.0,81,16.1,1,5,18,medium,0
2025-01-11 19:00:00,Zone_17,90.0,87,15.7,0,5,19,medium,0
2025-01-11 20:00:00,Zone_12,47.0,46,22.6,0,5,20,high,0
2025-01-11 21:00:00,Zone_20,22.0,22,29.8,0,5,21,low,0
2025-01-11 22:00:00,Zone_18,46.0,41,37.7,1,5,22,medium,0
2025-01-11 23:00:00,Zone_03,74.0,72,20.6,0,5,23,medium,0
2025-01-12 00:00:00,Zone_11,4.0,1,24.4,0,6,0,low,0
2025-01-12 01:00:00,Zone_18,9.0,5,31.5,1,6,1,medium,0
2025-01-12 02:00:00,Zone_04,22.0,29,18.4,0,6,2,high,0
2025-01-12 03:00:00,Zone_17,2.0,1,15.7,1,6,3,low,0
2025-01-12 04:00:00,Zone_18,3.0,1,37.6,1,6,4,medium,0
2025-01-12 05:00:00,Zone_05,120.0,123,20.6,0,6,5,medium,1
2025-01-12 06:00:00,Zone_14,25.0,29,23.7,0,6,6,medium,0
2025-01-12 07:00:00,Zone_10,110.0,117,9.2,0,6,7,medium,0
2025-01-12 08:00:00,Zone_15,105.0,98,17.8,0,6,8,high,0
2025-01-12 09:00:00,Zone_01,82.0,75,37.1,0,6,9,medium,0
2025-01-12 10:00:00,Zone_16,24.0,22,25.7,1,6,10,medium,0
2025-01-12 11:00:00,Zone_11,42.0,36,21.8,1,6,11,medium,0
2025-01-12 12:00:00,Zone_20,107.0,115,33.1,0,6,12,low,1
2025-01-12 13:00:00,Zone_06,51.0,44,8.8,0,6,13,high,0
2025-01-12 14:00:00,Zone_16,139.0,130,18.7,0,6,14,high,1
2025-01-12 15:00:00,Zone_02,12.0,12,40.2,0,6,15,low,0
2025-01-12 16:00:00,Zone_01,14.0,19,21.6,0,6,16,medium,0
2025-01-12 17:00:00,Zone_09,96.0,88,21.5,1,6,17,medium,0
2025-01-12 18:00:00,Zone_12,88.0,97,31.4,0,6,18,medium,0
2025-01-12 19:00:00,Zone_17,97.0,95,32.0,0,6,19,high,0
2025-01-12 20:00:00,Zone_15,27.0,20,11.6,0,6,20,medium,0
2025-01-12 21:00:00,Zone_19,33.0,23,25.4,0,6,21,medium,0
2025-01-12 22:00:00,Zone_10,61.0,65,36.0,0,6,22,low,0
2025-01-12 23:00:00,Zone_12,60.0,51,16.9,0,6,23,medium,0
2025-01-13 00:00:00,Zone_14,9.0,5,19.0,1,0,0,,0
2025-01-13 01:00:00,Zone_09,2.0,9,22.2,0,0,1,medium,0
2025-01-13 02:00:00,Zone_13,14.0,18,27.6,0,0,2,medium,0
2025-01-13 03:00:00,Zone_03,79.0,84,10.6,0,0,3,low,1
2025-01-13 04:00:00,Zone_14,5.0,1,0.0,0,0,4,low,0
2025-01-13 05:00:00,Zone_10,3.0,1,23.7,0,0,5,medium,0
2025-01-13 06:00:00,Zone_16,30.0,26,31.3,0,0,6,medium,0
2025-01-13 07:00:00,Zone_07,97.0,103,19.5,0,0,7,medium,0
2025-01-13 08:00:00,Zone_04,94.0,91,17.1,1,0,8,medium,0
2025-01-13 09:00:00,Zone_20,102.0,110,20.7,0,0,9,low,0
2025-01-13 10:00:00,Zone_11,33.0,27,34.8,0,0,10,low,0
2025-01-13 11:00:00,Zone_16,23.0,19,16.7,1,0,11,low,0
2025-01-13 12:00:00,Zone_20,44.0,52,26.6,0,0,12,high,0
2025-01-13 13:00:00,Zone_04,24.0,21,12.8,0,0,13,low,0
2025-01-13 14:00:00,Zone_17,34.0,25,13.2,1,0,14,medium,0
2025-01-13 15:00:00,Zone_13,30.0,27,28.8,1,0,15,medium,0
2025-01-13 16:00:00,Zone_11,37.0,40,35.1,0,0,16,high,0
2025-01-13 17:00:00,Zone_03,106.0,105,29.1,1,0,17,high,0
2025-01-13 18:00:00,Zone_09,112.0,119,5.6,1,0,18,high,0
2025-01-13 19:00:00,Zone_06,94.0,101,18.6,0,0,19,,0
2025-01-13 20:00:00,Zone_11,102.0,107,23.9,0,0,20,medium,1
2025-01-13 21:00:00,Zone_16,39.0,43,22.5,0,0,21,high,0
2025-01-13 22:00:00,Zone_19,141.0,137,6.6,1,0,22,high,1
2025-01-13 23:00:00,Zone_05,46.0,47,11.6,0,0,23,high,0
2025-01-14 00:00:00,Zone_14,4.0,1,15.6,0,1,0,medium,0
2025-01-14 01:00:00,Zone_17,126.0,116,21.5,0,1,1,medium,1
2025-01-14 02:00:00,Zone_03,68.0,68,6.5,0,1,2,medium,1
2025-01-14 03:00:00,Zone_04,11.0,3,26.8,1,1,3,medium,0
2025-01-14 04:00:00,Zone_16,14.0,4,21.3,1,1,4,high,0
2025-01-14 05:00:00,Zone_16,16.0,17,13.7,0,1,5,high,0
2025-01-14 06:00:00,Zone_04,32.0,33,23.5,0,1,6,medium,0
2025-01-14 07:00:00,Zone_19,107.0,116,10.5,0,1,7,medium,0
2025-01-14 08:00:00,Zone_17,133.0,138,,1,1,8,high,0
2025-01-14 09:00:00,Zone_13,78.0,72,7.6,0,1,9,low,0
2025-01-14 10:00:00,Zone_01,22.0,24,8.8,0,1,10,low,0
2025-01-14 11:00:00,Zone_12,30.0,22,18.4,0,1,11,medium,0
2025-01-14 12:00:00,Zone_04,32.0,26,16.3,0,1,12,low,0
2025-01-14 13:00:00,Zone_11,39.0,29,25.1,0,1,13,medium,0
2025-01-14 14:00:00,Zone_05,16.0,20,21.9,0,1,14,low,0
2025-01-14 15:00:00,Zone_02,22.0,13,38.8,1,1,15,low,0
2025-01-14 16:00:00,Zone_17,23.0,26,19.9,0,1,16,medium,0
2025-01-14 17:00:00,Zone_08,93.0,100,0.0,0,1,17,medium,0
2025-01-14 18:00:00,Zone_06,200.0,192,5.7,1,1,18,medium,1
2025-01-14 19:00:00,Zone_09,93.0,83,12.4,0,1,19,low,0
2025-01-14 20:00:00,Zone_13,149.0,153,45.0,0,1,20,high,1
2025-01-14 21:00:00,Zone_11,22.0,22,21.7,0,1,21,low,0
2025-01-14 22:00:00,Zone_16,26.0,31,30.9,0,1,22,low,0
2025-01-14 23:00:00,Zone_16,12.0,15,30.1,0,1,23,low,0
2025-01-15 00:00:00,Zone_02,5.0,1,11.9,0,2,0,medium,0
2025-01-15 01:00:00,Zone_10,133.0,128,7.7,0,2,1,medium,1
2025-01-15 02:00:00,Zone_12,20.0,24,27.1,0,2,2,medium,0
2025-01-15 03:00:00,Zone_08,17.0,20,4.2,0,2,3,high,0
2025-01-15 04:00:00,Zone_11,96.0,105,29.8,0,2,4,high,1
2025-01-15 05:00:00,Zone_10,10.0,6,21.1,0,2,5,medium,0
2025-01-15 06:00:00,Zone_13,21.0,28,26.9,1,2,6,low,0
2025-01-15 07:00:00,Zone_17,209.0,207,24.4,1,2,7,medium,1
2025-01-15 08:00:00,Zone_07,86.0,87,24.9,0,2,8,low,0
2025-01-15 09:00:00,Zone_03,84.0,93,22.8,0,2,9,medium,0
2025-01-15 10:00:00,Zone_20,33.0,29,24.3,0,2,10,medium,0
2025-01-15 11:00:00,Zone_13,,49,22.4,1,2,11,high,0
2025-01-15 12:00:00,Zone_19,45.0,52,,1,2,12,high,0
2025-01-15 13:00:00,Zone_07,25.0,32,18.8,0,2,13,medium,0
2025-01-15 14:00:00,Zone_09,21.0,28,39.4,0,2,14,medium,0
2025-01-15 15:00:00,Zone_19,34.0,25,24.5,0,2,15,medium,0
2025-01-15 16:00:00,Zone_13,18.0,12,31.1,0,2,16,low,0
2025-01-15 17:00:00,Zone_08,120.0,113,14.1,0,2,17,high,0
2025-01-15 18:00:00,Zone_18,148.0,154,14.0,0,2,18,medium,1
2025-01-15 19:00:00,Zone_02,67.0,67,12.4,1,2,19,low,0
2025-01-15 20:00:00,Zone_18,51.0,46,,0,2,20,high,0
2025-01-15 21:00:00,Zone_18,26.0,18,9.0,0,2,21,low,0
2025-01-15 22:00:00,Zone_11,14.0,11,23.9,0,2,22,low,0
2025-01-15 23:00:00,Zone_01,37.0,28,19.2,1,2,23,medium,0
2025-01-16 00:00:00,Zone_14,1.0,1,29.0,1,3,0,medium,0
2025-01-16 01:00:00,Zone_16,11.0,10,19.5,0,3,1,medium,0
2025-01-16 02:00:00,Zone_11,1.0,1,2.8,1,3,2,medium,0
2025-01-16 03:00:00,Zone_01,12.0,14,25.5,0,3,3,low,0
2025-01-16 04:00:00,Zone_07,1.0,1,5.8,1,3,4,medium,0
2025-01-16 05:00:00,Zone_16,10.0,3,23.7,1,3,5,medium,0
2025-01-16 06:00:00,Zone_14,39.0,29,15.8,1,3,6,high,0
2025-01-16 07:00:00,Zone_15,180.0,171,23.9,1,3,7,low,1
2025-01-16 08:00:00,Zone_14,78.0,83,10.5,0,3,8,low,0
2025-01-16 09:00:00,Zone_11,115.0,112,28.2,0,3,9,high,0
2025-01-16 10:00:00,Zone_16,121.0,130,22.3,1,3,10,high,1
2025-01-16 11:00:00,Zone_19,41.0,44,19.2,0,3,11,high,0
2025-01-16 12:00:00,Zone_17,17.0,21,8.4,0,3,12,low,0
2025-01-16 13:00:00,Zone_06,25.0,22,36.5,0,3,13,medium,0
2025-01-16 14:00:00,Zone_11,26.0,25,14.7,0,3,14,medium,0
2025-01-16 15:00:00,Zone_17,40.0,35,24.1,0,3,15,high,0
2025-01-16 16:00:00,Zone_09,23.0,29,14.4,0,3,16,low,0
2025-01-16 17:00:00,Zone_18,100.0,96,45.0,0,3,17,low,0
2025-01-16 18:00:00,Zone_17,117.0,120,23.2,0,3,18,medium,0
2025-01-16 19:00:00,Zone_12,116.0,122,17.1,0,3,19,low,0
2025-01-16 20:00:00,Zone_05,25.0,25,26.8,1,3,20,medium,0
2025-01-16 21:00:00,Zone_11,44.0,41,28.0,0,3,21,high,0
2025-01-16 22:00:00,Zone_04,29.0,26,25.2,0,3,22,medium,0
2025-01-16 23:00:00,Zone_04,29.0,27,19.4,0,3,23,medium,0
2025-01-17 00:00:00,Zone_03,134.0,124,25.5,0,4,0,high,1
2025-01-17 01:00:00,Zone_17,1.0,3,20.8,1,4,1,low,0
2025-01-17 02:00:00,Zone_07,118.0,116,21.8,0,4,2,low,1
2025-01-17 03:00:00,Zone_04,14.0,11,15.7,0,4,3,medium,0
2025-01-17 04:00:00,Zone_13,134.0,127,10.3,0,4,4,low,1
2025-01-17 05:00:00,Zone_12,1.0,1,26.5,0,4,5,low,0
2025-01-17 06:00:00,Zone_01,37.0,35,26.9,1,4,6,medium,0
2025-01-17 07:00:00,Zone_19,165.0,171,32.4,0,4,7,high,1
2025-01-17 08:00:00,Zone_20,104.0,102,22.4,1,4,8,high,0
2025-01-17 09:00:00,Zone_18,67.0,65,20.3,0,4,9,medium,0
2025-01-17 10:00:00,Zone_11,33.0,28,10.7,0,4,10,low,0
2025-01-17 11:00:00,Zone_20,126.0,135,21.7,0,4,11,low,1
2025-01-17 12:00:00,Zone_03,93.0,84,24.9,1,4,12,medium,1
2025-01-17 13:00:00,Zone_17,16.0,8,7.4,0,4,13,low,0
2025-01-17 14:00:00,Zone_12,24.0,24,30.6,0,4,14,low,0
2025-01-17 15:00:00,Zone_10,42.0,51,16.3,0,4,15,medium,0
2025-01-17 16:00:00,Zone_08,35.0,27,20.4,0,4,16,medium,0
2025-01-17 17:00:00,Zone_15,83.0,81,26.8,0,4,17,low,0
2025-01-17 18:00:00,Zone_05,89.0,91,21.9,0,4,18,high,0
2025-01-17 19:00:00,Zone_04,195.0,204,33.2,0,4,19,high,1
2025-01-17 20:00:00,Zone_20,24.0,27,27.0,0,4,20,medium,0
2025-01-17 21:00:00,Zone_19,16.0,15,20.8,0,4,21,low,0
2025-01-17 22:00:00,Zone_04,121.0,127,0.0,0,4,22,high,1
2025-01-17 23:00:00,Zone_15,26.0,27,30.0,0,4,23,medium,0
2025-01-18 00:00:00,Zone_17,5.0,6,12.6,0,5,0,low,0
2025-01-18 01:00:00,Zone_12,1.0,10,28.8,0,5,1,medium,0
2025-01-18 02:00:00,Zone_03,12.0,10,25.9,0,5,2,medium,0
2025-01-18 03:00:00,Zone_10,69.0,70,20.4,0,5,3,medium,1
2025-01-18 04:00:00,Zone_15,20.0,18,29.6,1,5,4,medium,0
2025-01-18 05:00:00,Zone_10,14.0,14,26.2,0,5,5,medium,0
2025-01-18 06:00:00,Zone_18,35.0,33,24.6,0,5,6,medium,0
2025-01-18 07:00:00,Zone_01,189.0,191,8.3,0,5,7,medium,1
2025-01-18 08:00:00,Zone_03,97.0,99,22.3,1,5,8,low,0
2025-01-18 09:00:00,Zone_12,71.0,73,12.1,1,5,9,low,0
2025-01-18 10:00:00,Zone_01,33.0,35,13.2,0,5,10,low,0
2025-01-18 11:00:00,Zone_03,23.0,19,19.1,1,5,11,medium,0
2025-01-18 12:00:00,Zone_03,142.0,143,33.7,0,5,12,low,1
2025-01-18 13:00:00,Zone_05,92.0,90,24.9,1,5,13,medium,1
2025-01-18 14:00:00,Zone_19,29.0,20,25.5,0,5,14,low,0
2025-01-18 15:00:00,Zone_01,25.0,26,28.2,1,5,15,medium,0
2025-01-18 16:00:00,Zone_04,46.0,39,15.0,0,5,16,high,0
2025-01-18 17:00:00,Zone_04,93.0,102,9.4,1,5,17,low,0
2025-01-18 18:00:00,Zone_17,186.0,179,8.0,0,5,18,medium,1
2025-01-18 19:00:00,Zone_14,126.0,118,23.8,0,5,19,high,0
2025-01-18 20:00:00,Zone_18,21.0,27,29.9,0,5,20,low,0
2025-01-18 21:00:00,Zone_01,31.0,26,29.3,0,5,21,high,0
2025-01-18 22:00:00,Zone_16,61.0,55,15.4,1,5,22,medium,0
2025-01-18 23:00:00,Zone_03,119.0,119,32.8,0,5,23,medium,1
2025-01-19 00:00:00,Zone_09,1.0,1,38.3,1,6,0,low,0
2025-01-19 01:00:00,Zone_04,9.0,10,26.9,1,6,1,medium,0
2025-01-19 02:00:00,Zone_05,127.0,122,33.9,0,6,2,medium,1
2025-01-19 03:00:00,Zone_11,4.0,8,29.0,0,6,3,medium,0
2025-01-19 04:00:00,Zone_09,28.0,37,20.2,0,6,4,high,0
2025-01-19 05:00:00,Zone_03,108.0,117,16.7,0,6,5,medium,1
2025-01-19 06:00:00,Zone_06,24.0,16,9.1,1,6,6,low,0
2025-01-19 07:00:00,Zone_11,175.0,178,18.4,0,6,7,low,1
2025-01-19 08:00:00,Zone_09,72.0,62,20.1,1,6,8,low,0
2025-01-19 09:00:00,Zone_15,110.0,100,20.3,0,6,9,high,0
2025-01-19 10:00:00,Zone_03,21.0,12,21.1,0,6,10,low,0
2025-01-19 11:00:00,Zone_01,129.0,138,3.7,0,6,11,medium,1
2025-01-19 12:00:00,Zone_20,120.0,122,28.2,0,6,12,low,1
2025-01-19 13:00:00,Zone_19,51.0,58,29.2,0,6,13,high,0
2025-01-19 14:00:00,Zone_14,21.0,20,25.0,1,6,14,medium,0
2025-01-19 15:00:00,Zone_17,37.0,36,12.6,0,6,15,high,0
2025-01-19 16:00:00,Zone_14,31.0,33,24.9,1,6,16,medium,0
2025-01-19 17:00:00,Zone_17,115.0,106,22.2,0,6,17,high,0
2025-01-19 18:00:00,Zone_14,107.0,102,25.8,1,6,18,low,0
2025-01-19 19:00:00,Zone_12,109.0,101,34.4,0,6,19,,0
2025-01-19 20:00:00,Zone_16,16.0,23,20.6,0,6,20,low,0
2025-01-19 21:00:00,Zone_01,23.0,26,23.5,1,6,21,medium,0
2025-01-19 22:00:00,Zone_13,184.0,182,15.1,0,6,22,medium,1
2025-01-19 23:00:00,Zone_06,43.0,33,29.4,0,6,23,low,0
2025-01-20 00:00:00,Zone_17,9.0,4,27.6,0,0,0,low,0
2025-01-20 01:00:00,Zone_12,10.0,14,23.7,1,0,1,medium,0
2025-01-20 02:00:00,Zone_19,3.0,1,13.6,0,0,2,low,0
2025-01-20 03:00:00,Zone_06,73.0,82,16.5,0,0,3,medium,1
2025-01-20 04:00:00,Zone_07,1.0,2,7.3,1,0,4,low,0
2025-01-20 05:00:00,Zone_01,1.0,1,16.4,0,0,5,medium,0
2025-01-20 06:00:00,Zone_01,32.0,33,27.7,0,0,6,medium,0
2025-01-20 07:00:00,Zone_05,92.0,95,25.2,1,0,7,medium,0
2025-01-20 08:00:00,Zone_06,174.0,170,,0,0,8,low,1
2025-01-20 09:00:00,Zone_16,79.0,74,33.9,0,0,9,low,0
2025-01-20 10:00:00,Zone_16,45.0,38,24.4,0,0,10,high,0
2025-01-20 11:00:00,Zone_14,,25,17.4,1,0,11,medium,0
2025-01-20 12:00:00,Zone_01,127.0,122,16.4,0,0,12,medium,1
2025-01-20 13:00:00,Zone_13,117.0,108,20.1,0,0,13,medium,1
2025-01-20 14:00:00,Zone_20,20.0,20,18.4,1,0,14,low,0
2025-01-20 15:00:00,Zone_10,36.0,41,29.6,0,0,15,high,0
2025-01-20 16:00:00,Zone_10,40.0,47,25.4,1,0,16,high,0
2025-01-20 17:00:00,Zone_09,224.0,219,19.4,1,0,17,medium,1
2025-01-20 18:00:00,Zone_13,128.0,118,19.7,0,0,18,high,0
2025-01-20 19:00:00,Zone_03,218.0,215,27.6,0,0,19,low,1
2025-01-20 20:00:00,Zone_18,36.0,33,30.1,0,0,20,medium,0
2025-01-20 21:00:00,Zone_20,46.0,48,7.3,0,0,21,high,0
2025-01-20 22:00:00,Zone_02,89.0,94,20.6,0,0,22,low,1
2025-01-20 23:00:00,Zone_17,30.0,29,22.7,1,0,23,low,0
2025-01-21 00:00:00,Zone_19,1.0,7,26.4,1,1,0,medium,0
2025-01-21 01:00:00,Zone_13,1.0,3,22.9,0,1,1,low,0
2025-01-21 02:00:00,Zone_13,28.0,25,25.3,1,1,2,high,0
2025-01-21 03:00:00,Zone_01,7.0,14,20.1,0,1,3,low,0
2025-01-21 04:00:00,Zone_02,70.0,79,15.6,1,1,4,medium,1
2025-01-21 05:00:00,Zone_01,4.0,10,28.3,0,1,5,medium,0
2025-01-21 06:00:00,Zone_05,28.0,18,28.5,0,1,6,low,0
2025-01-21 07:00:00,Zone_03,107.0,108,27.2,0,1,7,high,0
2025-01-21 08:00:00,Zone_07,78.0,78,28.6,0,1,8,medium,0
2025-01-21 09:00:00,Zone_13,72.0,80,14.2,1,1,9,low,0
2025-01-21 10:00:00,Zone_18,117.0,118,17.9,1,1,10,low,1
2025-01-21 11:00:00,Zone_07,28.0,19,31.0,0,1,11,medium,0
2025-01-21 12:00:00,Zone_01,144.0,147,24.8,1,1,12,high,1
2025-01-21 13:00:00,Zone_05,28.0,35,22.4,0,1,13,medium,0
2025-01-21 14:00:00,Zone_17,34.0,38,20.0,0,1,14,medium,0
2025-01-21 15:00:00,Zone_08,32.0,33,32.1,0,1,15,low,0
2025-01-21 16:00:00,Zone_15,43.0,35,7.8,1,1,16,high,0
2025-01-21 17:00:00,Zone_20,104.0,108,24.4,0,1,17,medium,0
2025-01-21 18:00:00,Zone_04,92.0,94,21.5,0,1,18,medium,0
2025-01-21 19:00:00,Zone_02,101.0,100,12.0,0,1,19,medium,0
2025-01-21 20:00:00,Zone_05,28.0,27,34.9,0,1,20,medium,0
2025-01-21 21:00:00,Zone_01,25.0,22,0.5,0,1,21,high,0
2025-01-21 22:00:00,Zone_05,97.0,96,23.0,0,1,22,medium,1
2025-01-21 23:00:00,Zone_06,42.0,37,26.2,0,1,23,high,0
2025-01-22 00:00:00,Zone_02,10.0,5,14.2,0,2,0,medium,0
2025-01-22 01:00:00,Zone_01,104.0,102,24.2,0,2,1,medium,1
2025-01-22 02:00:00,Zone_04,21.0,18,20.2,1,2,2,high,0
2025-01-22 03:00:00,Zone_07,4.0,1,29.9,0,2,3,low,0
2025-01-22 04:00:00,Zone_01,2.0,10,45.0,0,2,4,medium,0
2025-01-22 05:00:00,Zone_01,8.0,1,24.7,0,2,5,medium,0
2025-01-22 06:00:00,Zone_08,45.0,42,26.8,0,2,6,high,0
2025-01-22 07:00:00,Zone_20,69.0,73,14.2,0,2,7,low,0
2025-01-22 08:00:00,Zone_16,77.0,78,23.7,0,2,8,low,0
2025-01-22 09:00:00,Zone_13,99.0,91,19.0,0,2,9,low,0
2025-01-22 10:00:00,Zone_18,27.0,30,28.2,1,2,10,low,0
2025-01-22 11:00:00,Zone_20,109.0,100,10.6,0,2,11,low,1
2025-01-22 12:00:00,Zone_10,31.0,22,13.4,0,2,12,medium,0
2025-01-22 13:00:00,Zone_12,132.0,140,31.4,1,2,13,high,1
2025-01-22 14:00:00,Zone_01,106.0,114,23.7,1,2,14,medium,1
2025-01-22 15:00:00,Zone_10,108.0,115,32.6,0,2,15,low,1
2025-01-22 16:00:00,Zone_09,36.0,33,24.9,0,2,16,high,0
2025-01-22 17:00:00,Zone_03,99.0,105,26.1,0,2,17,medium,0
2025-01-22 18:00:00,Zone_19,205.0,197,19.5,0,2,18,low,1
2025-01-22 19:00:00,Zone_09,104.0,109,20.5,0,2,19,medium,0
2025-01-22 20:00:00,Zone_10,51.0,57,29.7,0,2,20,high,0
2025-01-22 21:00:00,Zone_19,29.0,22,20.9,0,2,21,medium,0
2025-01-22 22:00:00,Zone_16,23.0,29,31.5,0,2,22,medium,0
2025-01-22 23:00:00,Zone_18,22.0,28,21.1,0,2,23,low,0
2025-01-23 00:00:00,Zone_14,28.0,21,12.6,0,3,0,high,0
2025-01-23 01:00:00,Zone_03,104.0,99,11.8,0,3,1,low,1
2025-01-23 02:00:00,Zone_02,21.0,22,20.6,0,3,2,high,0
2025-01-23 03:00:00,Zone_01,,83,29.3,0,3,3,medium,1
2025-01-23 04:00:00,Zone_18,4.0,1,16.7,0,3,4,low,0
2025-01-23 05:00:00,Zone_09,8.0,5,27.9,1,3,5,low,0
2025-01-23 06:00:00,Zone_13,25.0,32,22.8,1,3,6,low,0
2025-01-23 07:00:00,Zone_02,97.0,91,26.8,1,3,7,low,0
2025-01-23 08:00:00,Zone_07,66.0,61,,0,3,8,low,0
2025-01-23 09:00:00,Zone_16,112.0,118,23.5,0,3,9,medium,0
2025-01-23 10:00:00,Zone_19,27.0,29,29.5,0,3,10,medium,0
2025-01-23 11:00:00,Zone_15,125.0,129,21.9,0,3,11,medium,1
2025-01-23 12:00:00,Zone_11,40.0,33,17.8,0,3,12,medium,0
2025-01-23 13:00:00,Zone_01,44.0,39,7.5,0,3,13,high,0
2025-01-23 14:00:00,Zone_07,39.0,30,26.3,1,3,14,high,0
2025-01-23 15:00:00,Zone_20,,23,15.8,0,3,15,low,0
2025-01-23 16:00:00,Zone_08,122.0,120,17.8,0,3,16,medium,1
2025-01-23 17:00:00,Zone_10,95.0,103,13.4,0,3,17,,0
2025-01-23 18:00:00,Zone_05,101.0,107,20.2,0,3,18,low,0
2025-01-23 19:00:00,Zone_09,102.0,95,38.8,1,3,19,medium,0
2025-01-23 20:00:00,Zone_01,44.0,36,24.8,1,3,20,medium,0
2025-01-23 21:00:00,Zone_02,46.0,40,16.8,0,3,21,high,0
2025-01-23 22:00:00,Zone_19,31.0,36,,0,3,22,medium,0
2025-01-23 23:00:00,Zone_14,25.0,33,10.5,0,3,23,low,0
2025-01-24 00:00:00,Zone_20,33.0,24,13.0,1,4,0,high,0
2025-01-24 01:00:00,Zone_10,9.0,7,11.7,0,4,1,low,0
2025-01-24 02:00:00,Zone_09,1.0,1,24.2,0,4,2,,0
2025-01-24 03:00:00,Zone_10,1.0,5,,0,4,3,low,0
2025-01-24 04:00:00,Zone_06,105.0,107,22.6,0,4,4,high,1
2025-01-24 05:00:00,Zone_17,13.0,8,25.0,1,4,5,medium,0
2025-01-24 06:00:00,Zone_06,26.0,21,,0,4,6,medium,0
2025-01-24 07:00:00,Zone_04,153.0,160,12.8,0,4,7,high,1
2025-01-24 08:00:00,Zone_20,79.0,76,12.8,0,4,8,medium,0
2025-01-24 09:00:00,Zone_03,105.0,99,12.4,0,4,9,high,0
2025-01-24 10:00:00,Zone_19,26.0,25,24.9,0,4,10,medium,0
2025-01-24 11:00:00,Zone_18,39.0,37,38.1,0,4,11,high,0
2025-01-24 12:00:00,Zone_04,55.0,51,13.6,0,4,12,high,0
2025-01-24 13:00:00,Zone_08,41.0,31,19.3,0,4,13,medium,0
2025-01-24 14:00:00,Zone_17,32.0,33,23.6,0,4,14,medium,0
2025-01-24 15:00:00,Zone_05,40.0,46,19.8,1,4,15,high,0
2025-01-24 16:00:00,Zone_13,37.0,30,24.7,0,4,16,medium,0
2025-01-24 17:00:00,Zone_01,99.0,90,17.4,0,4,17,medium,0
2025-01-24 18:00:00,Zone_13,110.0,119,16.6,1,4,18,high,0
2025-01-24 19:00:00,Zone_04,98.0,105,20.5,0,4,19,medium,0
2025-01-24 20:00:00,Zone_14,111.0,115,24.6,0,4,20,,1
2025-01-24 21:00:00,Zone_03,122.0,120,32.3,1,4,21,low,1
2025-01-24 22:00:00,Zone_05,34.0,39,25.0,0,4,22,medium,0
2025-01-24 23:00:00,Zone_07,18.0,15,20.0,1,4,23,low,0
2025-01-25 00:00:00,Zone_01,13.0,14,28.6,0,5,0,medium,0
2025-01-25 01:00:00,Zone_12,24.0,20,30.0,0,5,1,high,0
2025-01-25 02:00:00,Zone_11,,4,19.6,0,5,2,low,0
2025-01-25 03:00:00,Zone_08,10.0,9,20.8,0,5,3,low,0
2025-01-25 04:00:00,Zone_06,30.0,34,18.6,0,5,4,high,0
2025-01-25 05:00:00,Zone_02,9.0,5,28.6,0,5,5,medium,0
2025-01-25 06:00:00,Zone_19,132.0,131,22.6,0,5,6,low,1
2025-01-25 07:00:00,Zone_20,191.0,200,10.8,0,5,7,high,1
2025-01-25 08:00:00,Zone_20,166.0,162,25.2,1,5,8,medium,1
2025-01-25 09:00:00,Zone_14,75.0,74,33.9,0,5,9,low,0
2025-01-25 10:00:00,Zone_01,122.0,121,34.5,0,5,10,medium,1
2025-01-25 11:00:00,Zone_10,146.0,141,18.2,0,5,11,low,1
2025-01-25 12:00:00,Zone_16,134.0,138,16.4,1,5,12,high,1
2025-01-25 13:00:00,Zone_04,27.0,36,,0,5,13,medium,0
2025-01-25 14:00:00,Zone_11,123.0,128,34.5,0,5,14,medium,1
2025-01-25 15:00:00,Zone_16,59.0,53,25.7,0,5,15,high,0
2025-01-25 16:00:00,Zone_20,21.0,14,8.3,0,5,16,low,0
2025-01-25 17:00:00,Zone_01,75.0,82,17.1,0,5,17,,0
2025-01-25 18:00:00,Zone_16,96.0,94,13.3,0,5,18,low,0
2025-01-25 19:00:00,Zone_19,82.0,76,36.5,0,5,19,low,0
2025-01-25 20:00:00,Zone_09,114.0,114,9.8,0,5,20,medium,1
2025-01-25 21:00:00,Zone_09,112.0,114,36.4,0,5,21,medium,1
2025-01-25 22:00:00,Zone_09,57.0,52,21.2,0,5,22,low,0
2025-01-25 23:00:00,Zone_17,117.0,107,12.4,1,5,23,low,1
2025-01-26 00:00:00,Zone_12,10.0,3,29.9,0,6,0,,0
2025-01-26 01:00:00,Zone_13,101.0,105,27.0,0,6,1,high,1
2025-01-26 02:00:00,Zone_08,11.0,20,11.9,0,6,2,medium,0
2025-01-26 03:00:00,Zone_16,129.0,136,21.8,0,6,3,medium,1
2025-01-26 04:00:00,Zone_18,9.0,15,33.0,1,6,4,low,0
2025-01-26 05:00:00,Zone_01,18.0,16,18.7,0,6,5,medium,0
2025-01-26 06:00:00,Zone_01,13.0,17,35.4,0,6,6,low,0
2025-01-26 07:00:00,Zone_12,80.0,73,16.0,0,6,7,high,0
2025-01-26 08:00:00,Zone_06,97.0,97,9.0,0,6,8,high,0
2025-01-26 09:00:00,Zone_09,107.0,108,22.4,0,6,9,medium,0
2025-01-26 10:00:00,Zone_05,37.0,38,10.3,1,6,10,medium,0
2025-01-26 11:00:00,Zone_16,112.0,105,23.0,0,6,11,medium,1
2025-01-26 12:00:00,Zone_18,107.0,104,22.0,1,6,12,low,1
2025-01-26 13:00:00,Zone_17,26.0,27,15.9,0,6,13,low,0
2025-01-26 14:00:00,Zone_18,16.0,25,37.0,0,6,14,medium,0
2025-01-26 15:00:00,Zone_01,,25,22.0,0,6,15,low,0
2025-01-26 16:00:00,Zone_19,31.0,33,28.9,0,6,16,low,0
2025-01-26 17:00:00,Zone_08,82.0,76,29.4,1,6,17,medium,0
2025-01-26 18:00:00,Zone_03,,85,36.1,1,6,18,high,0
2025-01-26 19:00:00,Zone_05,103.0,107,12.3,0,6,19,high,0
2025-01-26 20:00:00,Zone_08,26.0,32,7.9,0,6,20,low,0
2025-01-26 21:00:00,Zone_19,20.0,24,35.8,0,6,21,low,0
2025-01-26 22:00:00,Zone_18,91.0,91,26.6,0,6,22,medium,0
2025-01-26 23:00:00,Zone_18,78.0,81,23.0,0,6,23,high,0
2025-01-27 00:00:00,Zone_01,21.0,23,20.9,0,0,0,high,0
2025-01-27 01:00:00,Zone_15,22.0,20,19.5,0,0,1,high,0
2025-01-27 02:00:00,Zone_18,7.0,16,28.9,1,0,2,medium,0
2025-01-27 03:00:00,Zone_07,3.0,12,10.4,0,0,3,low,0
2025-01-27 04:00:00,Zone_16,11.0,4,25.8,0,0,4,low,0
2025-01-27 05:00:00,Zone_16,1.0,6,30.3,0,0,5,low,0
2025-01-27 06:00:00,Zone_15,138.0,145,27.9,0,0,6,medium,1
2025-01-27 07:00:00,Zone_06,187.0,179,21.4,1,0,7,low,1
2025-01-27 08:00:00,Zone_09,203.0,205,22.0,0,0,8,medium,1
2025-01-27 09:00:00,Zone_07,72.0,76,32.3,1,0,9,medium,0
2025-01-27 10:00:00,Zone_14,24.0,33,26.7,0,0,10,low,0
2025-01-27 11:00:00,Zone_11,30.0,36,36.0,1,0,11,high,0
2025-01-27 12:00:00,Zone_16,41.0,38,8.1,0,0,12,medium,0
2025-01-27 13:00:00,Zone_06,142.0,151,29.3,0,0,13,high,1
2025-01-27 14:00:00,Zone_16,62.0,71,15.5,0,0,14,high,0
2025-01-27 15:00:00,Zone_20,31.0,26,21.4,0,0,15,low,0
2025-01-27 16:00:00,Zone_16,36.0,39,33.0,0,0,16,medium,0
2025-01-27 17:00:00,Zone_12,106.0,97,14.0,0,0,17,low,0
2025-01-27 18:00:00,Zone_17,104.0,97,38.9,1,0,18,high,0
2025-01-27 19:00:00,Zone_05,91.0,92,30.8,0,0,19,medium,0
2025-01-27 20:00:00,Zone_13,47.0,38,26.6,0,0,20,high,0
2025-01-27 21:00:00,Zone_08,26.0,31,14.5,0,0,21,low,0
2025-01-27 22:00:00,Zone_05,33.0,34,20.6,1,0,22,medium,0
2025-01-27 23:00:00,Zone_12,52.0,44,19.1,0,0,23,high,0
2025-01-28 00:00:00,Zone_09,114.0,114,12.1,0,1,0,medium,1
2025-01-28 01:00:00,Zone_03,1.0,3,30.8,0,1,1,low,0
2025-01-28 02:00:00,Zone_03,10.0,8,18.8,0,1,2,medium,0
2025-01-28 03:00:00,Zone_01,3.0,1,20.6,1,1,3,low,0
2025-01-28 04:00:00,Zone_18,103.0,96,21.0,0,1,4,low,1
2025-01-28 05:00:00,Zone_12,3.0,6,20.3,0,1,5,low,0
2025-01-28 06:00:00,Zone_09,29.0,34,26.2,0,1,6,low,0
2025-01-28 07:00:00,Zone_09,99.0,96,17.0,1,1,7,high,0
2025-01-28 08:00:00,Zone_18,95.0,97,30.1,0,1,8,medium,0
2025-01-28 09:00:00,Zone_18,71.0,80,17.2,0,1,9,medium,0
2025-01-28 10:00:00,Zone_07,81.0,71,21.8,0,1,10,low,1
2025-01-28 11:00:00,Zone_04,32.0,31,,0,1,11,low,0
2025-01-28 12:00:00,Zone_13,139.0,132,30.6,0,1,12,low,1
2025-01-28 13:00:00,Zone_17,39.0,35,32.6,0,1,13,low,0
2025-01-28 14:00:00,Zone_02,34.0,34,,1,1,14,medium,0
2025-01-28 15:00:00,Zone_14,127.0,119,23.4,0,1,15,medium,1
2025-01-28 16:00:00,Zone_03,38.0,32,21.7,0,1,16,high,0
2025-01-28 17:00:00,Zone_05,156.0,157,9.5,0,1,17,medium,1
2025-01-28 18:00:00,Zone_14,92.0,92,11.2,0,1,18,low,0
2025-01-28 19:00:00,Zone_03,106.0,96,28.0,1,1,19,low,0
2025-01-28 20:00:00,Zone_07,116.0,117,20.6,1,1,20,high,1
2025-01-28 21:00:00,Zone_18,38.0,36,11.1,0,1,21,medium,0
2025-01-28 22:00:00,Zone_13,52.0,57,10.8,0,1,22,high,0
2025-01-28 23:00:00,Zone_10,27.0,27,27.1,0,1,23,low,0
2025-01-29 00:00:00,Zone_13,1.0,1,29.0,0,2,0,low,0
2025-01-29 01:00:00,Zone_16,1.0,1,,0,2,1,low,0
2025-01-29 02:00:00,Zone_09,33.0,40,23.2,1,2,2,high,0
2025-01-29 03:00:00,Zone_02,82.0,75,25.1,0,2,3,low,1
2025-01-29 04:00:00,Zone_05,6.0,4,17.3,1,2,4,medium,0
2025-01-29 05:00:00,Zone_17,107.0,100,,0,2,5,medium,1
2025-01-29 06:00:00,Zone_04,127.0,117,19.2,0,2,6,medium,1
2025-01-29 07:00:00,Zone_17,71.0,63,8.3,0,2,7,low,0
2025-01-29 08:00:00,Zone_09,,73,20.4,0,2,8,medium,0
2025-01-29 09:00:00,Zone_20,98.0,97,32.9,0,2,9,low,0
2025-01-29 10:00:00,Zone_02,44.0,51,19.2,0,2,10,high,0
2025-01-29 11:00:00,Zone_18,19.0,24,13.6,0,2,11,low,0
2025-01-29 12:00:00,Zone_11,35.0,38,27.0,1,2,12,low,0
2025-01-29 13:00:00,Zone_13,36.0,33,24.1,0,2,13,low,0
2025-01-29 14:00:00,Zone_08,53.0,53,,1,2,14,high,0
2025-01-29 15:00:00,Zone_01,23.0,13,25.8,0,2,15,low,0
2025-01-29 16:00:00,Zone_17,109.0,109,16.5,0,2,16,medium,1
2025-01-29 17:00:00,Zone_12,100.0,102,17.2,0,2,17,low,0
2025-01-29 18:00:00,Zone_04,,187,27.8,0,2,18,low,1
2025-01-29 19:00:00,Zone_13,109.0,100,14.3,0,2,19,medium,0
2025-01-29 20:00:00,Zone_09,24.0,14,34.9,0,2,20,low,0
2025-01-29 21:00:00,Zone_07,34.0,37,31.8,0,2,21,medium,0
2025-01-29 22:00:00,Zone_05,39.0,38,12.8,1,2,22,high,0
2025-01-29 23:00:00,Zone_05,51.0,44,33.8,0,2,23,high,0
2025-01-30 00:00:00,Zone_17,102.0,106,23.2,0,3,0,low,1
2025-01-30 01:00:00,Zone_09,7.0,12,33.1,0,3,1,medium,0
2025-01-30 02:00:00,Zone_06,26.0,16,23.1,0,3,2,high,0
2025-01-30 03:00:00,Zone_19,21.0,25,20.6,0,3,3,high,0
2025-01-30 04:00:00,Zone_16,5.0,7,19.7,0,3,4,low,0
2025-01-30 05:00:00,Zone_02,3.0,1,2.4,1,3,5,medium,0
2025-01-30 06:00:00,Zone_10,39.0,36,29.4,1,3,6,high,0
2025-01-30 07:00:00,Zone_16,103.0,103,16.3,0,3,7,medium,0
2025-01-30 08:00:00,Zone_05,115.0,119,29.7,0,3,8,high,0
2025-01-30 09:00:00,Zone_15,100.0,97,35.4,0,3,9,medium,0
2025-01-30 10:00:00,Zone_13,38.0,37,17.4,0,3,10,low,0
2025-01-30 11:00:00,Zone_13,22.0,24,16.9,0,3,11,low,0
2025-01-30 12:00:00,Zone_13,27.0,27,30.1,0,3,12,low,0
2025-01-30 13:00:00,Zone_15,92.0,93,18.3,0,3,13,low,1
2025-01-30 14:00:00,Zone_14,39.0,41,32.5,0,3,14,high,0
2025-01-30 15:00:00,Zone_08,26.0,28,16.5,1,3,15,medium,0
2025-01-30 16:00:00,Zone_11,32.0,39,33.5,0,3,16,medium,0
2025-01-30 17:00:00,Zone_18,126.0,116,,0,3,17,medium,0
2025-01-30 18:00:00,Zone_04,93.0,97,24.6,1,3,18,medium,0
2025-01-30 19:00:00,Zone_10,92.0,89,29.9,0,3,19,low,0
2025-01-30 20:00:00,Zone_01,45.0,43,26.1,1,3,20,high,0
2025-01-30 21:00:00,Zone_05,146.0,147,30.6,1,3,21,medium,1
2025-01-30 22:00:00,Zone_13,27.0,25,10.4,0,3,22,medium,0
2025-01-30 23:00:00,Zone_01,40.0,39,18.7,1,3,23,high,0
2025-01-31 00:00:00,Zone_08,12.0,14,22.5,1,4,0,medium,0
2025-01-31 01:00:00,Zone_03,28.0,27,15.9,0,4,1,,0
2025-01-31 02:00:00,Zone_03,27.0,36,29.8,0,4,2,high,0
2025-01-31 03:00:00,Zone_07,70.0,78,17.9,0,4,3,low,1
2025-01-31 04:00:00,Zone_04,10.0,3,15.9,0,4,4,low,0
2025-01-31 05:00:00,Zone_03,15.0,23,29.5,1,4,5,high,0
2025-01-31 06:00:00,Zone_15,30.0,37,13.6,0,4,6,medium,0
2025-01-31 07:00:00,Zone_08,104.0,94,14.0,0,4,7,low,0
2025-01-31 08:00:00,Zone_03,103.0,112,26.1,0,4,8,medium,0
2025-01-31 09:00:00,Zone_07,100.0,100,32.8,1,4,9,medium,0
2025-01-31 10:00:00,Zone_18,50.0,47,23.3,0,4,10,high,0
2025-01-31 11:00:00,Zone_11,50.0,50,9.1,0,4,11,high,0
2025-01-31 12:00:00,Zone_11,41.0,36,27.5,1,4,12,high,0
2025-01-31 13:00:00,Zone_17,155.0,150,17.3,0,4,13,high,1
2025-01-31 14:00:00,Zone_06,24.0,24,31.0,1,4,14,low,0
2025-01-31 15:00:00,Zone_08,114.0,108,19.0,0,4,15,medium,1
2025-01-31 16:00:00,Zone_01,33.0,33,31.2,1,4,16,low,0
2025-01-31 17:00:00,Zone_10,101.0,94,18.7,1,4,17,low,0
2025-01-31 18:00:00,Zone_19,95.0,92,16.5,0,4,18,high,0
2025-01-31 19:00:00,Zone_03,,209,6.7,0,4,19,medium,1
2025-01-31 20:00:00,Zone_04,54.0,53,16.7,0,4,20,high,0
2025-01-31 21:00:00,Zone_11,22.0,22,23.4,1,4,21,low,0
2025-01-31 22:00:00,Zone_15,43.0,51,22.8,0,4,22,high,0
2025-01-31 23:00:00,Zone_01,35.0,25,26.9,0,4,23,low,0
2025-02-01 00:00:00,Zone_09,117.0,114,32.0,1,5,0,low,1
2025-02-01 01:00:00,Zone_11,6.0,2,22.2,0,5,1,medium,0
2025-02-01 02:00:00,Zone_19,8.0,13,,0,5,2,medium,0
2025-02-01 03:00:00,Zone_13,10.0,4,30.9,1,5,3,medium,0
2025-02-01 04:00:00,Zone_16,118.0,112,23.8,1,5,4,high,1
2025-02-01 05:00:00,Zone_04,19.0,24,14.6,1,5,5,medium,0
2025-02-01 06:00:00,Zone_01,128.0,132,17.8,0,5,6,low,1
2025-02-01 07:00:00,Zone_20,100.0,102,5.0,1,5,7,low,0
2025-02-01 08:00:00,Zone_13,95.0,94,14.5,0,5,8,medium,0
2025-02-01 09:00:00,Zone_01,83.0,89,8.5,0,5,9,medium,0
2025-02-01 10:00:00,Zone_05,37.0,34,24.8,0,5,10,medium,0
2025-02-01 11:00:00,Zone_05,17.0,20,31.7,0,5,11,low,0
2025-02-01 12:00:00,Zone_14,34.0,34,14.5,1,5,12,high,0
2025-02-01 13:00:00,Zone_14,24.0,27,14.8,0,5,13,low,0
2025-02-01 14:00:00,Zone_08,31.0,30,29.5,1,5,14,medium,0
2025-02-01 15:00:00,Zone_04,34.0,38,18.4,0,5,15,medium,0
2025-02-01 16:00:00,Zone_07,31.0,34,24.1,0,5,16,low,0
2025-02-01 17:00:00,Zone_20,226.0,224,27.9,1,5,17,high,1
2025-02-01 18:00:00,Zone_19,102.0,109,16.3,0,5,18,medium,0
2025-02-01 19:00:00,Zone_15,174.0,175,16.5,1,5,19,medium,1
2025-02-01 20:00:00,Zone_04,35.0,40,17.9,0,5,20,medium,0
2025-02-01 21:00:00,Zone_19,133.0,127,9.6,1,5,21,high,1
2025-02-01 22:00:00,Zone_09,179.0,182,25.9,0,5,22,medium,1
2025-02-01 23:00:00,Zone_13,195.0,188,26.8,0,5,23,medium,1
2025-02-02 00:00:00,Zone_14,7.0,3,22.6,0,6,0,low,0
2025-02-02 01:00:00,Zone_14,103.0,95,32.9,0,6,1,low,1
2025-02-02 02:00:00,Zone_10,1.0,1,19.9,0,6,2,low,0
2025-02-02 03:00:00,Zone_16,29.0,22,26.9,1,6,3,high,0
2025-02-02 04:00:00,Zone_05,12.0,7,25.9,0,6,4,medium,0
2025-02-02 05:00:00,Zone_06,28.0,23,15.6,0,6,5,high,0
2025-02-02 06:00:00,Zone_02,24.0,30,31.2,0,6,6,low,0
2025-02-02 07:00:00,Zone_13,75.0,66,23.0,1,6,7,medium,0
2025-02-02 08:00:00,Zone_13,186.0,176,29.8,0,6,8,high,1
2025-02-02 09:00:00,Zone_19,99.0,93,11.6,0,6,9,low,0
2025-02-02 10:00:00,Zone_18,31.0,22,22.9,0,6,10,medium,0
2025-02-02 11:00:00,Zone_19,46.0,50,18.3,0,6,11,high,0
2025-02-02 12:00:00,Zone_01,43.0,49,15.2,0,6,12,high,0
2025-02-02 13:00:00,Zone_08,38.0,42,33.3,1,6,13,high,0
2025-02-02 14:00:00,Zone_16,111.0,120,23.6,1,6,14,high,1
2025-02-02 15:00:00,Zone_02,100.0,105,10.2,0,6,15,medium,1
2025-02-02 16:00:00,Zone_08,34.0,31,18.0,0,6,16,low,0
2025-02-02 17:00:00,Zone_06,99.0,95,29.5,1,6,17,medium,0
2025-02-02 18:00:00,Zone_16,107.0,97,15.2,0,6,18,high,0
2025-02-02 19:00:00,Zone_11,80.0,72,14.4,0,6,19,medium,0
2025-02-02 20:00:00,Zone_17,31.0,26,20.8,0,6,20,low,0
2025-02-02 21:00:00,Zone_19,18.0,13,25.8,0,6,21,medium,0
2025-02-02 22:00:00,Zone_11,54.0,45,16.2,0,6,22,medium,0
2025-02-02 23:00:00,Zone_08,63.0,60,25.1,0,6,23,low,0
2025-02-03 00:00:00,Zone_04,13.0,21,22.3,0,0,0,medium,0
2025-02-03 01:00:00,Zone_11,4.0,13,23.3,1,0,1,,0
2025-02-03 02:00:00,Zone_08,1.0,1,2.8,0,0,2,medium,0
2025-02-03 03:00:00,Zone_09,1.0,6,22.1,0,0,3,low,0
2025-02-03 04:00:00,Zone_02,1.0,1,20.0,0,0,4,low,0
2025-02-03 05:00:00,Zone_16,17.0,17,25.1,0,0,5,medium,0
2025-02-03 06:00:00,Zone_06,101.0,106,16.8,0,0,6,,1
2025-02-03 07:00:00,Zone_19,100.0,94,19.0,1,0,7,low,0
2025-02-03 08:00:00,Zone_08,95.0,100,26.3,0,0,8,low,0
2025-02-03 09:00:00,Zone_14,70.0,73,33.6,0,0,9,low,0
2025-02-03 10:00:00,Zone_16,33.0,36,11.4,0,0,10,medium,0
2025-02-03 11:00:00,Zone_12,41.0,40,26.1,0,0,11,high,0
2025-02-03 12:00:00,Zone_05,46.0,52,31.8,1,0,12,high,0
2025-02-03 13:00:00,Zone_19,46.0,52,27.6,0,0,13,high,0
2025-02-03 14:00:00,Zone_18,29.0,26,31.2,1,0,14,medium,0
2025-02-03 15:00:00,Zone_09,41.0,45,17.7,0,0,15,medium,0
2025-02-03 16:00:00,Zone_02,26.0,17,31.9,0,0,16,low,0
2025-02-03 17:00:00,Zone_20,106.0,106,16.2,0,0,17,medium,0
2025-02-03 18:00:00,Zone_12,106.0,102,22.4,0,0,18,medium,0
2025-02-03 19:00:00,Zone_02,111.0,111,18.0,0,0,19,medium,0
2025-02-03 20:00:00,Zone_10,31.0,34,18.3,0,0,20,medium,0
2025-02-03 21:00:00,Zone_01,29.0,35,8.2,0,0,21,low,0
2025-02-03 22:00:00,Zone_04,25.0,21,6.2,1,0,22,low,0
2025-02-03 23:00:00,Zone_12,44.0,35,31.4,0,0,23,high,0
2025-02-04 00:00:00,Zone_09,103.0,99,7.6,1,1,0,low,1
2025-02-04 01:00:00,Zone_04,2.0,9,24.0,1,1,1,low,0
2025-02-04 02:00:00,Zone_09,26.0,35,11.6,1,1,2,high,0
2025-02-04 03:00:00,Zone_06,10.0,1,15.2,0,1,3,medium,0
2025-02-04 04:00:00,Zone_01,1.0,1,27.5,0,1,4,low,0
2025-02-04 05:00:00,Zone_10,1.0,1,23.3,0,1,5,low,0
2025-02-04 06:00:00,Zone_14,24.0,32,21.0,0,1,6,low,0
2025-02-04 07:00:00,Zone_18,69.0,61,31.2,0,1,7,medium,0
2025-02-04 08:00:00,Zone_06,100.0,105,19.7,0,1,8,high,0
2025-02-04 09:00:00,Zone_18,79.0,81,31.8,0,1,9,low,0
2025-02-04 10:00:00,Zone_20,32.0,35,13.4,0,1,10,high,0
2025-02-04 11:00:00,Zone_16,14.0,13,12.5,1,1,11,low,0
2025-02-04 12:00:00,Zone_15,142.0,144,20.9,1,1,12,low,1
2025-02-04 13:00:00,Zone_16,41.0,36,22.0,0,1,13,high,0
2025-02-04 14:00:00,Zone_08,33.0,35,15.1,0,1,14,low,0
2025-02-04 15:00:00,Zone_13,36.0,43,19.8,0,1,15,high,0
2025-02-04 16:00:00,Zone_11,28.0,35,32.9,0,1,16,medium,0
2025-02-04 17:00:00,Zone_07,81.0,74,18.8,0,1,17,low,0
2025-02-04 18:00:00,Zone_17,104.0,110,6.5,0,1,18,medium,0
2025-02-04 19:00:00,Zone_18,115.0,110,8.1,0,1,19,medium,0
2025-02-04 20:00:00,Zone_19,40.0,45,38.7,1,1,20,high,0
2025-02-04 21:00:00,Zone_13,29.0,30,33.6,0,1,21,medium,0
2025-02-04 22:00:00,Zone_15,27.0,26,18.5,0,1,22,medium,0
2025-02-04 23:00:00,Zone_01,24.0,26,28.5,1,1,23,low,0
2025-02-05 00:00:00,Zone_16,115.0,120,24.1,0,2,0,medium,1
2025-02-05 01:00:00,Zone_05,4.0,13,32.2,0,2,1,low,0
2025-02-05 02:00:00,Zone_03,6.0,1,13.4,0,2,2,,0
2025-02-05 03:00:00,Zone_10,14.0,10,13.7,0,2,3,high,0
2025-02-05 04:00:00,Zone_19,2.0,1,32.6,0,2,4,low,0
2025-02-05 05:00:00,Zone_05,14.0,15,10.1,0,2,5,low,0
2025-02-05 06:00:00,Zone_07,34.0,32,22.6,1,2,6,medium,0
2025-02-05 07:00:00,Zone_14,123.0,132,21.6,0,2,7,high,0
2025-02-05 08:00:00,Zone_03,81.0,81,28.3,0,2,8,low,0
2025-02-05 09:00:00,Zone_13,97.0,87,23.1,0,2,9,low,0
2025-02-05 10:00:00,Zone_13,13.0,12,20.9,0,2,10,low,0
2025-02-05 11:00:00,Zone_10,26.0,30,19.0,0,2,11,low,0
2025-02-05 12:00:00,Zone_02,37.0,46,14.0,0,2,12,medium,0
2025-02-05 13:00:00,Zone_06,32.0,23,20.7,0,2,13,medium,0
2025-02-05 14:00:00,Zone_08,46.0,53,31.3,0,2,14,medium,0
2025-02-05 15:00:00,Zone_04,40.0,41,19.7,0,2,15,medium,0
2025-02-05 16:00:00,Zone_12,41.0,45,33.3,1,2,16,high,0
2025-02-05 17:00:00,Zone_15,80.0,87,27.8,0,2,17,medium,0
2025-02-05 18:00:00,Zone_08,229.0,219,25.8,0,2,18,high,1
2025-02-05 19:00:00,Zone_07,101.0,105,20.7,0,2,19,medium,0
2025-02-05 20:00:00,Zone_14,51.0,53,17.0,0,2,20,high,0
2025-02-05 21:00:00,Zone_19,17.0,15,35.5,0,2,21,medium,0
2025-02-05 22:00:00,Zone_14,36.0,41,28.3,0,2,22,medium,0
2025-02-05 23:00:00,Zone_13,151.0,157,20.9,0,2,23,high,1
2025-02-06 00:00:00,Zone_01,1.0,8,35.6,0,3,0,low,0
2025-02-06 01:00:00,Zone_19,12.0,13,27.0,0,3,1,medium,0
2025-02-06 02:00:00,Zone_01,7.0,1,10.6,0,3,2,medium,0
2025-02-06 03:00:00,Zone_04,102.0,104,18.6,0,3,3,high,1
2025-02-06 04:00:00,Zone_10,13.0,10,27.8,1,3,4,medium,0
2025-02-06 05:00:00,Zone_03,7.0,8,34.1,0,3,5,medium,0
2025-02-06 06:00:00,Zone_20,12.0,18,40.9,0,3,6,low,0
2025-02-06 07:00:00,Zone_09,113.0,111,,0,3,7,high,0
2025-02-06 08:00:00,Zone_03,180.0,183,26.9,0,3,8,medium,1
2025-02-06 09:00:00,Zone_06,106.0,111,17.1,0,3,9,high,0
2025-02-06 10:00:00,Zone_06,25.0,32,14.9,0,3,10,low,0
2025-02-06 11:00:00,Zone_12,21.0,29,8.5,0,3,11,low,0
2025-02-06 12:00:00,Zone_01,23.0,22,25.1,1,3,12,low,0
2025-02-06 13:00:00,Zone_16,28.0,21,32.1,0,3,13,medium,0
2025-02-06 14:00:00,Zone_05,129.0,121,28.2,0,3,14,low,1
2025-02-06 15:00:00,Zone_09,99.0,90,22.7,1,3,15,low,1
2025-02-06 16:00:00,Zone_10,105.0,99,31.8,0,3,16,low,1
2025-02-06 17:00:00,Zone_13,172.0,179,45.0,0,3,17,low,1
2025-02-06 18:00:00,Zone_15,97.0,100,15.3,0,3,18,low,0
2025-02-06 19:00:00,Zone_12,90.0,81,2.6,0,3,19,low,0
2025-02-06 20:00:00,Zone_05,46.0,37,24.7,0,3,20,high,0
2025-02-06 21:00:00,Zone_05,22.0,25,30.7,0,3,21,medium,0
2025-02-06 22:00:00,Zone_18,142.0,132,9.6,0,3,22,medium,1
2025-02-06 23:00:00,Zone_12,51.0,54,28.7,0,3,23,high,0
2025-02-07 00:00:00,Zone_03,14.0,14,19.3,0,4,0,medium,0
2025-02-07 01:00:00,Zone_07,105.0,109,24.7,0,4,1,high,1
2025-02-07 02:00:00,Zone_17,24.0,21,14.6,0,4,2,low,0
2025-02-07 03:00:00,Zone_19,57.0,56,14.2,0,4,3,medium,1
2025-02-07 04:00:00,Zone_18,9.0,1,13.2,0,4,4,medium,0
2025-02-07 05:00:00,Zone_01,111.0,118,27.3,0,4,5,medium,1
2025-02-07 06:00:00,Zone_05,38.0,28,17.0,1,4,6,medium,0
2025-02-07 07:00:00,Zone_02,103.0,100,24.2,0,4,7,low,0
2025-02-07 08:00:00,Zone_01,93.0,85,22.2,0,4,8,high,0
2025-02-07 09:00:00,Zone_07,107.0,97,12.6,0,4,9,medium,0
2025-02-07 10:00:00,Zone_11,23.0,19,22.6,0,4,10,low,0
2025-02-07 11:00:00,Zone_11,39.0,39,23.9,0,4,11,medium,0
2025-02-07 12:00:00,Zone_18,119.0,112,30.5,1,4,12,high,1
2025-02-07 13:00:00,Zone_17,90.0,97,34.0,0,4,13,low,1
2025-02-07 14:00:00,Zone_02,21.0,21,13.8,0,4,14,low,0
2025-02-07 15:00:00,Zone_07,42.0,32,24.8,0,4,15,high,0
2025-02-07 16:00:00,Zone_07,24.0,24,4.3,0,4,16,high,0
2025-02-07 17:00:00,Zone_10,83.0,81,28.8,1,4,17,low,0
2025-02-07 18:00:00,Zone_03,134.0,125,30.8,0,4,18,high,0
2025-02-07 19:00:00,Zone_12,81.0,79,0.6,0,4,19,medium,0
2025-02-07 20:00:00,Zone_03,39.0,48,19.3,1,4,20,high,0
2025-02-07 21:00:00,Zone_11,33.0,36,14.8,1,4,21,medium,0
2025-02-07 22:00:00,Zone_12,39.0,43,19.3,0,4,22,high,0
2025-02-07 23:00:00,Zone_04,32.0,30,17.7,0,4,23,high,0
2025-02-08 00:00:00,Zone_16,1.0,5,21.7,1,5,0,low,0
2025-02-08 01:00:00,Zone_20,1.0,1,29.9,0,5,1,low,0
2025-02-08 02:00:00,Zone_18,125.0,116,19.5,0,5,2,medium,1
2025-02-08 03:00:00,Zone_04,16.0,20,14.1,1,5,3,low,0
2025-02-08 04:00:00,Zone_06,8.0,1,20.4,0,5,4,medium,0
2025-02-08 05:00:00,Zone_15,23.0,24,20.0,0,5,5,high,0
2025-02-08 06:00:00,Zone_01,18.0,27,21.3,0,5,6,low,0
2025-02-08 07:00:00,Zone_03,99.0,92,17.0,0,5,7,medium,0
2025-02-08 08:00:00,Zone_05,71.0,73,24.9,0,5,8,medium,0
2025-02-08 09:00:00,Zone_17,129.0,128,32.3,0,5,9,medium,1
2025-02-08 10:00:00,Zone_14,16.0,19,11.8,0,5,10,low,0
2025-02-08 11:00:00,Zone_09,20.0,19,25.6,0,5,11,low,0
2025-02-08 12:00:00,Zone_03,45.0,45,29.7,0,5,12,high,0
2025-02-08 13:00:00,Zone_13,45.0,49,18.5,0,5,13,high,0
2025-02-08 14:00:00,Zone_03,56.0,46,32.0,0,5,14,high,0
2025-02-08 15:00:00,Zone_11,44.0,36,21.5,1,5,15,high,0
2025-02-08 16:00:00,Zone_02,134.0,130,13.0,1,5,16,,1
2025-02-08 17:00:00,Zone_15,172.0,175,11.8,0,5,17,medium,1
2025-02-08 18:00:00,Zone_13,87.0,93,28.3,0,5,18,medium,0
2025-02-08 19:00:00,Zone_19,99.0,96,27.5,0,5,19,low,0
2025-02-08 20:00:00,Zone_16,36.0,34,34.5,0,5,20,medium,0
2025-02-08 21:00:00,Zone_18,119.0,128,27.4,0,5,21,low,1
2025-02-08 22:00:00,Zone_07,47.0,41,21.2,1,5,22,medium,0
2025-02-08 23:00:00,Zone_13,161.0,170,25.9,0,5,23,low,1
2025-02-09 00:00:00,Zone_04,11.0,5,22.6,1,6,0,medium,0
2025-02-09 01:00:00,Zone_09,10.0,1,,1,6,1,medium,0
2025-02-09 02:00:00,Zone_10,8.0,15,17.6,1,6,2,medium,0
2025-02-09 03:00:00,Zone_09,8.0,1,8.2,0,6,3,medium,0
2025-02-09 04:00:00,Zone_07,26.0,19,16.1,0,6,4,high,0
2025-02-09 05:00:00,Zone_15,1.0,1,21.8,0,6,5,low,0
2025-02-09 06:00:00,Zone_08,31.0,30,0.4,0,6,6,medium,0
2025-02-09 07:00:00,Zone_19,,206,17.9,0,6,7,medium,1
2025-02-09 08:00:00,Zone_11,93.0,100,29.4,0,6,8,high,0
2025-02-09 09:00:00,Zone_05,177.0,180,,1,6,9,medium,1
2025-02-09 10:00:00,Zone_02,119.0,115,17.8,0,6,10,low,1
2025-02-09 11:00:00,Zone_10,92.0,93,17.5,0,6,11,low,1
2025-02-09 12:00:00,Zone_16,24.0,21,16.2,1,6,12,low,0
2025-02-09 13:00:00,Zone_13,111.0,110,17.5,0,6,13,medium,1
2025-02-09 14:00:00,Zone_08,47.0,37,31.1,0,6,14,high,0
2025-02-09 15:00:00,Zone_09,19.0,11,35.0,0,6,15,low,0
2025-02-09 16:00:00,Zone_11,33.0,28,8.5,0,6,16,low,0
2025-02-09 17:00:00,Zone_11,75.0,78,15.5,0,6,17,low,0
2025-02-09 18:00:00,Zone_16,105.0,110,7.1,1,6,18,low,0
2025-02-09 19:00:00,Zone_10,105.0,107,21.8,0,6,19,high,0
2025-02-09 20:00:00,Zone_12,43.0,38,18.1,1,6,20,high,0
2025-02-09 21:00:00,Zone_06,25.0,21,24.9,0,6,21,low,0
2025-02-09 22:00:00,Zone_12,127.0,136,27.3,0,6,22,low,1
2025-02-09 23:00:00,Zone_10,71.0,62,26.4,0,6,23,high,0
2025-02-10 00:00:00,Zone_18,101.0,107,8.8,0,0,0,low,1
2025-02-10 01:00:00,Zone_18,7.0,1,21.8,1,0,1,medium,0
2025-02-10 02:00:00,Zone_04,30.0,39,8.4,1,0,2,high,0
2025-02-10 03:00:00,Zone_09,1.0,7,35.9,0,0,3,medium,0
2025-02-10 04:00:00,Zone_07,6.0,3,19.2,1,0,4,low,0
2025-02-10 05:00:00,Zone_18,5.0,1,11.1,0,0,5,low,0
2025-02-10 06:00:00,Zone_08,53.0,46,17.6,0,0,6,high,0
2025-02-10 07:00:00,Zone_11,73.0,71,23.7,0,0,7,low,0
2025-02-10 08:00:00,Zone_07,100.0,96,,0,0,8,medium,0
2025-02-10 09:00:00,Zone_09,116.0,123,32.4,1,0,9,high,0
2025-02-10 10:00:00,Zone_08,43.0,46,22.5,0,0,10,high,0
2025-02-10 11:00:00,Zone_03,16.0,6,19.3,0,0,11,medium,0
2025-02-10 12:00:00,Zone_17,117.0,116,27.5,0,0,12,low,1
2025-02-10 13:00:00,Zone_02,,36,27.3,0,0,13,medium,0
2025-02-10 14:00:00,Zone_15,22.0,29,23.0,0,0,14,low,0
2025-02-10 15:00:00,Zone_14,30.0,38,28.5,0,0,15,low,0
2025-02-10 16:00:00,Zone_18,42.0,44,17.1,0,0,16,high,0
2025-02-10 17:00:00,Zone_16,110.0,114,21.8,0,0,17,low,0
2025-02-10 18:00:00,Zone_20,98.0,107,5.7,0,0,18,low,0
2025-02-10 19:00:00,Zone_04,97.0,93,33.1,1,0,19,low,0
2025-02-10 20:00:00,Zone_20,24.0,15,18.1,0,0,20,medium,0
2025-02-10 21:00:00,Zone_06,38.0,47,33.2,0,0,21,medium,0
2025-02-10 22:00:00,Zone_06,42.0,51,,0,0,22,high,0
2025-02-10 23:00:00,Zone_11,25.0,34,24.4,0,0,23,medium,0
2025-02-11 00:00:00,Zone_17,12.0,8,22.4,0,1,0,medium,0
2025-02-11 01:00:00,Zone_03,6.0,1,17.2,0,1,1,medium,0
2025-02-11 02:00:00,Zone_13,109.0,116,25.8,0,1,2,low,1
2025-02-11 03:00:00,Zone_03,9.0,12,32.2,0,1,3,medium,0
2025-02-11 04:00:00,Zone_16,7.0,7,36.3,0,1,4,medium,0
2025-02-11 05:00:00,Zone_15,8.0,8,27.9,0,1,5,low,0
2025-02-11 06:00:00,Zone_11,36.0,35,12.3,0,1,6,low,0
2025-02-11 07:00:00,Zone_18,89.0,80,10.8,1,1,7,medium,0
2025-02-11 08:00:00,Zone_15,170.0,162,31.1,0,1,8,medium,1
2025-02-11 09:00:00,Zone_05,75.0,74,14.0,0,1,9,medium,0
2025-02-11 10:00:00,Zone_16,142.0,132,26.9,0,1,10,,1
2025-02-11 11:00:00,Zone_16,33.0,38,23.1,0,1,11,medium,0
2025-02-11 12:00:00,Zone_17,44.0,47,32.5,0,1,12,high,0
2025-02-11 13:00:00,Zone_09,43.0,41,26.1,1,1,13,medium,0
2025-02-11 14:00:00,Zone_03,28.0,24,21.8,0,1,14,medium,0
2025-02-11 15:00:00,Zone_20,17.0,13,38.5,0,1,15,low,0
2025-02-11 16:00:00,Zone_13,32.0,22,28.6,1,1,16,low,0
2025-02-11 17:00:00,Zone_03,113.0,122,26.4,0,1,17,high,0
2025-02-11 18:00:00,Zone_07,100.0,103,16.5,1,1,18,low,0
2025-02-11 19:00:00,Zone_06,224.0,221,12.8,0,1,19,low,1
2025-02-11 20:00:00,Zone_09,24.0,16,19.9,0,1,20,medium,0
2025-02-11 21:00:00,Zone_12,17.0,12,10.0,0,1,21,low,0
2025-02-11 22:00:00,Zone_15,42.0,46,19.4,0,1,22,medium,0
2025-02-11 23:00:00,Zone_20,33.0,42,28.4,1,1,23,low,0
2025-02-12 00:00:00,Zone_03,10.0,14,29.9,0,2,0,medium,0
2025-02-12 01:00:00,Zone_10,14.0,11,19.3,1,2,1,high,0
2025-02-12 02:00:00,Zone_01,1.0,9,45.0,0,2,2,medium,0
2025-02-12 03:00:00,Zone_19,18.0,12,32.2,1,2,3,medium,0
2025-02-12 04:00:00,Zone_19,98.0,100,21.8,1,2,4,medium,1
2025-02-12 05:00:00,Zone_13,20.0,11,31.1,0,2,5,high,0
2025-02-12 06:00:00,Zone_12,27.0,28,17.4,0,2,6,medium,0
2025-02-12 07:00:00,Zone_01,77.0,82,24.0,0,2,7,low,0
2025-02-12 08:00:00,Zone_19,74.0,70,19.1,0,2,8,low,0
2025-02-12 09:00:00,Zone_16,70.0,68,12.3,0,2,9,low,0
2025-02-12 10:00:00,Zone_15,37.0,38,26.3,0,2,10,low,0
2025-02-12 11:00:00,Zone_16,34.0,38,22.0,0,2,11,low,0
2025-02-12 12:00:00,Zone_11,17.0,19,22.5,0,2,12,low,0
2025-02-12 13:00:00,Zone_06,40.0,31,21.8,0,2,13,high,0
2025-02-12 14:00:00,Zone_11,39.0,36,14.8,0,2,14,medium,0
2025-02-12 15:00:00,Zone_03,39.0,47,34.7,1,2,15,low,0
2025-02-12 16:00:00,Zone_15,,29,24.0,0,2,16,medium,0
2025-02-12 17:00:00,Zone_01,73.0,67,19.9,0,2,17,medium,0
2025-02-12 18:00:00,Zone_07,93.0,101,11.5,1,2,18,medium,0
2025-02-12 19:00:00,Zone_01,102.0,92,33.2,0,2,19,medium,0
2025-02-12 20:00:00,Zone_17,29.0,26,,0,2,20,low,0
2025-02-12 21:00:00,Zone_09,,36,22.0,0,2,21,medium,0
2025-02-12 22:00:00,Zone_13,29.0,26,11.7,0,2,22,medium,0
2025-02-12 23:00:00,Zone_11,26.0,18,35.3,0,2,23,medium,0
2025-02-13 00:00:00,Zone_20,5.0,8,19.1,0,3,0,medium,0
2025-02-13 01:00:00,Zone_06,16.0,12,16.6,0,3,1,medium,0
2025-02-13 02:00:00,Zone_01,14.0,5,21.6,1,3,2,medium,0
2025-02-13 03:00:00,Zone_07,1.0,9,25.0,0,3,3,medium,0
2025-02-13 04:00:00,Zone_12,8.0,3,20.7,1,3,4,low,0
2025-02-13 05:00:00,Zone_20,121.0,114,0.0,0,3,5,medium,1
2025-02-13 06:00:00,Zone_19,46.0,55,24.0,0,3,6,high,0
2025-02-13 07:00:00,Zone_17,99.0,89,29.4,0,3,7,high,0
2025-02-13 08:00:00,Zone_04,111.0,118,14.9,0,3,8,high,0
2025-02-13 09:00:00,Zone_03,117.0,112,34.5,0,3,9,low,0
2025-02-13 10:00:00,Zone_01,41.0,40,29.0,0,3,10,low,0
2025-02-13 11:00:00,Zone_18,127.0,131,25.8,0,3,11,medium,1
2025-02-13 12:00:00,Zone_15,16.0,22,13.9,1,3,12,low,0
2025-02-13 13:00:00,Zone_08,20.0,10,,0,3,13,low,0
2025-02-13 14:00:00,Zone_01,25.0,29,24.8,0,3,14,medium,0
2025-02-13 15:00:00,Zone_20,24.0,15,21.3,0,3,15,low,0
2025-02-13 16:00:00,Zone_14,22.0,15,29.1,0,3,16,low,0
2025-02-13 17:00:00,Zone_04,209.0,206,19.1,0,3,17,high,1
2025-02-13 18:00:00,Zone_05,95.0,91,19.8,0,3,18,low,0
2025-02-13 19:00:00,Zone_13,123.0,116,16.7,0,3,19,low,0
2025-02-13 20:00:00,Zone_15,25.0,27,18.4,0,3,20,low,0
2025-02-13 21:00:00,Zone_06,56.0,65,20.8,0,3,21,high,0
2025-02-13 22:00:00,Zone_01,27.0,32,20.5,1,3,22,medium,0
2025-02-13 23:00:00,Zone_19,18.0,22,20.2,0,3,23,low,0
2025-02-14 00:00:00,Zone_13,77.0,73,29.4,0,4,0,low,1
2025-02-14 01:00:00,Zone_06,129.0,133,34.0,0,4,1,medium,1
2025-02-14 02:00:00,Zone_15,6.0,5,11.7,0,4,2,low,0
2025-02-14 03:00:00,Zone_16,113.0,111,33.8,0,4,3,high,1
2025-02-14 04:00:00,Zone_16,8.0,16,27.4,0,4,4,medium,0
2025-02-14 05:00:00,Zone_10,1.0,2,14.9,0,4,5,low,0
2025-02-14 06:00:00,Zone_09,31.0,33,19.4,0,4,6,high,0
2025-02-14 07:00:00,Zone_09,64.0,67,24.3,0,4,7,low,0
2025-02-14 08:00:00,Zone_17,90.0,80,8.8,1,4,8,low,0
2025-02-14 09:00:00,Zone_17,95.0,86,21.3,0,4,9,low,0
2025-02-14 10:00:00,Zone_17,38.0,47,26.2,1,4,10,high,0
2025-02-14 11:00:00,Zone_12,31.0,33,16.0,0,4,11,low,0
2025-02-14 12:00:00,Zone_13,23.0,15,10.2,0,4,12,medium,0
2025-02-14 13:00:00,Zone_12,20.0,12,23.6,0,4,13,low,0
2025-02-14 14:00:00,Zone_14,142.0,140,39.7,0,4,14,high,1
2025-02-14 15:00:00,Zone_10,21.0,29,16.3,0,4,15,low,0
2025-02-14 16:00:00,Zone_19,20.0,28,16.5,1,4,16,low,0
2025-02-14 17:00:00,Zone_02,109.0,99,20.4,1,4,17,medium,0
2025-02-14 18:00:00,Zone_04,,105,34.6,0,4,18,medium,0
2025-02-14 19:00:00,Zone_19,95.0,89,8.8,1,4,19,high,0
2025-02-14 20:00:00,Zone_07,28.0,28,28.2,0,4,20,low,0
2025-02-14 21:00:00,Zone_15,129.0,121,18.2,1,4,21,high,1
2025-02-14 22:00:00,Zone_15,27.0,28,18.9,0,4,22,medium,0
2025-02-14 23:00:00,Zone_06,22.0,15,13.9,1,4,23,low,0
2025-02-15 00:00:00,Zone_03,19.0,11,20.0,1,5,0,high,0
2025-02-15 01:00:00,Zone_06,97.0,99,14.1,0,5,1,medium,1
2025-02-15 02:00:00,Zone_16,84.0,75,17.7,0,5,2,medium,1
2025-02-15 03:00:00,Zone_02,16.0,20,2.3,0,5,3,high,0
2025-02-15 04:00:00,Zone_07,7.0,1,8.1,1,5,4,medium,0
2025-02-15 05:00:00,Zone_11,106.0,98,24.7,1,5,5,low,1
2025-02-15 06:00:00,Zone_07,37.0,35,32.1,0,5,6,high,0
2025-02-15 07:00:00,Zone_04,87.0,85,45.0,0,5,7,low,0
2025-02-15 08:00:00,Zone_20,164.0,173,29.4,0,5,8,medium,1
2025-02-15 09:00:00,Zone_07,66.0,64,17.9,0,5,9,low,0
2025-02-15 10:00:00,Zone_04,36.0,29,6.1,0,5,10,low,0
2025-02-15 11:00:00,Zone_12,22.0,15,26.3,0,5,11,medium,0
2025-02-15 12:00:00,Zone_05,29.0,20,10.4,1,5,12,medium,0
2025-02-15 13:00:00,Zone_19,25.0,29,15.5,0,5,13,medium,0
2025-02-15 14:00:00,Zone_05,43.0,47,29.1,0,5,14,high,0
2025-02-15 15:00:00,Zone_19,22.0,28,24.4,0,5,15,low,0
2025-02-15 16:00:00,Zone_03,32.0,31,14.6,0,5,16,medium,0
2025-02-15 17:00:00,Zone_11,109.0,102,8.3,0,5,17,high,0
2025-02-15 18:00:00,Zone_07,116.0,118,23.7,0,5,18,medium,0
2025-02-15 19:00:00,Zone_17,115.0,110,24.7,0,5,19,medium,0
2025-02-15 20:00:00,Zone_09,,43,34.0,0,5,20,medium,0
2025-02-15 21:00:00,Zone_09,14.0,19,2.1,0,5,21,medium,0
2025-02-15 22:00:00,Zone_10,77.0,86,22.9,1,5,22,medium,0
2025-02-15 23:00:00,Zone_13,69.0,60,29.3,0,5,23,low,0
2025-02-16 00:00:00,Zone_15,1.0,6,18.6,0,6,0,medium,0
2025-02-16 01:00:00,Zone_05,112.0,104,9.2,1,6,1,low,1
2025-02-16 02:00:00,Zone_03,24.0,32,14.6,0,6,2,high,0
2025-02-16 03:00:00,Zone_08,20.0,16,22.3,1,6,3,high,0
2025-02-16 04:00:00,Zone_20,1.0,1,18.1,0,6,4,low,0
2025-02-16 05:00:00,Zone_10,6.0,10,24.4,0,6,5,low,0
2025-02-16 06:00:00,Zone_13,22.0,14,32.2,0,6,6,medium,0
2025-02-16 07:00:00,Zone_03,77.0,70,18.8,0,6,7,medium,0
2025-02-16 08:00:00,Zone_08,125.0,115,31.8,0,6,8,high,0
2025-02-16 09:00:00,Zone_09,71.0,66,21.1,0,6,9,low,0
2025-02-16 10:00:00,Zone_12,23.0,15,24.7,0,6,10,low,0
2025-02-16 11:00:00,Zone_11,129.0,138,21.1,0,6,11,high,1
2025-02-16 12:00:00,Zone_02,20.0,17,24.9,0,6,12,low,0
2025-02-16 13:00:00,Zone_18,27.0,31,26.3,0,6,13,medium,0
2025-02-16 14:00:00,Zone_09,20.0,16,27.1,0,6,14,low,0
2025-02-16 15:00:00,Zone_02,59.0,55,22.0,0,6,15,high,0
2025-02-16 16:00:00,Zone_02,16.0,19,0.0,0,6,16,low,0
2025-02-16 17:00:00,Zone_03,,79,26.8,0,6,17,medium,0
2025-02-16 18:00:00,Zone_16,167.0,171,6.2,1,6,18,medium,1
2025-02-16 19:00:00,Zone_19,131.0,124,17.1,0,6,19,high,0
2025-02-16 20:00:00,Zone_04,10.0,16,2.9,0,6,20,low,0
2025-02-16 21:00:00,Zone_18,15.0,10,35.6,0,6,21,low,0
2025-02-16 22:00:00,Zone_20,182.0,184,25.3,1,6,22,low,1
2025-02-16 23:00:00,Zone_18,191.0,198,19.4,0,6,23,high,1
2025-02-17 00:00:00,Zone_10,89.0,95,33.4,1,0,0,medium,1
2025-02-17 01:00:00,Zone_11,86.0,85,26.3,0,0,1,medium,1
2025-02-17 02:00:00,Zone_17,6.0,15,23.0,0,0,2,low,0
2025-02-17 03:00:00,Zone_20,8.0,11,25.2,1,0,3,,0
2025-02-17 04:00:00,Zone_16,13.0,22,18.9,0,0,4,medium,0
2025-02-17 05:00:00,Zone_20,9.0,1,12.1,0,0,5,low,0
2025-02-17 06:00:00,Zone_13,,40,29.7,0,0,6,high,0
2025-02-17 07:00:00,Zone_02,90.0,96,21.4,1,0,7,low,0
2025-02-17 08:00:00,Zone_02,110.0,107,,0,0,8,medium,0
2025-02-17 09:00:00,Zone_14,101.0,107,26.1,0,0,9,high,0
2025-02-17 10:00:00,Zone_04,118.0,117,22.3,0,0,10,high,1
2025-02-17 11:00:00,Zone_17,117.0,112,35.6,0,0,11,medium,1
2025-02-17 12:00:00,Zone_13,132.0,128,24.1,0,0,12,low,1
2025-02-17 13:00:00,Zone_04,33.0,38,12.6,0,0,13,medium,0
2025-02-17 14:00:00,Zone_03,26.0,32,7.7,0,0,14,,0
2025-02-17 15:00:00,Zone_12,18.0,14,32.1,0,0,15,low,0
2025-02-17 16:00:00,Zone_08,29.0,24,21.5,0,0,16,medium,0
2025-02-17 17:00:00,Zone_02,122.0,122,15.1,1,0,17,high,0
2025-02-17 18:00:00,Zone_06,98.0,93,16.2,0,0,18,low,0
2025-02-17 19:00:00,Zone_10,93.0,100,32.4,0,0,19,low,0
2025-02-17 20:00:00,Zone_12,33.0,31,25.8,0,0,20,medium,0
2025-02-17 21:00:00,Zone_10,29.0,22,30.8,0,0,21,low,0
2025-02-17 22:00:00,Zone_10,33.0,31,24.0,1,0,22,,0
2025-02-17 23:00:00,Zone_03,28.0,20,15.3,0,0,23,low,0
2025-02-18 00:00:00,Zone_20,99.0,91,36.3,0,1,0,low,1
2025-02-18 01:00:00,Zone_10,13.0,16,18.9,0,1,1,medium,0
2025-02-18 02:00:00,Zone_09,34.0,27,28.4,0,1,2,high,0
2025-02-18 03:00:00,Zone_20,14.0,16,30.7,1,1,3,medium,0
2025-02-18 04:00:00,Zone_19,33.0,38,22.1,1,1,4,high,0
2025-02-18 05:00:00,Zone_14,5.0,2,13.1,0,1,5,low,0
2025-02-18 06:00:00,Zone_02,118.0,121,16.6,0,1,6,high,1
2025-02-18 07:00:00,Zone_05,194.0,188,27.4,1,1,7,medium,1
2025-02-18 08:00:00,Zone_20,110.0,102,26.3,0,1,8,high,0
2025-02-18 09:00:00,Zone_08,74.0,78,32.4,0,1,9,medium,0
2025-02-18 10:00:00,Zone_07,22.0,16,31.1,0,1,10,low,0
2025-02-18 11:00:00,Zone_06,23.0,26,14.4,0,1,11,low,0
2025-02-18 12:00:00,Zone_11,26.0,23,33.5,1,1,12,medium,0
2025-02-18 13:00:00,Zone_12,34.0,34,13.8,0,1,13,low,0
2025-02-18 14:00:00,Zone_18,39.0,29,26.8,0,1,14,high,0
2025-02-18 15:00:00,Zone_19,20.0,28,41.4,1,1,15,low,0
2025-02-18 16:00:00,Zone_10,19.0,10,24.5,0,1,16,low,0
2025-02-18 17:00:00,Zone_14,87.0,79,7.8,0,1,17,low,0
2025-02-18 18:00:00,Zone_03,154.0,160,19.4,0,1,18,low,1
2025-02-18 19:00:00,Zone_18,115.0,111,39.4,1,1,19,medium,0
2025-02-18 20:00:00,Zone_15,36.0,36,20.3,0,1,20,medium,0
2025-02-18 21:00:00,Zone_06,,44,32.6,0,1,21,high,0
2025-02-18 22:00:00,Zone_10,28.0,35,14.3,0,1,22,low,0
2025-02-18 23:00:00,Zone_12,109.0,117,19.2,0,1,23,high,1
2025-02-19 00:00:00,Zone_07,113.0,122,20.3,0,2,0,low,1
2025-02-19 01:00:00,Zone_17,23.0,22,37.6,0,2,1,high,0
2025-02-19 02:00:00,Zone_01,1.0,2,19.6,1,2,2,low,0
2025-02-19 03:00:00,Zone_18,1.0,4,6.9,1,2,3,medium,0
2025-02-19 04:00:00,Zone_15,1.0,1,41.1,1,2,4,medium,0
2025-02-19 05:00:00,Zone_19,8.0,4,23.8,1,2,5,medium,0
2025-02-19 06:00:00,Zone_01,18.0,20,27.2,1,2,6,low,0
2025-02-19 07:00:00,Zone_05,100.0,102,9.1,0,2,7,medium,0
2025-02-19 08:00:00,Zone_15,211.0,207,24.1,1,2,8,low,1
2025-02-19 09:00:00,Zone_03,88.0,90,22.2,0,2,9,medium,0
2025-02-19 10:00:00,Zone_01,77.0,75,14.3,0,2,10,medium,1
2025-02-19 11:00:00,Zone_08,18.0,13,27.3,0,2,11,medium,0
2025-02-19 12:00:00,Zone_12,45.0,35,8.3,0,2,12,high,0
2025-02-19 13:00:00,Zone_19,21.0,29,14.2,0,2,13,low,0
2025-02-19 14:00:00,Zone_12,10.0,16,31.7,0,2,14,low,0
2025-02-19 15:00:00,Zone_13,19.0,10,16.2,0,2,15,low,0
2025-02-19 16:00:00,Zone_01,44.0,52,18.1,0,2,16,medium,0
2025-02-19 17:00:00,Zone_19,111.0,111,22.7,0,2,17,high,0
2025-02-19 18:00:00,Zone_06,118.0,111,19.0,0,2,18,high,0
2025-02-19 19:00:00,Zone_08,105.0,96,27.5,0,2,19,high,0
2025-02-19 20:00:00,Zone_04,40.0,32,23.4,0,2,20,high,0
2025-02-19 21:00:00,Zone_05,42.0,48,9.9,0,2,21,high,0
2025-02-19 22:00:00,Zone_07,20.0,22,16.1,0,2,22,medium,0
2025-02-19 23:00:00,Zone_04,53.0,59,15.3,0,2,23,high,0
2025-02-20 00:00:00,Zone_20,,14,18.3,0,3,0,high,0
2025-02-20 01:00:00,Zone_04,86.0,95,22.9,0,3,1,low,1
2025-02-20 02:00:00,Zone_15,62.0,62,24.5,1,3,2,low,1
2025-02-20 03:00:00,Zone_05,70.0,69,3.1,0,3,3,low,1
2025-02-20 04:00:00,Zone_09,23.0,28,30.2,0,3,4,high,0
2025-02-20 05:00:00,Zone_02,127.0,127,21.3,1,3,5,medium,1
2025-02-20 06:00:00,Zone_07,27.0,20,13.0,0,3,6,low,0
2025-02-20 07:00:00,Zone_17,110.0,118,29.6,1,3,7,medium,0
2025-02-20 08:00:00,Zone_16,95.0,87,5.2,0,3,8,low,0
2025-02-20 09:00:00,Zone_17,102.0,106,9.4,0,3,9,high,0
2025-02-20 10:00:00,Zone_20,35.0,39,,0,3,10,high,0
2025-02-20 11:00:00,Zone_02,159.0,162,23.2,0,3,11,high,1
2025-02-20 12:00:00,Zone_11,110.0,117,16.1,0,3,12,low,1
2025-02-20 13:00:00,Zone_02,51.0,50,22.9,0,3,13,high,0
2025-02-20 14:00:00,Zone_01,20.0,14,20.5,0,3,14,low,0
2025-02-20 15:00:00,Zone_02,35.0,30,22.3,0,3,15,medium,0
